0,1,2,3,4,5,6,7,8,9,10,,
Місяць,Дата,#wd,"День
тижня",Мінейні Святі,Формулювання для відпусту,"Окремий
святковий
відпуст?","Фаза
свята","Текст 
для 
заміни","Формулю-
вання 
свята","Текст відпусту, Літургія","Текст відпусту, ВУ",
Січень,01.01,4,чт,"🕀 Обрізання Господа Бога і Спаса нашого Ісуса Христа Св. Василія Великого, архиєп. Кесарії Каппадокійської",,так,свято,,,#N/A,#N/A,#N/A
Січень,02.01,5,пт,"Передсвяття Богоявлення Св. Сильвестра, папи Римського","святого Сильвестра, папи Римського",ні,,,,"Священник: Христос, істинний Бог наш - молитвами пречистої Своєї Матері, силою чесного і животворчого хреста, заступництвом святих славних і всехвальних апостолів, святого отця нашого Івана Золотоустого, архиєпископа Константинополя, і святого, якого є храм, і святого Сильвестра, папи Римського, і всіх святих - помилує і спасе нас як благий і людинолюбний.","Священник: Христос, істинний Бог наш - молитвами пречистої Своєї Матері, силою чесного і животворчого хреста, заступництвом святих славних і всехвальних апостолів, і святого, якого є храм, і святого Сильвестра, папи Римського, і всіх святих - помилує і спасе нас як благий і людинолюбний.",
Січень,03.01,6,сб,Передсвяття Богоявлення Св. прор. Малахії Св. мч. Гордія,"святого пророка Малахії, святого мученика Гордія",ні,,,,"Священник: Христос, істинний Бог наш - молитвами пречистої Своєї Матері, силою чесного і животворчого Хреста, заступництвом чесних небесних сил безтілесних, чесного і славного пророка, предтечі і хрестителя Івана, святих славних і всехвальних апостолів, святого отця нашого Миколая, архиєпископа Мир Ликійських, чудотворця, святих славних і переможних мучеників, преподобних і богоносних отців наших, святого отця нашого Івана Золотоустого, архиєпископа Константинополя, святих і праведних богоотців Йоакима й Анни, і святого, якого є храм, і святого пророка Малахії, святого мученика Гордія, і всіх святих - помилує і спасе нас як благий і людинолюбний.","Священник: Христос, істинний Бог наш - молитвами пречистої Своєї Матері, силою чесного і животворчого Хреста, заступництвом чесних небесних сил безтілесних, чесного і славного пророка, предтечі і хрестителя Івана, святих славних і всехвальних апостолів, святого отця нашого Миколая, архиєпископа Мир Ликійських, чудотворця, святих славних і переможних мучеників, преподобних і богоносних отців наших, святих і праведних богоотців Йоакима й Анни, і святого, якого є храм, і святого пророка Малахії, святого мученика Гордія, і всіх святих - помилує і спасе нас як благий і людинолюбний.",
Січень,04.01,7,нд,"Субота перед Богоявленням Передсвяття Богоявлення Собор свв. сімдесяти апп. Прп. Теоктиста, ігум., що в Кукумі Сікелійській","собор святих сімдесяти апостолів, преподобного отця нашого Теоктиста, ігумена, що в Кукумі Сікелійській",ні,,,,"Священник: Христос, що воскрес із мертвих, істинний Бог наш - молитвами пречистої Своєї Матері, святих славних і всехвальних апостолів, святого отця нашого Івана Золотоустого, архиєпископа Константинополя, і святого, якого є храм, і собор святих сімдесяти апостолів, преподобного отця нашого Теоктиста, ігумена, що в Кукумі Сікелійській, і всіх святих - помилує і спасе нас як благий і людинолюбний.","Священник: Христос, що воскрес із мертвих, істинний Бог наш - молитвами пречистої Своєї Матері, святих славних і всехвальних апостолів, і святого, якого є храм, і собор святих сімдесяти апостолів, преподобного отця нашого Теоктиста, ігумена, що в Кукумі Сікелійській, і всіх святих - помилує і спасе нас як благий і людинолюбний.",
Січень,05.01,1,пн,Неділя перед Богоявленням Навечір’я Богоявлення Свв. мчч. Теопемпта й Теони Прп. Синклитікії Олександрійської,"святих мучеників Теопемпта й Теони, преподобної Синклитікії Олександрійської",ні,,,,"Священник: Христос, істинний Бог наш - молитвами пречистої Своєї Матері, заступництвом чесних небесних сил безтілесних, святих славних і всехвальних апостолів, святого отця нашого Івана Золотоустого, архиєпископа Константинополя, і святого, якого є храм, і святих мучеників Теопемпта й Теони, преподобної Синклитікії Олександрійської, і всіх святих - помилує і спасе нас як благий і людинолюбний.","Священник: Христос, істинний Бог наш - молитвами пречистої Своєї Матері, заступництвом чесних небесних сил безтілесних, святих славних і всехвальних апостолів, і святого, якого є храм, і святих мучеників Теопемпта й Теони, преподобної Синклитікії Олександрійської, і всіх святих - помилує і спасе нас як благий і людинолюбний.",
Січень,06.01,2,вв,🕀 Святе Богоявлення Господа Бога і Спаса нашого Ісуса Христа,,так,свято,,,#N/A,#N/A,#N/A
Січень,07.01,3,ср,"🕃 Собор св. славн. прор., предтечі і хрестителя Господнього Івана","святого славного пророка, предтечі і хрестителя Господнього Івана, що його собору сьогодні пам'ять звершуємо",так,посвяття,"істинний Бог наш,","істинний Бог наш, що в Йордані христитися зволив від Йоана спасіння нашого ради,",#N/A,#N/A,#N/A
Січень,08.01,4,чт,"Прп. Юрія Хозевіта Св. Еміліяна, ісп. Прп. Домніки","преподобного отця нашого Юрія Хозевіта, святого Еміліяна, ісповідника, преподобної матері нашої Домніки",так,посвяття,"істинний Бог наш,","істинний Бог наш, що в Йордані христитися зволив від Йоана спасіння нашого ради,",#N/A,#N/A,#N/A
Січень,09.01,5,пт,Св. мч. Полієвкта,святого мученика Полієвкта,так,посвяття,"істинний Бог наш,","істинний Бог наш, що в Йордані христитися зволив від Йоана спасіння нашого ради,",#N/A,#N/A,#N/A
Січень,10.01,6,сб,"Св. Григорія, єп. Ниського Прп. Дометіяна, єп. Мелітинського Прп. Маркіяна, пресвіт. й економа Великої Церкви","святого отця нашого Григорія, єпископа Ниського, преподобного Дометіяна, єпископа Мелітинського, преподобного Маркіяна, пресвітера й економа Великої Церкви",так,посвяття,"істинний Бог наш,","істинний Бог наш, що в Йордані христитися зволив від Йоана спасіння нашого ради,",#N/A,#N/A,#N/A
Січень,11.01,7,нд,"Субота по Богоявленні 🕂 Прп. Теодосія, спільного життя засновника","преподобного отця нашого Теодосія, спільного життя засновника",так,посвяття,"істинний Бог наш,","істинний Бог наш, що в Йордані христитися зволив від Йоана спасіння нашого ради,",#N/A,#N/A,#N/A
Січень,12.01,1,пн,Неділя по Богоявленні Св. мц. Тетяни,святої мучениці Тетяни,так,посвяття,"істинний Бог наш,","істинний Бог наш, що в Йордані христитися зволив від Йоана спасіння нашого ради,",#N/A,#N/A,#N/A
Січень,13.01,2,вв,Свв. мчч. Єрмила і Стратоніка,святих мучеників Єрмила і Стратоніка,так,посвяття,"істинний Бог наш,","істинний Бог наш, що в Йордані христитися зволив від Йоана спасіння нашого ради,",#N/A,#N/A,#N/A
Січень,14.01,3,ср,"Прпп., у Синаї і Раїті повбиваних Пам’ять переставл. св. рівноап. Ніни, просвітительки Грузії Віддання Богоявлення</i>","преподобних отців наших, у Синаї і Раїті повбиваних, святої рівноапостольної Ніни, просвітительки Грузії",так,віддання,"істинний Бог наш,","істинний Бог наш, що в Йордані христитися зволив від Йоана спасіння нашого ради,",#N/A,#N/A,
Січень,15.01,4,чт,🕃 Прпп. Павла Тивейського та Івана Кущника,преподобних отців наших Павла Тивейського та Івана Кущника,ні,,,,"Священник: Христос, істинний Бог наш - молитвами пречистої Своєї Матері, святих славних і всехвальних апостолів, святого отця нашого Миколая, архиєпископа Мир Ликійських, чудотворця, святого отця нашого Івана Золотоустого, архиєпископа Константинополя, і святого, якого є храм, і преподобних отців наших Павла Тивейського та Івана Кущника, і всіх святих - помилує і спасе нас як благий і людинолюбний.","Священник: Христос, істинний Бог наш - молитвами пречистої Своєї Матері, святих славних і всехвальних апостолів, святого отця нашого Миколая, архиєпископа Мир Ликійських, чудотворця, і святого, якого є храм, і преподобних отців наших Павла Тивейського та Івана Кущника, і всіх святих - помилує і спасе нас як благий і людинолюбний.",
Січень,16.01,5,пт,🕃 Поклін чесним оковам св. і всехв. ап. Петра,"святого і всехвального апостола Петра, що його чесним оковам сьогодні поклін звершуємо",ні,,,,"Священник: Христос, істинний Бог наш - молитвами пречистої Своєї Матері, силою чесного і животворчого хреста, заступництвом святих славних і всехвальних апостолів, святого отця нашого Івана Золотоустого, архиєпископа Константинополя, і святого, якого є храм, і святого і всехвального апостола Петра, що його чесним оковам сьогодні поклін звершуємо, і всіх святих - помилує і спасе нас як благий і людинолюбний.","Священник: Христос, істинний Бог наш - молитвами пречистої Своєї Матері, силою чесного і животворчого хреста, заступництвом святих славних і всехвальних апостолів, і святого, якого є храм, і святого і всехвального апостола Петра, що його чесним оковам сьогодні поклін звершуємо, і всіх святих - помилує і спасе нас як благий і людинолюбний.",
Січень,17.01,6,сб,🕂 Прп. й богоносного Антонія Великого,"преподобного й богоносного отця нашого Антонія Великого, якого сьогодні пам'ять світло звершуємо",так,свято,,,#N/A,#N/A,#N/A
Січень,18.01,7,нд,🕃 Свв. і архиєпп. Олександрійських Атанасія й Кирила,святих отців наших і архиєпископів Олександрійських Атанасія й Кирила,ні,,,,"Священник: Христос, що воскрес із мертвих, істинний Бог наш - молитвами пречистої Своєї Матері, святих славних і всехвальних апостолів, святого отця нашого Івана Золотоустого, архиєпископа Константинополя, і святого, якого є храм, і святих отців наших і архиєпископів Олександрійських Атанасія й Кирила, і всіх святих - помилує і спасе нас як благий і людинолюбний.","Священник: Христос, що воскрес із мертвих, істинний Бог наш - молитвами пречистої Своєї Матері, святих славних і всехвальних апостолів, і святого, якого є храм, і святих отців наших і архиєпископів Олександрійських Атанасія й Кирила, і всіх святих - помилує і спасе нас як благий і людинолюбний.",
Січень,19.01,1,пн,Неділя 30-та по Зісланні Святого Духа. 🕃 Прп. Макарія Єгипетського,преподобного отця нашого Макарія Єгипетського,ні,,,,"Священник: Христос, істинний Бог наш - молитвами пречистої Своєї Матері, заступництвом чесних небесних сил безтілесних, святих славних і всехвальних апостолів, святого отця нашого Івана Золотоустого, архиєпископа Константинополя, і святого, якого є храм, і преподобного отця нашого Макарія Єгипетського, і всіх святих - помилує і спасе нас як благий і людинолюбний.","Священник: Христос, істинний Бог наш - молитвами пречистої Своєї Матері, заступництвом чесних небесних сил безтілесних, святих славних і всехвальних апостолів, і святого, якого є храм, і преподобного отця нашого Макарія Єгипетського, і всіх святих - помилує і спасе нас як благий і людинолюбний.",
Січень,20.01,2,вв,🕂 Прп. й богоносного Євтимія Великого,"прeподобного й богоносного отця нашого Євтимія Великого, якого сьогодні пам'ять світло звершуємо",так,свято,,,#N/A,#N/A,#N/A
Січень,21.01,3,ср,"Прп. Максима Ісповідника Св. мч. Неофіта Свв. мчч. Євгенія, Кандида, Валеріяна й Акили","преподобного отця нашого Максима Ісповідника, святого мученика Неофіта, святих мучеників Євгенія, Кандида, Валеріяна й Акили",ні,,,,"Священник: Христос, істинний Бог наш - молитвами пречистої Своєї Матері, силою чесного і животворчого хреста, заступництвом святих славних і всехвальних апостолів, святого отця нашого Івана Золотоустого, архиєпископа Константинополя, і святого, якого є храм, і преподобного отця нашого Максима Ісповідника, святого мученика Неофіта, святих мучеників Євгенія, Кандида, Валеріяна й Акили, і всіх святих - помилує і спасе нас як благий і людинолюбний.","Священник: Христос, істинний Бог наш - молитвами пречистої Своєї Матері, силою чесного і животворчого хреста, заступництвом святих славних і всехвальних апостолів, і святого, якого є храм, і преподобного отця нашого Максима Ісповідника, святого мученика Неофіта, святих мучеників Євгенія, Кандида, Валеріяна й Акили, і всіх святих - помилує і спасе нас як благий і людинолюбний.",
Січень,22.01,4,чт,Св. ап. Тимотея Св. прпмч. Анастасія Перського,"святого апостола Тимотея, святого преподобномученика Анастасія Перського",ні,,,,"Священник: Христос, істинний Бог наш - молитвами пречистої Своєї Матері, святих славних і всехвальних апостолів, святого отця нашого Миколая, архиєпископа Мир Ликійських, чудотворця, святого отця нашого Івана Золотоустого, архиєпископа Константинополя, і святого, якого є храм, і святого апостола Тимотея, святого преподобномученика Анастасія Перського, і всіх святих - помилує і спасе нас як благий і людинолюбний.","Священник: Христос, істинний Бог наш - молитвами пречистої Своєї Матері, святих славних і всехвальних апостолів, святого отця нашого Миколая, архиєпископа Мир Ликійських, чудотворця, і святого, якого є храм, і святого апостола Тимотея, святого преподобномученика Анастасія Перського, і всіх святих - помилує і спасе нас як благий і людинолюбний.",
Січень,23.01,5,пт,"Блаж. Пратулинських мчч. Св. сщмч. Климента, єп. Анкирського Св. мч. Агатангела","блаженних Пратулинських мучеників: Вінкентія, Микити, Івана, Константина, Михаїла, Онуфрія, Филипа, Максима, Даниїла, Константина, Вартоломея, Луки й Ігнатія, святого священномученика Климента, єпископа Анкирського, святого мученика Агатангела",ні,,,,"Священник: Христос, істинний Бог наш - молитвами пречистої Своєї Матері, силою чесного і животворчого хреста, заступництвом святих славних і всехвальних апостолів, святого отця нашого Івана Золотоустого, архиєпископа Константинополя, і святого, якого є храм, і блаженних Пратулинських мучеників: Вінкентія, Микити, Івана, Константина, Михаїла, Онуфрія, Филипа, Максима, Даниїла, Константина, Вартоломея, Луки й Ігнатія, святого священномученика Климента, єпископа Анкирського, святого мученика Агатангела, і всіх святих - помилує і спасе нас як благий і людинолюбний.","Священник: Христос, істинний Бог наш - молитвами пречистої Своєї Матері, силою чесного і животворчого хреста, заступництвом святих славних і всехвальних апостолів, і святого, якого є храм, і блаженних Пратулинських мучеників: Вінкентія, Микити, Івана, Константина, Михаїла, Онуфрія, Филипа, Максима, Даниїла, Константина, Вартоломея, Луки й Ігнатія, святого священномученика Климента, єпископа Анкирського, святого мученика Агатангела, і всіх святих - помилує і спасе нас як благий і людинолюбний.",
Січень,24.01,6,сб,Прп. Ксенії Римлянки,преподобної матері нашої Ксенії Римлянки,ні,,,,"Священник: Христос, істинний Бог наш - молитвами пречистої Своєї Матері, силою чесного і животворчого Хреста, заступництвом чесних небесних сил безтілесних, чесного і славного пророка, предтечі і хрестителя Івана, святих славних і всехвальних апостолів, святого отця нашого Миколая, архиєпископа Мир Ликійських, чудотворця, святих славних і переможних мучеників, преподобних і богоносних отців наших, святого отця нашого Івана Золотоустого, архиєпископа Константинополя, святих і праведних богоотців Йоакима й Анни, і святого, якого є храм, і преподобної матері нашої Ксенії Римлянки, і всіх святих - помилує і спасе нас як благий і людинолюбний.","Священник: Христос, істинний Бог наш - молитвами пречистої Своєї Матері, силою чесного і животворчого Хреста, заступництвом чесних небесних сил безтілесних, чесного і славного пророка, предтечі і хрестителя Івана, святих славних і всехвальних апостолів, святого отця нашого Миколая, архиєпископа Мир Ликійських, чудотворця, святих славних і переможних мучеників, преподобних і богоносних отців наших, святих і праведних богоотців Йоакима й Анни, і святого, якого є храм, і преподобної матері нашої Ксенії Римлянки, і всіх святих - помилує і спасе нас як благий і людинолюбний.",
Січень,25.01,7,нд,"🕂 Св. Григорія Богослова, архиєп. Царгородського","святого отця нашого Григорія Богослова, архиєпископа Царгородського, якого сьогодні пам'ять світло звершуємо",так,свято,,,#VALUE!,#VALUE!,#N/A
Січень,26.01,1,пн,"Неділя 31-ша по Зісланні Святого Духа. Прп. Ксенофонта, дружини його Марії","преподобного отця нашого Ксенофонта, дружини його Марії",ні,,,,"Священник: Христос, істинний Бог наш - молитвами пречистої Своєї Матері, заступництвом чесних небесних сил безтілесних, святих славних і всехвальних апостолів, святого отця нашого Івана Золотоустого, архиєпископа Константинополя, і святого, якого є храм, і преподобного отця нашого Ксенофонта, дружини його Марії, і всіх святих - помилує і спасе нас як благий і людинолюбний.","Священник: Христос, істинний Бог наш - молитвами пречистої Своєї Матері, заступництвом чесних небесних сил безтілесних, святих славних і всехвальних апостолів, і святого, якого є храм, і преподобного отця нашого Ксенофонта, дружини його Марії, і всіх святих - помилує і спасе нас як благий і людинолюбний.",
Січень,27.01,2,вв,🕂 Перенесення чесних мощів св. Івана Золотоустого,,так,свято,,,#N/A,"Священник: Христос, істинний Бог наш - молитвами пречистої Своєї Матері, святих славних і всехвальних апостолів, святого отця нашого Івана Золотоустого, архиєпископа Константинополя, що його чесних мощів перенесення сьогодні пам'ять звершуємо, і святого, якого є храм, і всіх святих - помилує і спасе нас як благий і людинолюбний.",#N/A
Січень,28.01,3,ср,🕃 Прп. Єфрема Сирійця,преподобного отця нашого Єфрема Сирійця,ні,,,,"Священник: Христос, істинний Бог наш - молитвами пречистої Своєї Матері, силою чесного і животворчого хреста, заступництвом святих славних і всехвальних апостолів, святого отця нашого Івана Золотоустого, архиєпископа Константинополя, і святого, якого є храм, і преподобного отця нашого Єфрема Сирійця, і всіх святих - помилує і спасе нас як благий і людинолюбний.","Священник: Христос, істинний Бог наш - молитвами пречистої Своєї Матері, силою чесного і животворчого хреста, заступництвом святих славних і всехвальних апостолів, і святого, якого є храм, і преподобного отця нашого Єфрема Сирійця, і всіх святих - помилує і спасе нас як благий і людинолюбний.",
Січень,29.01,4,чт,🕃 Перенесення мощів св. сщмч. Ігнатія Богоносця,"святого священномученика Ігнатія Богоносця, що його мощів перенесення сьогодні пам'ять звершуємо",ні,,,,"Священник: Христос, істинний Бог наш - молитвами пречистої Своєї Матері, святих славних і всехвальних апостолів, святого отця нашого Миколая, архиєпископа Мир Ликійських, чудотворця, святого отця нашого Івана Золотоустого, архиєпископа Константинополя, і святого, якого є храм, і святого священномученика Ігнатія Богоносця, що його мощів перенесення сьогодні пам'ять звершуємо, і всіх святих - помилує і спасе нас як благий і людинолюбний.","Священник: Христос, істинний Бог наш - молитвами пречистої Своєї Матері, святих славних і всехвальних апостолів, святого отця нашого Миколая, архиєпископа Мир Ликійських, чудотворця, і святого, якого є храм, і святого священномученика Ігнатія Богоносця, що його мощів перенесення сьогодні пам'ять звершуємо, і всіх святих - помилує і спасе нас як благий і людинолюбний.",
Січень,30.01,5,пт,"🕁 Свв. трьох святителів, великих архиєреїв: Василія Великого, Григорія Богослова та Івана Золотоустого Св. сщмч. Іполита","святих трьох святителів, великих архиєреїв: Василія Великого, Григорія Богослова та Івана Золотоустого, яких сьогодні пам'ять світло звершуємо, святого священномученика Іполита",так,свято,,,#N/A,#N/A,#N/A
Січень,31.01,6,сб,🕃 Свв. чудотв. і безср. Кира й Івана Прп. Івана Боско,"святих чудотворців і безсрібників Кира й Івана, преподобного отця нашого Івана Боско",ні,,,,"Священник: Христос, істинний Бог наш - молитвами пречистої Своєї Матері, силою чесного і животворчого Хреста, заступництвом чесних небесних сил безтілесних, чесного і славного пророка, предтечі і хрестителя Івана, святих славних і всехвальних апостолів, святого отця нашого Миколая, архиєпископа Мир Ликійських, чудотворця, святих славних і переможних мучеників, преподобних і богоносних отців наших, святого отця нашого Івана Золотоустого, архиєпископа Константинополя, святих і праведних богоотців Йоакима й Анни, і святого, якого є храм, і святих чудотворців і безсрібників Кира й Івана, преподобного отця нашого Івана Боско, і всіх святих - помилує і спасе нас як благий і людинолюбний.","Священник: Христос, істинний Бог наш - молитвами пречистої Своєї Матері, силою чесного і животворчого Хреста, заступництвом чесних небесних сил безтілесних, чесного і славного пророка, предтечі і хрестителя Івана, святих славних і всехвальних апостолів, святого отця нашого Миколая, архиєпископа Мир Ликійських, чудотворця, святих славних і переможних мучеників, преподобних і богоносних отців наших, святих і праведних богоотців Йоакима й Анни, і святого, якого є храм, і святих чудотворців і безсрібників Кира й Івана, преподобного отця нашого Івана Боско, і всіх святих - помилує і спасе нас як благий і людинолюбний.",
Лютий,01.02,7,нд,Неділя про блудного сина 🕃 Передсвяття Стрітення Господа Бога і Спаса нашого Ісуса Христа Св. мч. Трифона,святого мученика Трифона,ні,,,,"Священник: Христос, що воскрес із мертвих, істинний Бог наш - молитвами пречистої Своєї Матері, святих славних і всехвальних апостолів, святого отця нашого Івана Золотоустого, архиєпископа Константинополя, і святого, якого є храм, і святого мученика Трифона, і всіх святих - помилує і спасе нас як благий і людинолюбний.","Священник: Христос, що воскрес із мертвих, істинний Бог наш - молитвами пречистої Своєї Матері, святих славних і всехвальних апостолів, і святого, якого є храм, і святого мученика Трифона, і всіх святих - помилує і спасе нас як благий і людинолюбний.",
Лютий,02.02,1,пн,Тиждень м'ясопусний 🕀 Стрітення Господа Бога і Спаса нашого Ісуса Христа,,так,свято,,,"Священник: Христос, істинний Бог наш, що зволив спочити в обіймах праведного Симеона спасіння нашого ради - молитвами пречистої Своєї Матері, святих, славних і всехвальних апостолів, святого отця нашого Івана Золотоустого, архиєпископа Константинополя, і святого, якого є храм, і всіх святих - помилує і спасе нас як благий і людинолюбний.","Священник: Христос, істинний Бог наш, що зволив спочити в обіймах праведного Симеона спасіння нашого ради - молитвами пречистої Своєї Матері, святих, славних і всехвальних апостолів, і святого, якого є храм, і всіх святих - помилує і спасе нас як благий і людинолюбний.","Христос, істинний Бог наш, що зволив спочити в обіймах праведного Симеона спасіння нашого ради - молитвами пречистої Своєї Матері, святих, славних і всехвальних апостолів, святого отця нашого Івана Золотоустого, архиєпископа Константинополя, і святого, якого є храм,"
Лютий,03.02,2,вв,"🕃 Св. і прав. Симеона Богоприємця і Анни, пророчиці","святого і праведного Симеона Богоприємця і Анни, пророчиці",так,посвяття,"істинний Бог наш,","істинний Бог наш, що зволив спочити в обіймах праведного Симеона спасіння нашого ради,","Священник: Христос, істинний Бог наш, що зволив спочити в обіймах праведного Симеона спасіння нашого ради - молитвами пречистої Своєї Матері, святих, славних і всехвальних апостолів, святого отця нашого Івана Золотоустого, архиєпископа Константинополя, і святого, якого є храм, і святого і праведного Симеона Богоприємця і Анни, пророчиці, і всіх святих - помилує і спасе нас як благий і людинолюбний.","Священник: Христос, істинний Бог наш, що зволив спочити в обіймах праведного Симеона спасіння нашого ради - молитвами пречистої Своєї Матері, святих, славних і всехвальних апостолів, і святого, якого є храм, і святого і праведного Симеона Богоприємця і Анни, пророчиці, і всіх святих - помилує і спасе нас як благий і людинолюбний.","Христос, істинний Бог наш, що зволив спочити в обіймах праведного Симеона спасіння нашого ради - молитвами пречистої Своєї Матері, святих, славних і всехвальних апостолів, святого отця нашого Івана Золотоустого, архиєпископа Константинополя, і святого, якого є храм, "
Лютий,04.02,3,ср,Прп. Ісидора Пилусіотського,преподобного отця нашого Ісидора Пилусіотського,так,посвяття,"істинний Бог наш,","істинний Бог наш, що зволив спочити в обіймах праведного Симеона спасіння нашого ради,","Священник: Христос, істинний Бог наш, що зволив спочити в обіймах праведного Симеона спасіння нашого ради - молитвами пречистої Своєї Матері, святих, славних і всехвальних апостолів, святого отця нашого Івана Золотоустого, архиєпископа Константинополя, і святого, якого є храм, і преподобного отця нашого Ісидора Пилусіотського, і всіх святих - помилує і спасе нас як благий і людинолюбний.","Священник: Христос, істинний Бог наш, що зволив спочити в обіймах праведного Симеона спасіння нашого ради - молитвами пречистої Своєї Матері, святих, славних і всехвальних апостолів, і святого, якого є храм, і преподобного отця нашого Ісидора Пилусіотського, і всіх святих - помилує і спасе нас як благий і людинолюбний.","Христос, істинний Бог наш, що зволив спочити в обіймах праведного Симеона спасіння нашого ради - молитвами пречистої Своєї Матері, святих, славних і всехвальних апостолів, святого отця нашого Івана Золотоустого, архиєпископа Константинополя, і святого, якого є храм, "
Лютий,05.02,4,чт,Св. мц. Агафії,святої мучениці Агафії,так,посвяття,"істинний Бог наш,","істинний Бог наш, що зволив спочити в обіймах праведного Симеона спасіння нашого ради,","Священник: Христос, істинний Бог наш, що зволив спочити в обіймах праведного Симеона спасіння нашого ради - молитвами пречистої Своєї Матері, святих, славних і всехвальних апостолів, святого отця нашого Івана Золотоустого, архиєпископа Константинополя, і святого, якого є храм, і святої мучениці Агафії, і всіх святих - помилує і спасе нас як благий і людинолюбний.","Священник: Христос, істинний Бог наш, що зволив спочити в обіймах праведного Симеона спасіння нашого ради - молитвами пречистої Своєї Матері, святих, славних і всехвальних апостолів, і святого, якого є храм, і святої мучениці Агафії, і всіх святих - помилує і спасе нас як благий і людинолюбний.","Христос, істинний Бог наш, що зволив спочити в обіймах праведного Симеона спасіння нашого ради - молитвами пречистої Своєї Матері, святих, славних і всехвальних апостолів, святого отця нашого Івана Золотоустого, архиєпископа Константинополя, і святого, якого є храм, "
Лютий,06.02,5,пт,"Прп. Вукола, єп. Смирнського Св. сщмч. Сілвана, єп. Ємеського, і тих, що з ним","преподобного отця нашого Вукола, єпископа Смирнського, святого священномученика Сілвана, єпископа Ємеського, і тих, що з ним",так,віддання,,,"Священник: Христос, істинний Бог наш, що зволив спочити в обіймах праведного Симеона спасіння нашого ради - молитвами пречистої Своєї Матері, святих, славних і всехвальних апостолів, святого отця нашого Івана Золотоустого, архиєпископа Константинополя, і святого, якого є храм, і преподобного отця нашого Вукола, єпископа Смирнського, святого священномученика Сілвана, єпископа Ємеського, і тих, що з ним, і всіх святих - помилує і спасе нас як благий і людинолюбний.","Священник: Христос, істинний Бог наш, що зволив спочити в обіймах праведного Симеона спасіння нашого ради - молитвами пречистої Своєї Матері, святих, славних і всехвальних апостолів, і святого, якого є храм, і преподобного отця нашого Вукола, єпископа Смирнського, святого священномученика Сілвана, єпископа Ємеського, і тих, що з ним, і всіх святих - помилує і спасе нас як благий і людинолюбний.",
Лютий,07.02,6,сб,"Субота заупокійна Прп. Партенія, єп. Лампсакійського Блаж. сщмч. Петра Вергуна, пресвіт.","преподобного отця нашого Партенія, єпископа Лампсакійського, блаженного священномученика Петра Вергуна, пресвітера",ні,,,,"Священник: Христос, істинний Бог наш, що живими і мертвими володіє - молитвами пречистої Cвоєї Матері, святих славних і всехвальних апостолів, святого отця нашого Івана Золотоустого, архиєпископа Константинополя, преподобних і богоносних отців наших, і святого, якого є храм, і преподобного отця нашого Партенія, єпископа Лампсакійського, блаженного священномученика Петра Вергуна, пресвітера, і всіх святих - помилує і спасе нас як благий і людинолюбний.","Священник: Христос, істинний Бог наш, що живими і мертвими володіє - молитвами пречистої Cвоєї Матері, святих славних і всехвальних апостолів, преподобних і богоносних отців наших, і святого, якого є храм, і преподобного отця нашого Партенія, єпископа Лампсакійського, блаженного священномученика Петра Вергуна, пресвітера, і всіх святих - помилує і спасе нас як благий і людинолюбний.",
Лютий,08.02,7,нд,"Неділя м'ясопусна, про Сташний суд 🕃 Св. вмч. Теодора Стратилата Св. прор. Захарії Серповидця Віддання Стрітення</i>","святого великомученика Теодора Стратилата, святого пророка Захарії Серповидця",ні,,,,"Священник: Христос, що воскрес із мертвих, істинний Бог наш - молитвами пречистої Своєї Матері, святих славних і всехвальних апостолів, святого отця нашого Івана Золотоустого, архиєпископа Константинополя, і святого, якого є храм, і святого великомученика Теодора Стратилата, святого пророка Захарії Серповидця, і всіх святих - помилує і спасе нас як благий і людинолюбний.","Священник: Христос, що воскрес із мертвих, істинний Бог наш - молитвами пречистої Своєї Матері, святих славних і всехвальних апостолів, і святого, якого є храм, і святого великомученика Теодора Стратилата, святого пророка Захарії Серповидця, і всіх святих - помилує і спасе нас як благий і людинолюбний.",
Лютий,09.02,1,пн,Тиждень сиропусний Св. мч. Никифора,святого мученика Никифора,ні,,,,"Священник: Христос, істинний Бог наш - молитвами пречистої Своєї Матері, заступництвом чесних небесних сил безтілесних, святих славних і всехвальних апостолів, святого отця нашого Івана Золотоустого, архиєпископа Константинополя, і святого, якого є храм, і святого мученика Никифора, і всіх святих - помилує і спасе нас як благий і людинолюбний.","Священник: Христос, істинний Бог наш - молитвами пречистої Своєї Матері, заступництвом чесних небесних сил безтілесних, святих славних і всехвальних апостолів, і святого, якого є храм, і святого мученика Никифора, і всіх святих - помилує і спасе нас як благий і людинолюбний.",
Лютий,10.02,2,вв,Св. мч. Харалампія,святого мученика Харалампія,ні,,,,"Священник: Христос, істинний Бог наш - молитвами пречистої Своєї Матері, чесного і славного пророка, предтечі і хрестителя Івана, святих славних і всехвальних апостолів, святого отця нашого Івана Золотоустого, архиєпископа Константинополя, і святого, якого є храм, і святого мученика Харалампія, і всіх святих - помилує і спасе нас як благий і людинолюбний.","Священник: Христос, істинний Бог наш - молитвами пречистої Своєї Матері, чесного і славного пророка, предтечі і хрестителя Івана, святих славних і всехвальних апостолів, і святого, якого є храм, і святого мученика Харалампія, і всіх святих - помилує і спасе нас як благий і людинолюбний.",
Лютий,11.02,3,ср,"Св. сщмч. Власія, єп. Севастійського","святого священномученика Власія, єпископа Севастійського",ні,,,,"Священник: Христос, істинний Бог наш - молитвами пречистої Своєї Матері, силою чесного і животворчого хреста, заступництвом святих славних і всехвальних апостолів, святого отця нашого Івана Золотоустого, архиєпископа Константинополя, і святого, якого є храм, і святого священномученика Власія, єпископа Севастійського, і всіх святих - помилує і спасе нас як благий і людинолюбний.","Священник: Христос, істинний Бог наш - молитвами пречистої Своєї Матері, силою чесного і животворчого хреста, заступництвом святих славних і всехвальних апостолів, і святого, якого є храм, і святого священномученика Власія, єпископа Севастійського, і всіх святих - помилує і спасе нас як благий і людинолюбний.",
Лютий,12.02,4,чт,"Св. Мелетія, архиєп. Антіохійського","святого отця нашого Мелетія, архиєпископа Антіохійського",ні,,,,"Священник: Христос, істинний Бог наш - молитвами пречистої Своєї Матері, святих славних і всехвальних апостолів, святого отця нашого Миколая, архиєпископа Мир Ликійських, чудотворця, святого отця нашого Івана Золотоустого, архиєпископа Константинополя, і святого, якого є храм, і святого отця нашого Мелетія, архиєпископа Антіохійського, і всіх святих - помилує і спасе нас як благий і людинолюбний.","Священник: Христос, істинний Бог наш - молитвами пречистої Своєї Матері, святих славних і всехвальних апостолів, святого отця нашого Миколая, архиєпископа Мир Ликійських, чудотворця, і святого, якого є храм, і святого отця нашого Мелетія, архиєпископа Антіохійського, і всіх святих - помилує і спасе нас як благий і людинолюбний.",
Лютий,13.02,5,пт,Прп. Мартиніана Свв. жінок Зої і Фотини (Світлани),"преподобного отця нашого Мартиніана, святих жінок Зої і Фотини",ні,,,,"Священник: Христос, істинний Бог наш - молитвами пречистої Своєї Матері, силою чесного і животворчого хреста, заступництвом святих славних і всехвальних апостолів, святого отця нашого Івана Золотоустого, архиєпископа Константинополя, і святого, якого є храм, і преподобного отця нашого Мартиніана, святих жінок Зої і Фотини, і всіх святих - помилує і спасе нас як благий і людинолюбний.","Священник: Христос, істинний Бог наш - молитвами пречистої Своєї Матері, силою чесного і животворчого хреста, заступництвом святих славних і всехвальних апостолів, і святого, якого є храм, і преподобного отця нашого Мартиніана, святих жінок Зої і Фотини, і всіх святих - помилує і спасе нас як благий і людинолюбний.",
Лютий,14.02,6,сб,"Субота сиропусна, всіх преподобних отців, що в подвизі просіяли 🕂 Переставл. прп. Константина, філософа, у монахах Кирила, учителя слов’янського Прп. Авксентія Прп. Марона, пустинника, чудотв.","преподобного отця нашого Константина, філософа, у монахах Кирила, учителя слов’янського, преподобного отця нашого Авксентія, преподобного Марона, пустинника, чудотворця",ні,,,,"Священник: Христос, істинний Бог наш - молитвами пречистої Своєї Матері, силою чесного і животворчого Хреста, заступництвом чесних небесних сил безтілесних, чесного і славного пророка, предтечі і хрестителя Івана, святих славних і всехвальних апостолів, святого отця нашого Миколая, архиєпископа Мир Ликійських, чудотворця, святих славних і переможних мучеників, преподобних і богоносних отців наших, святого отця нашого Івана Золотоустого, архиєпископа Константинополя, святих і праведних богоотців Йоакима й Анни, і святого, якого є храм, і преподобного отця нашого Константина, філософа, у монахах Кирила, учителя слов’янського, преподобного отця нашого Авксентія, преподобного Марона, пустинника, чудотворця, і всіх святих - помилує і спасе нас як благий і людинолюбний.","Священник: Христос, істинний Бог наш - молитвами пречистої Своєї Матері, силою чесного і животворчого Хреста, заступництвом чесних небесних сил безтілесних, чесного і славного пророка, предтечі і хрестителя Івана, святих славних і всехвальних апостолів, святого отця нашого Миколая, архиєпископа Мир Ликійських, чудотворця, святих славних і переможних мучеників, преподобних і богоносних отців наших, святих і праведних богоотців Йоакима й Анни, і святого, якого є храм, і преподобного отця нашого Константина, філософа, у монахах Кирила, учителя слов’янського, преподобного отця нашого Авксентія, преподобного Марона, пустинника, чудотворця, і всіх святих - помилує і спасе нас як благий і людинолюбний.",
Лютий,15.02,7,нд,"Неділя сиропусна, прощення Св. ап. Онисима",святого апостола Онисима,ні,,,,"Священник: Христос, що воскрес із мертвих, істинний Бог наш - молитвами пречистої Своєї Матері, святих славних і всехвальних апостолів, святого отця нашого Івана Золотоустого, архиєпископа Константинополя, і святого, якого є храм, і святого апостола Онисима, і всіх святих - помилує і спасе нас як благий і людинолюбний.","Священник: Христос, що воскрес із мертвих, істинний Бог наш - молитвами пречистої Своєї Матері, святих славних і всехвальних апостолів, і святого, якого є храм, і святого апостола Онисима, і всіх святих - помилує і спасе нас як благий і людинолюбний.",
Лютий,16.02,1,пн,"Початок св. Великого Посту Свв. мчч. Памфила, єрея, Порфирія і тих, що з ними","святих мучеників Памфила, єрея, Порфирія і тих, що з ними",ні,,,,"Священник: Христос, істинний Бог наш - молитвами пречистої Своєї Матері, заступництвом чесних небесних сил безтілесних, святих славних і всехвальних апостолів, святого отця нашого Івана Золотоустого, архиєпископа Константинополя, і святого, якого є храм, і святих мучеників Памфила, єрея, Порфирія і тих, що з ними, і всіх святих - помилує і спасе нас як благий і людинолюбний.","Священник: Христос, істинний Бог наш - молитвами пречистої Своєї Матері, заступництвом чесних небесних сил безтілесних, святих славних і всехвальних апостолів, і святого, якого є храм, і святих мучеників Памфила, єрея, Порфирія і тих, що з ними, і всіх святих - помилує і спасе нас як благий і людинолюбний.",
Лютий,17.02,2,вв,🕃 Св. вмч. Теодора Тирона,святого великомученика Теодора Тирона,ні,,,,"Священник: Христос, істинний Бог наш - молитвами пречистої Своєї Матері, чесного і славного пророка, предтечі і хрестителя Івана, святих славних і всехвальних апостолів, святого отця нашого Івана Золотоустого, архиєпископа Константинополя, і святого, якого є храм, і святого великомученика Теодора Тирона, і всіх святих - помилує і спасе нас як благий і людинолюбний.","Священник: Христос, істинний Бог наш - молитвами пречистої Своєї Матері, чесного і славного пророка, предтечі і хрестителя Івана, святих славних і всехвальних апостолів, і святого, якого є храм, і святого великомученика Теодора Тирона, і всіх святих - помилує і спасе нас як благий і людинолюбний.",
Лютий,18.02,3,ср,"Св. Лева, папи Римського","святого отця нашого Лева, папи Римського",ні,,,,"Священник: Христос, істинний Бог наш - молитвами пречистої Своєї Матері, силою чесного і животворчого хреста, заступництвом святих славних і всехвальних апостолів, святого отця нашого Івана Золотоустого, архиєпископа Константинополя, і святого, якого є храм, і святого отця нашого Лева, папи Римського, і всіх святих - помилує і спасе нас як благий і людинолюбний.","Священник: Христос, істинний Бог наш - молитвами пречистої Своєї Матері, силою чесного і животворчого хреста, заступництвом святих славних і всехвальних апостолів, і святого, якого є храм, і святого отця нашого Лева, папи Римського, і всіх святих - помилує і спасе нас як благий і людинолюбний.",
Лютий,19.02,4,чт,Св. ап. Архипа,святого апостола Архипа,ні,,,,"Священник: Христос, істинний Бог наш - молитвами пречистої Своєї Матері, святих славних і всехвальних апостолів, святого отця нашого Миколая, архиєпископа Мир Ликійських, чудотворця, святого отця нашого Івана Золотоустого, архиєпископа Константинополя, і святого, якого є храм, і святого апостола Архипа, і всіх святих - помилує і спасе нас як благий і людинолюбний.","Священник: Христос, істинний Бог наш - молитвами пречистої Своєї Матері, святих славних і всехвальних апостолів, святого отця нашого Миколая, архиєпископа Мир Ликійських, чудотворця, і святого, якого є храм, і святого апостола Архипа, і всіх святих - помилує і спасе нас як благий і людинолюбний.",
Лютий,20.02,5,пт,"Прп. Лева, єп. Катанського","преподобного отця нашого Лева, єпископа Катанського",ні,,,,"Священник: Христос, істинний Бог наш - молитвами пречистої Своєї Матері, силою чесного і животворчого хреста, заступництвом святих славних і всехвальних апостолів, святого отця нашого Івана Золотоустого, архиєпископа Константинополя, і святого, якого є храм, і преподобного отця нашого Лева, єпископа Катанського, і всіх святих - помилує і спасе нас як благий і людинолюбний.","Священник: Христос, істинний Бог наш - молитвами пречистої Своєї Матері, силою чесного і животворчого хреста, заступництвом святих славних і всехвальних апостолів, і святого, якого є храм, і преподобного отця нашого Лева, єпископа Катанського, і всіх святих - помилує і спасе нас як благий і людинолюбний.",
Лютий,21.02,6,сб,"Пам'ять великомученика Теодора Тирона Прп. Тимотея, що в Символах Св. Євстатія, архиєп. Великої Антіохії","преподобного отця нашого Тимотея, що в Символах, святого отця нашого Євстатія, архиєпископа Великої Антіохії",ні,,,,"Священник: Христос, істинний Бог наш - молитвами пречистої Своєї Матері, силою чесного і животворчого Хреста, заступництвом чесних небесних сил безтілесних, чесного і славного пророка, предтечі і хрестителя Івана, святих славних і всехвальних апостолів, святого отця нашого Миколая, архиєпископа Мир Ликійських, чудотворця, святих славних і переможних мучеників, преподобних і богоносних отців наших, святого отця нашого Івана Золотоустого, архиєпископа Константинополя, святих і праведних богоотців Йоакима й Анни, і святого, якого є храм, і преподобного отця нашого Тимотея, що в Символах, святого отця нашого Євстатія, архиєпископа Великої Антіохії, святого великомученика Теодора Тирона, і всіх святих - помилує і спасе нас як благий і людинолюбний.","Священник: Христос, істинний Бог наш - молитвами пречистої Своєї Матері, силою чесного і животворчого Хреста, заступництвом чесних небесних сил безтілесних, чесного і славного пророка, предтечі і хрестителя Івана, святих славних і всехвальних апостолів, святого отця нашого Миколая, архиєпископа Мир Ликійських, чудотворця, святих славних і переможних мучеників, преподобних і богоносних отців наших, святих і праведних богоотців Йоакима й Анни, і святого, якого є храм, і преподобного отця нашого Тимотея, що в Символах, святого отця нашого Євстатія, архиєпископа Великої Антіохії, святого великомученика Теодора Тирона, і всіх святих - помилує і спасе нас як благий і людинолюбний.",
Лютий,22.02,7,нд,"Неділя 1-ша Великого Посту, Православ'я Віднайдення чесних мощів свв. мчч., що в Євгенії","святих мучеників, що в Євгенії",ні,,,,"Священник: Христос, що воскрес із мертвих, істинний Бог наш - молитвами пречистої Своєї Матері, святих славних і всехвальних апостолів, святого отця нашого Івана Золотоустого, архиєпископа Константинополя, і святого, якого є храм, і святих мучеників, що в Євгенії, і всіх святих - помилує і спасе нас як благий і людинолюбний.","Священник: Христос, що воскрес із мертвих, істинний Бог наш - молитвами пречистої Своєї Матері, святих славних і всехвальних апостолів, і святого, якого є храм, і святих мучеників, що в Євгенії, і всіх святих - помилує і спасе нас як благий і людинолюбний.",
Лютий,23.02,1,пн,"Тиждень 2-ий Великого посту Св. сщмч. Полікарпа, єп. Смирнського","святого священномученика Полікарпа, єпископа Смирнського",ні,,,,"Священник: Христос, істинний Бог наш - молитвами пречистої Своєї Матері, заступництвом чесних небесних сил безтілесних, святих славних і всехвальних апостолів, святого отця нашого Івана Золотоустого, архиєпископа Константинополя, і святого, якого є храм, і святого священномученика Полікарпа, єпископа Смирнського, і всіх святих - помилує і спасе нас як благий і людинолюбний.","Священник: Христос, істинний Бог наш - молитвами пречистої Своєї Матері, заступництвом чесних небесних сил безтілесних, святих славних і всехвальних апостолів, і святого, якого є храм, і святого священномученика Полікарпа, єпископа Смирнського, і всіх святих - помилує і спасе нас як благий і людинолюбний.",
Лютий,24.02,2,вв,"🕂 Перше і друге знайдення чесної голови св. славн. прор., предтечі і хрестителя Господнього Івана",,так,свято,,,"Священник: Христос, істинний Бог наш - молитвами пречистої Своєї Матері, чесного і славного пророка, предтечі і христителя Господнього Івана, якого чесної глави знайдення сьогодні пам'ять звершуємо, святого отця нашого Івана Золотоустого, архиєпископа Константинополя, і святого, якого є храм, і всіх святих - помилує і спасе нас як благий і людинолюбний.","Священник: Христос, істинний Бог наш - молитвами пречистої Своєї Матері, чесного і славного пророка, предтечі і христителя Господнього Івана, якого чесної глави знайдення сьогодні пам'ять звершуємо, і святого, якого є храм, і всіх святих - помилує і спасе нас як благий і людинолюбний.","Христос, істинний Бог наш - молитвами пречистої Своєї Матері, чесного і славного пророка, предтечі і христителя Господнього Івана, якого чесної глави знайдення сьогодні пам'ять звершуємо, святого отця нашого Івана Золотоустого, архиєпископа Константинополя, і святого, якого є храм,"
Лютий,25.02,3,ср,"Св. Тарасія, архиєп. Царгородського","святого отця нашого Тарасія, архиєпископа Царгородського",ні,,,,"Священник: Христос, істинний Бог наш - молитвами пречистої Своєї Матері, силою чесного і животворчого хреста, заступництвом святих славних і всехвальних апостолів, святого отця нашого Івана Золотоустого, архиєпископа Константинополя, і святого, якого є храм, і святого отця нашого Тарасія, архиєпископа Царгородського, і всіх святих - помилує і спасе нас як благий і людинолюбний.","Священник: Христос, істинний Бог наш - молитвами пречистої Своєї Матері, силою чесного і животворчого хреста, заступництвом святих славних і всехвальних апостолів, і святого, якого є храм, і святого отця нашого Тарасія, архиєпископа Царгородського, і всіх святих - помилує і спасе нас як благий і людинолюбний.",
Лютий,26.02,4,чт,"Св. Порфирія, єп. Газького Блаж. Едігни","святого отця нашого Порфирія, єпископа Газького, блаженної Едігни",ні,,,,"Священник: Христос, істинний Бог наш - молитвами пречистої Своєї Матері, святих славних і всехвальних апостолів, святого отця нашого Миколая, архиєпископа Мир Ликійських, чудотворця, святого отця нашого Івана Золотоустого, архиєпископа Константинополя, і святого, якого є храм, і святого отця нашого Порфирія, єпископа Газького, блаженної Едігни, і всіх святих - помилує і спасе нас як благий і людинолюбний.","Священник: Христос, істинний Бог наш - молитвами пречистої Своєї Матері, святих славних і всехвальних апостолів, святого отця нашого Миколая, архиєпископа Мир Ликійських, чудотворця, і святого, якого є храм, і святого отця нашого Порфирія, єпископа Газького, блаженної Едігни, і всіх святих - помилує і спасе нас як благий і людинолюбний.",
Лютий,27.02,5,пт,Прп. й ісп. Прокопія Декаполіта,преподобного отця нашого й ісповідника Прокопія Декаполіта,ні,,,,"Священник: Христос, істинний Бог наш - молитвами пречистої Своєї Матері, силою чесного і животворчого хреста, заступництвом святих славних і всехвальних апостолів, святого отця нашого Івана Золотоустого, архиєпископа Константинополя, і святого, якого є храм, і преподобного отця нашого й ісповідника Прокопія Декаполіта, і всіх святих - помилує і спасе нас як благий і людинолюбний.","Священник: Христос, істинний Бог наш - молитвами пречистої Своєї Матері, силою чесного і животворчого хреста, заступництвом святих славних і всехвальних апостолів, і святого, якого є храм, і преподобного отця нашого й ісповідника Прокопія Декаполіта, і всіх святих - помилує і спасе нас як благий і людинолюбний.",
Лютий,28.02,6,сб,"Субота заупокійна Прп. й ісп. Василія, співпосника Прокопового","преподобного отця нашого й ісповідника Василія, співпосника Прокопового",ні,,,,"Священник: Христос, істинний Бог наш, що живими і мертвими володіє - молитвами пречистої Cвоєї Матері, святих славних і всехвальних апостолів, святого отця нашого Івана Золотоустого, архиєпископа Константинополя, преподобних і богоносних отців наших, і святого, якого є храм, і преподобного отця нашого й ісповідника Василія, співпосника Прокопового, і всіх святих - помилує і спасе нас як благий і людинолюбний.","Священник: Христос, істинний Бог наш, що живими і мертвими володіє - молитвами пречистої Cвоєї Матері, святих славних і всехвальних апостолів, преподобних і богоносних отців наших, і святого, якого є храм, і преподобного отця нашого й ісповідника Василія, співпосника Прокопового, і всіх святих - помилує і спасе нас як благий і людинолюбний.",
Лютий,29.02,4,чт,Прп. Касіана,преподобного отця нашого Касіана,ні,,,,"Священник: Христос, істинний Бог наш - молитвами пречистої Своєї Матері, святих славних і всехвальних апостолів, святого отця нашого Миколая, архиєпископа Мир Ликійських, чудотворця, святого отця нашого Івана Золотоустого, архиєпископа Константинополя, і святого, якого є храм, і преподобного отця нашого Касіана, і всіх святих - помилує і спасе нас як благий і людинолюбний.","Священник: Христос, істинний Бог наш - молитвами пречистої Своєї Матері, святих славних і всехвальних апостолів, святого отця нашого Миколая, архиєпископа Мир Ликійських, чудотворця, і святого, якого є храм, і преподобного отця нашого Касіана, і всіх святих - помилує і спасе нас як благий і людинолюбний.",
Березень,01.03,7,нд,Неділя 2-га Великого Посту Св. прпмц. Євдокії,святої преподобномучениці Євдокії,ні,,,,"Священник: Христос, що воскрес із мертвих, істинний Бог наш - молитвами пречистої Своєї Матері, святих славних і всехвальних апостолів, святого отця нашого Івана Золотоустого, архиєпископа Константинополя, і святого, якого є храм, і святої преподобномучениці Євдокії, і всіх святих - помилує і спасе нас як благий і людинолюбний.","Священник: Христос, що воскрес із мертвих, істинний Бог наш - молитвами пречистої Своєї Матері, святих славних і всехвальних апостолів, і святого, якого є храм, і святої преподобномучениці Євдокії, і всіх святих - помилує і спасе нас як благий і людинолюбний.",
Березень,02.03,1,пн,"Тиждень 3-ий Великого посту Св. сщмч. Теодота (Богдана), єп. Киринейського","святого священномученика Теодота, єпископа Киринейського",ні,,,,"Священник: Христос, істинний Бог наш - молитвами пречистої Своєї Матері, заступництвом чесних небесних сил безтілесних, святих славних і всехвальних апостолів, святого отця нашого Івана Золотоустого, архиєпископа Константинополя, і святого, якого є храм, і святого священномученика Теодота, єпископа Киринейського, і всіх святих - помилує і спасе нас як благий і людинолюбний.","Священник: Христос, істинний Бог наш - молитвами пречистої Своєї Матері, заступництвом чесних небесних сил безтілесних, святих славних і всехвальних апостолів, і святого, якого є храм, і святого священномученика Теодота, єпископа Киринейського, і всіх святих - помилує і спасе нас як благий і людинолюбний.",
Березень,03.03,2,вв,"Свв. мчч. Євтропія, Клеоніка й Василиска","святих мучеників Євтропія, Клеоніка й Василиска",ні,,,,"Священник: Христос, істинний Бог наш - молитвами пречистої Своєї Матері, чесного і славного пророка, предтечі і хрестителя Івана, святих славних і всехвальних апостолів, святого отця нашого Івана Золотоустого, архиєпископа Константинополя, і святого, якого є храм, і святих мучеників Євтропія, Клеоніка й Василиска, і всіх святих - помилує і спасе нас як благий і людинолюбний.","Священник: Христос, істинний Бог наш - молитвами пречистої Своєї Матері, чесного і славного пророка, предтечі і хрестителя Івана, святих славних і всехвальних апостолів, і святого, якого є храм, і святих мучеників Євтропія, Клеоніка й Василиска, і всіх святих - помилує і спасе нас як благий і людинолюбний.",
Березень,04.03,3,ср,"Прп. Герасима, що на Йордані","преподобного отця нашого Герасима, що на Йордані",ні,,,,"Священник: Христос, істинний Бог наш - молитвами пречистої Своєї Матері, силою чесного і животворчого хреста, заступництвом святих славних і всехвальних апостолів, святого отця нашого Івана Золотоустого, архиєпископа Константинополя, і святого, якого є храм, і преподобного отця нашого Герасима, що на Йордані, і всіх святих - помилує і спасе нас як благий і людинолюбний.","Священник: Христос, істинний Бог наш - молитвами пречистої Своєї Матері, силою чесного і животворчого хреста, заступництвом святих славних і всехвальних апостолів, і святого, якого є храм, і преподобного отця нашого Герасима, що на Йордані, і всіх святих - помилує і спасе нас як благий і людинолюбний.",
Березень,05.03,4,чт,Св. мч. Конона,святого мученика Конона,ні,,,,"Священник: Христос, істинний Бог наш - молитвами пречистої Своєї Матері, святих славних і всехвальних апостолів, святого отця нашого Миколая, архиєпископа Мир Ликійських, чудотворця, святого отця нашого Івана Золотоустого, архиєпископа Константинополя, і святого, якого є храм, і святого мученика Конона, і всіх святих - помилує і спасе нас як благий і людинолюбний.","Священник: Христос, істинний Бог наш - молитвами пречистої Своєї Матері, святих славних і всехвальних апостолів, святого отця нашого Миколая, архиєпископа Мир Ликійських, чудотворця, і святого, якого є храм, і святого мученика Конона, і всіх святих - помилує і спасе нас як благий і людинолюбний.",
Березень,06.03,5,пт,"Свв. сорока двох мчч., що в Аморії","святих сорока двох мучеників, що в Аморії",ні,,,,"Священник: Христос, істинний Бог наш - молитвами пречистої Своєї Матері, силою чесного і животворчого хреста, заступництвом святих славних і всехвальних апостолів, святого отця нашого Івана Золотоустого, архиєпископа Константинополя, і святого, якого є храм, і святих сорока двох мучеників, що в Аморії, і всіх святих - помилує і спасе нас як благий і людинолюбний.","Священник: Христос, істинний Бог наш - молитвами пречистої Своєї Матері, силою чесного і животворчого хреста, заступництвом святих славних і всехвальних апостолів, і святого, якого є храм, і святих сорока двох мучеників, що в Аморії, і всіх святих - помилує і спасе нас як благий і людинолюбний.",
Березень,07.03,6,сб,"Субота заупокійна Свв. сщмчч., що були єпп. в Херсоні: Василія, Єфрема, Капітона, Євгенія, Етерія й інших Блаж. сщмч. Леоніда-Леонтія Федорова","святих священномучеників, що були єпископами в Херсоні: Василія, Єфрема, Капітона, Євгенія, Етерія й інших, блаженного священномученика Леоніда-Леонтія Федорова",ні,,,,"Священник: Христос, істинний Бог наш, що живими і мертвими володіє - молитвами пречистої Cвоєї Матері, святих славних і всехвальних апостолів, святого отця нашого Івана Золотоустого, архиєпископа Константинополя, преподобних і богоносних отців наших, і святого, якого є храм, і святих священномучеників, що були єпископами в Херсоні: Василія, Єфрема, Капітона, Євгенія, Етерія й інших, блаженного священномученика Леоніда-Леонтія Федорова, і всіх святих - помилує і спасе нас як благий і людинолюбний.","Священник: Христос, істинний Бог наш, що живими і мертвими володіє - молитвами пречистої Cвоєї Матері, святих славних і всехвальних апостолів, преподобних і богоносних отців наших, і святого, якого є храм, і святих священномучеників, що були єпископами в Херсоні: Василія, Єфрема, Капітона, Євгенія, Етерія й інших, блаженного священномученика Леоніда-Леонтія Федорова, і всіх святих - помилує і спасе нас як благий і людинолюбний.",
Березень,08.03,7,нд,"Неділя 3-тя Великого Посту, Хрестопоклонна Прп. й ісп. Теофілакта, єп. Нікомидійського","преподобного отця нашого й ісповідника Теофілакта, єпископа Нікомидійського, святого великомученика Теодора Тирона",ні,,,,"Священник: Христос, що воскрес із мертвих, істинний Бог наш - молитвами пречистої Своєї Матері, святих славних і всехвальних апостолів, святого отця нашого Івана Золотоустого, архиєпископа Константинополя, і святого, якого є храм, і преподобного отця нашого й ісповідника Теофілакта, єпископа Нікомидійського, святого великомученика Теодора Тирона, і всіх святих - помилує і спасе нас як благий і людинолюбний.","Священник: Христос, що воскрес із мертвих, істинний Бог наш - молитвами пречистої Своєї Матері, святих славних і всехвальних апостолів, і святого, якого є храм, і преподобного отця нашого й ісповідника Теофілакта, єпископа Нікомидійського, святого великомученика Теодора Тирона, і всіх святих - помилує і спасе нас як благий і людинолюбний.",
Березень,09.03,1,пн,"Тиждень 4-ий Великого посту 🕂 Свв. сорока мчч., замучених у Севастійському озері","святих сорока мучеників, замучених у Севастійському озері, яких сьогодні пам'ять світло звершуємо",так,свято,,,"Священник: Христос, істинний Бог наш - молитвами пречистої Своєї Матері, святих славних і всехвальних апостолів, святого отця нашого Івана Золотоустого, архиєпископа Константинополя, і святого, якого є храм, і святих сорока мучеників, замучених у Севастійському озері, яких сьогодні пам'ять світло звершуємо, і всіх святих - помилує і спасе нас як благий і людинолюбний.","Священник: Христос, істинний Бог наш - молитвами пречистої Своєї Матері, святих славних і всехвальних апостолів, і святого, якого є храм, і святих сорока мучеників, замучених у Севастійському озері, яких сьогодні пам'ять світло звершуємо, і всіх святих - помилує і спасе нас як благий і людинолюбний.","Христос, істинний Бог наш - молитвами пречистої Своєї Матері, святих славних і всехвальних апостолів, святого отця нашого Івана Золотоустого, архиєпископа Константинополя, і святого, якого є храм,"
Березень,10.03,2,вв,"Св. мч. Кодрата і тих, що з ним: Кипріана, Ніки, Галини та інших","святого мученика Кодрата і тих, що з ним: Кипріана, Ніки, Галини та інших",ні,,,,"Священник: Христос, істинний Бог наш - молитвами пречистої Своєї Матері, чесного і славного пророка, предтечі і хрестителя Івана, святих славних і всехвальних апостолів, святого отця нашого Івана Золотоустого, архиєпископа Константинополя, і святого, якого є храм, і святого мученика Кодрата і тих, що з ним: Кипріана, Ніки, Галини та інших, і всіх святих - помилує і спасе нас як благий і людинолюбний.","Священник: Христос, істинний Бог наш - молитвами пречистої Своєї Матері, чесного і славного пророка, предтечі і хрестителя Івана, святих славних і всехвальних апостолів, і святого, якого є храм, і святого мученика Кодрата і тих, що з ним: Кипріана, Ніки, Галини та інших, і всіх святих - помилує і спасе нас як благий і людинолюбний.",
Березень,11.03,3,ср,"Св. Софронія, патр. Єрусалимського","святого отця нашого Софронія, патріарха Єрусалимського",ні,,,,"Священник: Христос, істинний Бог наш - молитвами пречистої Своєї Матері, силою чесного і животворчого хреста, заступництвом святих славних і всехвальних апостолів, святого отця нашого Івана Золотоустого, архиєпископа Константинополя, і святого, якого є храм, і святого отця нашого Софронія, патріарха Єрусалимського, і всіх святих - помилує і спасе нас як благий і людинолюбний.","Священник: Христос, істинний Бог наш - молитвами пречистої Своєї Матері, силою чесного і животворчого хреста, заступництвом святих славних і всехвальних апостолів, і святого, якого є храм, і святого отця нашого Софронія, патріарха Єрусалимського, і всіх святих - помилує і спасе нас як благий і людинолюбний.",
Березень,12.03,4,чт,"Прп. й ісп. Теофана Сигріанського Св. Григорія Двоєслова, папи Римського","преподобного отця нашого й ісповідника Теофана Сигріанського, святого отця нашого Григорія Двоєслова, папи Римського",ні,,,,"Священник: Христос, істинний Бог наш - молитвами пречистої Своєї Матері, святих славних і всехвальних апостолів, святого отця нашого Миколая, архиєпископа Мир Ликійських, чудотворця, святого отця нашого Івана Золотоустого, архиєпископа Константинополя, і святого, якого є храм, і преподобного отця нашого й ісповідника Теофана Сигріанського, святого отця нашого Григорія Двоєслова, папи Римського, і всіх святих - помилує і спасе нас як благий і людинолюбний.","Священник: Христос, істинний Бог наш - молитвами пречистої Своєї Матері, святих славних і всехвальних апостолів, святого отця нашого Миколая, архиєпископа Мир Ликійських, чудотворця, і святого, якого є храм, і преподобного отця нашого й ісповідника Теофана Сигріанського, святого отця нашого Григорія Двоєслова, папи Римського, і всіх святих - помилує і спасе нас як благий і людинолюбний.",
Березень,13.03,5,пт,"Перенесення мощів св. Никифора, патр. Царгородського","перенесення мощів святого отця нашого Никифора, патріарха Царгородського",ні,,,,"Священник: Христос, істинний Бог наш - молитвами пречистої Своєї Матері, силою чесного і животворчого хреста, заступництвом святих славних і всехвальних апостолів, святого отця нашого Івана Золотоустого, архиєпископа Константинополя, і святого, якого є храм, і перенесення мощів святого отця нашого Никифора, патріарха Царгородського, і всіх святих - помилує і спасе нас як благий і людинолюбний.","Священник: Христос, істинний Бог наш - молитвами пречистої Своєї Матері, силою чесного і животворчого хреста, заступництвом святих славних і всехвальних апостолів, і святого, якого є храм, і перенесення мощів святого отця нашого Никифора, патріарха Царгородського, і всіх святих - помилує і спасе нас як благий і людинолюбний.",
Березень,14.03,6,сб,Субота заупокійна Прп. Венедикта,преподобного отця нашого Венедикта,ні,,,,"Священник: Христос, істинний Бог наш, що живими і мертвими володіє - молитвами пречистої Cвоєї Матері, святих славних і всехвальних апостолів, святого отця нашого Івана Золотоустого, архиєпископа Константинополя, преподобних і богоносних отців наших, і святого, якого є храм, і преподобного отця нашого Венедикта, і всіх святих - помилує і спасе нас як благий і людинолюбний.","Священник: Христос, істинний Бог наш, що живими і мертвими володіє - молитвами пречистої Cвоєї Матері, святих славних і всехвальних апостолів, преподобних і богоносних отців наших, і святого, якого є храм, і преподобного отця нашого Венедикта, і всіх святих - помилує і спасе нас як благий і людинолюбний.",
Березень,15.03,7,нд,"Неділя 4-та Великого Посту, преподобного Івана Ліствичника Св. мч. Агапія і з ним шести мчч.","святого мученика Агапія і з ним шести мучеників, препoдобного отця нашого Івана, автора «Ліствиці»",ні,,,,"Священник: Христос, що воскрес із мертвих, істинний Бог наш - молитвами пречистої Своєї Матері, святих славних і всехвальних апостолів, святого отця нашого Івана Золотоустого, архиєпископа Константинополя, і святого, якого є храм, і святого мученика Агапія і з ним шести мучеників, препoдобного отця нашого Івана, автора «Ліствиці», і всіх святих - помилує і спасе нас як благий і людинолюбний.","Священник: Христос, що воскрес із мертвих, істинний Бог наш - молитвами пречистої Своєї Матері, святих славних і всехвальних апостолів, і святого, якого є храм, і святого мученика Агапія і з ним шести мучеників, препoдобного отця нашого Івана, автора «Ліствиці», і всіх святих - помилує і спасе нас як благий і людинолюбний.",
Березень,16.03,1,пн,Тиждень 5-ий Великого посту Свв. мчч. Савина й Папи,святих мучеників Савина й Папи,ні,,,,"Священник: Христос, істинний Бог наш - молитвами пречистої Своєї Матері, заступництвом чесних небесних сил безтілесних, святих славних і всехвальних апостолів, святого отця нашого Івана Золотоустого, архиєпископа Константинополя, і святого, якого є храм, і святих мучеників Савина й Папи, і всіх святих - помилує і спасе нас як благий і людинолюбний.","Священник: Христос, істинний Бог наш - молитвами пречистої Своєї Матері, заступництвом чесних небесних сил безтілесних, святих славних і всехвальних апостолів, і святого, якого є храм, і святих мучеників Савина й Папи, і всіх святих - помилує і спасе нас як благий і людинолюбний.",
Березень,17.03,2,вв,"Прп. Олексія, чоловіка Божого","преподобного отця нашого Олексія, чоловіка Божого",ні,,,,"Священник: Христос, істинний Бог наш - молитвами пречистої Своєї Матері, чесного і славного пророка, предтечі і хрестителя Івана, святих славних і всехвальних апостолів, святого отця нашого Івана Золотоустого, архиєпископа Константинополя, і святого, якого є храм, і преподобного отця нашого Олексія, чоловіка Божого, і всіх святих - помилує і спасе нас як благий і людинолюбний.","Священник: Христос, істинний Бог наш - молитвами пречистої Своєї Матері, чесного і славного пророка, предтечі і хрестителя Івана, святих славних і всехвальних апостолів, і святого, якого є храм, і преподобного отця нашого Олексія, чоловіка Божого, і всіх святих - помилує і спасе нас як благий і людинолюбний.",
Березень,18.03,3,ср,"Св. Кирила, архиєп. Єрусалимського","святого отця нашого Кирила, архиєпископа Єрусалимського",ні,,,,"Священник: Христос, істинний Бог наш - молитвами пречистої Своєї Матері, силою чесного і животворчого хреста, заступництвом святих славних і всехвальних апостолів, святого отця нашого Івана Золотоустого, архиєпископа Константинополя, і святого, якого є храм, і святого отця нашого Кирила, архиєпископа Єрусалимського, і всіх святих - помилує і спасе нас як благий і людинолюбний.","Священник: Христос, істинний Бог наш - молитвами пречистої Своєї Матері, силою чесного і животворчого хреста, заступництвом святих славних і всехвальних апостолів, і святого, якого є храм, і святого отця нашого Кирила, архиєпископа Єрусалимського, і всіх святих - помилує і спасе нас як благий і людинолюбний.",
Березень,19.03,4,чт,Великого Канону Свв. мчч. Хризанта й Дарії,святих мучеників Хризанта й Дарії,ні,,,,"Священник: Христос, істинний Бог наш - молитвами пречистої Своєї Матері, святих славних і всехвальних апостолів, святого отця нашого Миколая, архиєпископа Мир Ликійських, чудотворця, святого отця нашого Івана Золотоустого, архиєпископа Константинополя, і святого, якого є храм, і святих мучеників Хризанта й Дарії, і всіх святих - помилує і спасе нас як благий і людинолюбний.","Священник: Христос, істинний Бог наш - молитвами пречистої Своєї Матері, святих славних і всехвальних апостолів, святого отця нашого Миколая, архиєпископа Мир Ликійських, чудотворця, і святого, якого є храм, і святих мучеників Хризанта й Дарії, і всіх святих - помилує і спасе нас як благий і людинолюбний.",
Березень,20.03,5,пт,"Прпп. отців, яких убили сарацини в обителі Св. Сави","преподобних отців наших, яких убили сарацини в обителі Святого Сави",ні,,,,"Священник: Христос, істинний Бог наш - молитвами пречистої Своєї Матері, силою чесного і животворчого хреста, заступництвом святих славних і всехвальних апостолів, святого отця нашого Івана Золотоустого, архиєпископа Константинополя, і святого, якого є храм, і преподобних отців наших, яких убили сарацини в обителі Святого Сави, і всіх святих - помилує і спасе нас як благий і людинолюбний.","Священник: Христос, істинний Бог наш - молитвами пречистої Своєї Матері, силою чесного і животворчого хреста, заступництвом святих славних і всехвальних апостолів, і святого, якого є храм, і преподобних отців наших, яких убили сарацини в обителі Святого Сави, і всіх святих - помилує і спасе нас як благий і людинолюбний.",
Березень,21.03,6,сб,"Субота акафістова Прп. й ісп. Якова, єп. Катанського","преподобного отця нашого й ісповідника Якова, єпископа Катанського",ні,,,,"Священник: Христос, істинний Бог наш - молитвами пречистої Своєї Матері, силою чесного і животворчого Хреста, заступництвом чесних небесних сил безтілесних, чесного і славного пророка, предтечі і хрестителя Івана, святих славних і всехвальних апостолів, святого отця нашого Миколая, архиєпископа Мир Ликійських, чудотворця, святих славних і переможних мучеників, преподобних і богоносних отців наших, святого отця нашого Івана Золотоустого, архиєпископа Константинополя, святих і праведних богоотців Йоакима й Анни, і святого, якого є храм, і преподобного отця нашого й ісповідника Якова, єпископа Катанського, і всіх святих - помилує і спасе нас як благий і людинолюбний.","Священник: Христос, істинний Бог наш - молитвами пречистої Своєї Матері, силою чесного і животворчого Хреста, заступництвом чесних небесних сил безтілесних, чесного і славного пророка, предтечі і хрестителя Івана, святих славних і всехвальних апостолів, святого отця нашого Миколая, архиєпископа Мир Ликійських, чудотворця, святих славних і переможних мучеників, преподобних і богоносних отців наших, святих і праведних богоотців Йоакима й Анни, і святого, якого є храм, і преподобного отця нашого й ісповідника Якова, єпископа Катанського, і всіх святих - помилує і спасе нас як благий і людинолюбний.",
Березень,22.03,7,нд,"Неділя 5-та Великого Посту, преподобної Марії Єгипетської Св. сщмч. Василія, пресвіт. Анкирського","святого священномученика Василія, пресвітера Анкирського, преподобної матері нашої Марії Єгипетської",ні,,,,"Священник: Христос, що воскрес із мертвих, істинний Бог наш - молитвами пречистої Своєї Матері, святих славних і всехвальних апостолів, святого отця нашого Івана Золотоустого, архиєпископа Константинополя, і святого, якого є храм, і святого священномученика Василія, пресвітера Анкирського, преподобної матері нашої Марії Єгипетської, і всіх святих - помилує і спасе нас як благий і людинолюбний.","Священник: Христос, що воскрес із мертвих, істинний Бог наш - молитвами пречистої Своєї Матері, святих славних і всехвальних апостолів, і святого, якого є храм, і святого священномученика Василія, пресвітера Анкирського, преподобної матері нашої Марії Єгипетської, і всіх святих - помилує і спасе нас як благий і людинолюбний.",
Березень,23.03,1,пн,"Тиждень 6-ий Великого посту Св. прпмч. Нікона і 200 учнів його, з ним замучених","святого преподобномученика Нікона і двохсот учнів його, з ним замучених",ні,,,,"Священник: Христос, істинний Бог наш - молитвами пречистої Своєї Матері, заступництвом чесних небесних сил безтілесних, святих славних і всехвальних апостолів, святого отця нашого Івана Золотоустого, архиєпископа Константинополя, і святого, якого є храм, і святого преподобномученика Нікона і двохсот учнів його, з ним замучених, і всіх святих - помилує і спасе нас як благий і людинолюбний.","Священник: Христос, істинний Бог наш - молитвами пречистої Своєї Матері, заступництвом чесних небесних сил безтілесних, святих славних і всехвальних апостолів, і святого, якого є храм, і святого преподобномученика Нікона і двохсот учнів його, з ним замучених, і всіх святих - помилує і спасе нас як благий і людинолюбний.",
Березень,24.03,2,вв,"🕃 Передсвяття Благовіщення Пресвятої Богородиці Прп. Захарії Св. Артемона, єп. Селевкії Пісідійської","передсвяття Благовіщення Пресвятої Богородиці, преподобного отця нашого Захарії, святого отця нашого Артемона, єпископа Селевкії Пісідійської",ні,,,,"Священник: Христос, істинний Бог наш - молитвами пречистої Своєї Матері, чесного і славного пророка, предтечі і хрестителя Івана, святих славних і всехвальних апостолів, святого отця нашого Івана Золотоустого, архиєпископа Константинополя, і святого, якого є храм, і передсвяття Благовіщення Пресвятої Богородиці, преподобного отця нашого Захарії, святого отця нашого Артемона, єпископа Селевкії Пісідійської, і всіх святих - помилує і спасе нас як благий і людинолюбний.","Священник: Христос, істинний Бог наш - молитвами пречистої Своєї Матері, чесного і славного пророка, предтечі і хрестителя Івана, святих славних і всехвальних апостолів, і святого, якого є храм, і передсвяття Благовіщення Пресвятої Богородиці, преподобного отця нашого Захарії, святого отця нашого Артемона, єпископа Селевкії Пісідійської, і всіх святих - помилує і спасе нас як благий і людинолюбний.",
Березень,25.03,3,ср,"🕀 Благовіщення Пресв. Владичиці нашої Богородиці і Приснодіви Марії Блаж. сщмч. Омеляна Ковча, пресвіт.","блаженного священномученика Омеляна Ковча, пресвітера",так,свято,,,"Священник: Христос, істинний Бог наш - молитвами пречистої Cвоєї Матері, якої Благовіщення сьогодні торжественне свято світло звершуємо, святих славних і всехвальних апостолів, святого отця нашого Івана Золотоустого, архиєпископа Константинополя, і святого, якого є храм, і блаженного священномученика Омеляна Ковча, пресвітера, і всіх святих - помилує і спасе нас як благий і людинолюбний.","Священник: Христос, істинний Бог наш - молитвами пречистої Cвоєї Матері, якої Благовіщення сьогодні торжественне свято світло звершуємо, святих славних і всехвальних апостолів, і святого, якого є храм, і блаженного священномученика Омеляна Ковча, пресвітера, і всіх святих - помилує і спасе нас як благий і людинолюбний.","Христос, істинний Бог наш - молитвами пречистої Cвоєї Матері, якої Благовіщення сьогодні торжественне свято світло звершуємо, святих славних і всехвальних апостолів, святого отця нашого Івана Золотоустого, архиєпископа Константинополя, і святого, якого є храм,"
Березень,26.03,4,чт,🕃 Собор архангела Гавриїла Віддання Благовіщення</i>,"святого архангела Гавриїла, що його собору пам'ять сьогодні звершуємо",так,віддання,,,"Священник: Христос, істинний Бог наш - молитвами пречистої Cвоєї Матері, якої Благовіщення свято звершуємо, святих славних і всехвальних апостолів, святого отця нашого Івана Золотоустого, архиєпископа Константинополя, і святого, якого є храм, і святого архангела Гавриїла, що його собору пам'ять звершуємо, і всіх святих - помилує і спасе нас як благий і людинолюбний.","Священник: Христос, істинний Бог наш - молитвами пречистої Cвоєї Матері, якої Благовіщення свято звершуємо, святих славних і всехвальних апостолів, і святого, якого є храм, і святого архангела Гавриїла, що його собору пам'ять звершуємо, і всіх святих - помилує і спасе нас як благий і людинолюбний.",
Березень,27.03,5,пт,"Св. Матрони, що в Солуні","святої матері нашої Матрони, що в Солуні",ні,,,,"Священник: Христос, істинний Бог наш - молитвами пречистої Своєї Матері, силою чесного і животворчого хреста, заступництвом святих славних і всехвальних апостолів, святого отця нашого Івана Золотоустого, архиєпископа Константинополя, і святого, якого є храм, і святої матері нашої Матрони, що в Солуні, і всіх святих - помилує і спасе нас як благий і людинолюбний.","Священник: Христос, істинний Бог наш - молитвами пречистої Своєї Матері, силою чесного і животворчого хреста, заступництвом святих славних і всехвальних апостолів, і святого, якого є храм, і святої матері нашої Матрони, що в Солуні, і всіх святих - помилує і спасе нас як благий і людинолюбний.",
Березень,28.03,6,сб,"Субота Лазарева Прп. Іларіона Нового Св. Стефана, чудотв.","преподобного отця нашого Іларіона Нового, святого Стефана, чудотворця",ні,,,,"Священник: Христос, істинний Бог наш, що прийшов у Витанію воскресити праведного Лазаря спасіння нашого ради - молитвами пречистої Своєї Матері, святих, славних і всехвальних апостолів, святого отця нашого Йоана Золотоустого, архиєпископа Константинополя, і святого, якого є храм, і преподобного отця нашого Іларіона Нового, святого Стефана, чудотворця, і всіх святих - помилує і спасе нас як благий і людинолюбний.","Священник: Христос, істинний Бог наш, що прийшов у Витанію воскресити праведного Лазаря спасіння нашого ради - молитвами пречистої Своєї Матері, святих, славних і всехвальних апостолів, святого отця нашого Йоана Золотоустого, архиєпископа Константинополя, і святого, якого є храм, і преподобного отця нашого Іларіона Нового, святого Стефана, чудотворця, і всіх святих - помилує і спасе нас як благий і людинолюбний.",
Березень,29.03,7,нд,"Неділя 6-та Великого Посту, Квітна 🕀 Вхід Господній в Єрусалим Прп. Марка, єп. Аретусійського, і Кирила дияк., та інших, що з ним постраждали при Юліані, мучителеві","преподобного отця нашого Марка, єпископа Аретусійського, і Кирила диякона, та інших, що з ним постраждали при Юліані, мучителеві",ні,,,,"Священник: Христос, істинний Бог наш, що на осля сісти і до Єрусалиму прийти зволив, і від дітей єврейських хвалу прийняв спасіння нашого ради - молитвами пречистої Своєї Матері, святих, славних і всехвальних апостолів, святого отця нашого Івана Золотоустого, архиєпископа Константинополя, і святого, якого є храм, і преподобного отця нашого Марка, єпископа Аретусійського, і Кирила диякона, та інших, що з ним постраждали при Юліані, мучителеві, і всіх святих - помилує і спасе нас як благий і людинолюбний.","Священник: Христос, істинний Бог наш, що на осля сісти і до Єрусалиму прийти зволив, і від дітей єврейських хвалу прийняв спасіння нашого ради - молитвами пречистої Своєї Матері, святих, славних і всехвальних апостолів, і святого, якого є храм, і преподобного отця нашого Марка, єпископа Аретусійського, і Кирила диякона, та інших, що з ним постраждали при Юліані, мучителеві, і всіх святих - помилує і спасе нас як благий і людинолюбний.",
Березень,30.03,1,пн,"Страсний тиждень. Великий понеділок Прп. Івана, автора «Ліствиці»","препoдобного отця нашого Івана, автора «Ліствиці»",ні,,,,"Священник: Господь, що гряде на вольну страсть спасіння нашого ради – Христос, істинний Бог наш, молитвами пречистої Своєї Матері, святих славних і всехвальних Апостолів, преподобних і богоносних отців наших, і святого, якого є храм, і препoдобного отця нашого Івана, автора «Ліствиці», і всіх святих - помилує і спасе нас як благий і людинолюбний.","Священник: Господь, що гряде на вольну страсть спасіння нашого ради – Христос, істинний Бог наш, молитвами пречистої Своєї Матері, святих славних і всехвальних Апостолів, преподобних і богоносних отців наших, і святого, якого є храм, і препoдобного отця нашого Івана, автора «Ліствиці», і всіх святих - помилує і спасе нас як благий і людинолюбний.",
Березень,31.03,2,вв,"Великий вівторок Прп. Іпатія, єп. Гангренського","преподобного отця нашого Іпатія, єпископа Гангренського",ні,,,,"Священник: Господь, що гряде на вольну страсть спасіння нашого ради – Христос, істинний Бог наш, молитвами пречистої Своєї Матері, святих славних і всехвальних Апостолів, преподобних і богоносних отців наших, і святого, якого є храм, і преподобного отця нашого Іпатія, єпископа Гангренського, і всіх святих - помилує і спасе нас як благий і людинолюбний.","Священник: Господь, що гряде на вольну страсть спасіння нашого ради – Христос, істинний Бог наш, молитвами пречистої Своєї Матері, святих славних і всехвальних Апостолів, преподобних і богоносних отців наших, і святого, якого є храм, і преподобного отця нашого Іпатія, єпископа Гангренського, і всіх святих - помилує і спасе нас як благий і людинолюбний.",
Квітень,01.04,3,ср,"Велика середа
Прп. Марії Єгипетської",преподобної матері нашої Марії Єгипетської,ні,,,,"Священник: Господь, що гряде на вольну страсть спасіння нашого ради – Христос, істинний Бог наш, молитвами пречистої Своєї Матері, святих славних і всехвальних Апостолів, преподобних і богоносних отців наших, і святого, якого є храм, і преподобної матері нашої Марії Єгипетської, і всіх святих - помилує і спасе нас як благий і людинолюбний.","Священник: Господь, що гряде на вольну страсть спасіння нашого ради – Христос, істинний Бог наш, молитвами пречистої Своєї Матері, святих славних і всехвальних Апостолів, преподобних і богоносних отців наших, і святого, якого є храм, і преподобної матері нашої Марії Єгипетської, і всіх святих - помилує і спасе нас як благий і людинолюбний.",
Квітень,02.04,4,чт,"Великий четвер
Прп. Тита, чудотв.","преподобного отця нашого Тита, чудотворця",ні,,,,"Священник: Господь, що гряде на вольну страсть спасіння нашого ради – Христос, істинний Бог наш, молитвами пречистої Своєї Матері, святих славних і всехвальних Апостолів, преподобних і богоносних отців наших, і святого, якого є храм, і преподобного отця нашого Тита, чудотворця, і всіх святих - помилує і спасе нас як благий і людинолюбний.","Священник: Господь, що гряде на вольну страсть спасіння нашого ради – Христос, істинний Бог наш, молитвами пречистої Своєї Матері, святих славних і всехвальних Апостолів, преподобних і богоносних отців наших, і святого, якого є храм, і преподобного отця нашого Тита, чудотворця, і всіх святих - помилує і спасе нас як благий і людинолюбний.",
Квітень,03.04,5,пт,"Велика п'ятниця
Прп. й ісп. Микити, ігум. обителі Мидикійської","преподобного отця нашого й ісповідника Микити, ігумена обителі Мидикійської",ні,,,,"Священник: Христос, істинний Бог наш, що за спасіння світу витерпів знущання і катування, хрест і смерть, молитвами пречистої своєї Матері, святих славних і всехвальних апостолів, преподобних і богоносних отців наших, і святого, якого є храм, і преподобного отця нашого й ісповідника Микити, ігумена обителі Мидикійської, і всіх святих - помилує і спасе нас як благий і людинолюбний.","Священник: Христос, істинний Бог наш, що за спасіння світу витерпів знущання і катування, хрест і смерть, молитвами пречистої своєї Матері, святих славних і всехвальних апостолів, преподобних і богоносних отців наших, і святого, якого є храм, і преподобного отця нашого й ісповідника Микити, ігумена обителі Мидикійської, і всіх святих - помилує і спасе нас як благий і людинолюбний.",
Квітень,04.04,6,сб,"Велика субота
Прпп. Йосифа, піснописця, і Юрія, що в Малеї","преподобних отців наших Йосифа, піснописця, і Юрія, що в Малеї",ні,,,,"Священник: Христос, істинний Бог наш, що задля нас людей і нашого ради спасення волею плоттю положився у гробі і зійшов на ад - молитвами пречистої своєї Матері, і святого, якого є храм, і преподобних отців наших Йосифа, піснописця, і Юрія, що в Малеї, і всіх святих - помилує і спасе нас як благий і людинолюбний.","Священник: Христос, істинний Бог наш, що задля нас людей і нашого ради спасення волею плоттю положився у гробі і зійшов на ад - молитвами пречистої своєї Матері, і святого, якого є храм, і преподобних отців наших Йосифа, піснописця, і Юрія, що в Малеї, і всіх святих - помилує і спасе нас як благий і людинолюбний.",
Квітень,05.04,7,нд,"🕀 Неділя Пасхи. 
Воскресення Христове. Великдень. 
Свв. мчч. Теодула й Агатопода, і тих, що з ними","святих мучеників Теодула й Агатопода, і тих, що з ними",ні,,,,"Священник: Христос, що воскрес із мертвих, смертю смерть подолав і тим, що в гробах, життя дарував, істинний Бог наш - молитвами пречистої Своєї Матері, святих, славних і всехвальних апостолів, святого отця нашого Івана Золотоустого, архиєпископа Константинополя, і святого, якого є храм, і святих мучеників Теодула й Агатопода, і тих, що з ними, і всіх святих - помилує і спасе нас як благий і людинолюбний.","Священник: Христос, що воскрес із мертвих, смертю смерть подолав і тим, що в гробах, життя дарував, істинний Бог наш - молитвами пречистої Своєї Матері, святих, славних і всехвальних апостолів, і святого, якого є храм, і святих мучеників Теодула й Агатопода, і тих, що з ними, і всіх святих - помилує і спасе нас як благий і людинолюбний.",
Квітень,06.04,1,пн,"Світлий понеділок 
🕂Переставл. св. Методія, учителя слов’янського Св. Євтихія, архиєп. Царгородського","переставлення святого отця нашого Методія, учителя слов’янського, якого сьогодні пам'ять світло звершуємо, святого отця нашого Євтихія, архиєпископа Царгородського",ні,,,,"Священник: Христос, що воскрес із мертвих, смертю смерть подолав і тим, що в гробах, життя дарував, істинний Бог наш - молитвами пречистої Своєї Матері, святих, славних і всехвальних апостолів, святого отця нашого Івана Золотоустого, архиєпископа Константинополя, і святого, якого є храм, і переставлення святого отця нашого Методія, учителя слов’янського, якого сьогодні пам'ять світло звершуємо, святого отця нашого Євтихія, архиєпископа Царгородського, і всіх святих - помилує і спасе нас як благий і людинолюбний.","Священник: Христос, що воскрес із мертвих, смертю смерть подолав і тим, що в гробах, життя дарував, істинний Бог наш - молитвами пречистої Своєї Матері, святих, славних і всехвальних апостолів, і святого, якого є храм, і переставлення святого отця нашого Методія, учителя слов’янського, якого сьогодні пам'ять світло звершуємо, святого отця нашого Євтихія, архиєпископа Царгородського, і всіх святих - помилує і спасе нас як благий і людинолюбний.",
Квітень,07.04,2,вв,"Світлий вівторок
Прп. Юрія, єп. Мітилинського","преподобного отця нашого Юрія, єпископа Мітилинського",ні,,,,"Священник: Христос, що воскрес із мертвих, смертю смерть подолав і тим, що в гробах, життя дарував, істинний Бог наш - молитвами пречистої Своєї Матері, святих, славних і всехвальних апостолів, святого отця нашого Івана Золотоустого, архиєпископа Константинополя, і святого, якого є храм, і преподобного отця нашого Юрія, єпископа Мітилинського, і всіх святих - помилує і спасе нас як благий і людинолюбний.","Священник: Христос, що воскрес із мертвих, смертю смерть подолав і тим, що в гробах, життя дарував, істинний Бог наш - молитвами пречистої Своєї Матері, святих, славних і всехвальних апостолів, і святого, якого є храм, і преподобного отця нашого Юрія, єпископа Мітилинського, і всіх святих - помилує і спасе нас як благий і людинолюбний.",
Квітень,08.04,3,ср,"Світла середа
Свв. апп. Іродіона, Агава, Руфа, Асинкріта, Флегонта і Єрма","святих апостолів Іродіона, Агава, Руфа, Асинкріта, Флегонта і Єрма",ні,,,,"Священник: Христос, що воскрес із мертвих, смертю смерть подолав і тим, що в гробах, життя дарував, істинний Бог наш - молитвами пречистої Своєї Матері, святих, славних і всехвальних апостолів, святого отця нашого Івана Золотоустого, архиєпископа Константинополя, і святого, якого є храм, і святих апостолів Іродіона, Агава, Руфа, Асинкріта, Флегонта і Єрма, і всіх святих - помилує і спасе нас як благий і людинолюбний.","Священник: Христос, що воскрес із мертвих, смертю смерть подолав і тим, що в гробах, життя дарував, істинний Бог наш - молитвами пречистої Своєї Матері, святих, славних і всехвальних апостолів, і святого, якого є храм, і святих апостолів Іродіона, Агава, Руфа, Асинкріта, Флегонта і Єрма, і всіх святих - помилує і спасе нас як благий і людинолюбний.",
Квітень,09.04,4,чт,"Світлий четвер
Св. мч. Євпсихія",святого мученика Євпсихія,ні,,,,"Священник: Христос, що воскрес із мертвих, смертю смерть подолав і тим, що в гробах, життя дарував, істинний Бог наш - молитвами пречистої Своєї Матері, святих, славних і всехвальних апостолів, святого отця нашого Івана Золотоустого, архиєпископа Константинополя, і святого, якого є храм, і святого мученика Євпсихія, і всіх святих - помилує і спасе нас як благий і людинолюбний.","Священник: Христос, що воскрес із мертвих, смертю смерть подолав і тим, що в гробах, життя дарував, істинний Бог наш - молитвами пречистої Своєї Матері, святих, славних і всехвальних апостолів, і святого, якого є храм, і святого мученика Євпсихія, і всіх святих - помилує і спасе нас як благий і людинолюбний.",
Квітень,10.04,5,пт,"Світла п'ятниця
Свв. мчч. Терентія, Помпія і тих, що з ними","святих мучеників Терентія, Помпія і тих, що з ними",ні,,,,"Священник: Христос, що воскрес із мертвих, смертю смерть подолав і тим, що в гробах, життя дарував, істинний Бог наш - молитвами пречистої Своєї Матері, святих, славних і всехвальних апостолів, святого отця нашого Івана Золотоустого, архиєпископа Константинополя, і святого, якого є храм, і святих мучеників Терентія, Помпія і тих, що з ними, і всіх святих - помилує і спасе нас як благий і людинолюбний.","Священник: Христос, що воскрес із мертвих, смертю смерть подолав і тим, що в гробах, життя дарував, істинний Бог наш - молитвами пречистої Своєї Матері, святих, славних і всехвальних апостолів, і святого, якого є храм, і святих мучеників Терентія, Помпія і тих, що з ними, і всіх святих - помилує і спасе нас як благий і людинолюбний.",
Квітень,11.04,6,сб,"Світла субота
Св. сщмч. Антипи, єп. Пергаму Азійського","святого священномученика Антипи, єпископа Пергаму Азійського",ні,,,,"Священник: Христос, що воскрес із мертвих, смертю смерть подолав і тим, що в гробах, життя дарував, істинний Бог наш - молитвами пречистої Своєї Матері, святих, славних і всехвальних апостолів, святого отця нашого Івана Золотоустого, архиєпископа Константинополя, і святого, якого є храм, і святого священномученика Антипи, єпископа Пергаму Азійського, і всіх святих - помилує і спасе нас як благий і людинолюбний.","Священник: Христос, що воскрес із мертвих, смертю смерть подолав і тим, що в гробах, життя дарував, істинний Бог наш - молитвами пречистої Своєї Матері, святих, славних і всехвальних апостолів, і святого, якого є храм, і святого священномученика Антипи, єпископа Пергаму Азійського, і всіх святих - помилує і спасе нас як благий і людинолюбний.",
Квітень,12.04,7,нд,"Неділя 2-га після Пасхи, Томина. Антипасха
Прп. й ісп. Василія, єп. Парійського","преподобного отця нашого й ісповідника Василія, єпископа Парійського",ні,,,,"Священник: Христос, істинний Бог наш, що прийшов до учнів замкненими дверми і Тому у вірі утвердив спасіння нашого ради - молитвами пречистої Своєї Матері, святих, славних і всехвальних апостолів, святого отця нашого Івана Золотоустого, архиєпископа Константинополя, і святого, якого є храм, і преподобного отця нашого й ісповідника Василія, єпископа Парійського, і всіх святих - помилує і спасе нас як благий і людинолюбний.","Священник: Христос, істинний Бог наш, що прийшов до учнів замкненими дверми і Тому у вірі утвердив спасіння нашого ради - молитвами пречистої Своєї Матері, святих, славних і всехвальних апостолів, і святого, якого є храм, і преподобного отця нашого й ісповідника Василія, єпископа Парійського, і всіх святих - помилує і спасе нас як благий і людинолюбний.",
Квітень,13.04,1,пн,"Тиждень 2-ий після Пасхи. Св. сщмч. Артемона і тих, що з ним","святого священномученика Артемона і тих, що з ним",ні,,,,"Священник: Христос, істинний Бог наш, що прийшов до учнів замкненими дверми і Тому у вірі утвердив спасіння нашого ради - молитвами пречистої Своєї Матері, святих, славних і всехвальних апостолів, святого отця нашого Івана Золотоустого, архиєпископа Константинополя, і святого, якого є храм, і святого священномученика Артемона і тих, що з ним, і всіх святих - помилує і спасе нас як благий і людинолюбний.","Священник: Христос, істинний Бог наш, що прийшов до учнів замкненими дверми і Тому у вірі утвердив спасіння нашого ради - молитвами пречистої Своєї Матері, святих, славних і всехвальних апостолів, і святого, якого є храм, і святого священномученика Артемона і тих, що з ним, і всіх святих - помилує і спасе нас як благий і людинолюбний.",
Квітень,14.04,2,вв,"Св. Мартина Ісповідника, папи Римського Свв. мчч. Віленських: Антонія, Івана і Євстатія","святого отця нашого Мартина Ісповідника, папи Римського, святих мучеників Віленських: Антонія, Івана і Євстатія",ні,,,,"Священник: Христос, істинний Бог наш, що прийшов до учнів замкненими дверми і Тому у вірі утвердив спасіння нашого ради - молитвами пречистої Своєї Матері, святих, славних і всехвальних апостолів, святого отця нашого Івана Золотоустого, архиєпископа Константинополя, і святого, якого є храм, і святого отця нашого Мартина Ісповідника, папи Римського, святих мучеників Віленських: Антонія, Івана і Євстатія, і всіх святих - помилує і спасе нас як благий і людинолюбний.","Священник: Христос, істинний Бог наш, що прийшов до учнів замкненими дверми і Тому у вірі утвердив спасіння нашого ради - молитвами пречистої Своєї Матері, святих, славних і всехвальних апостолів, і святого, якого є храм, і святого отця нашого Мартина Ісповідника, папи Римського, святих мучеників Віленських: Антонія, Івана і Євстатія, і всіх святих - помилує і спасе нас як благий і людинолюбний.",
Квітень,15.04,3,ср,"Свв. апп. Аристарха, Пуда і Трофима","святих апостолів Аристарха, Пуда і Трофима",ні,,,,"Священник: Христос, істинний Бог наш, що прийшов до учнів замкненими дверми і Тому у вірі утвердив спасіння нашого ради - молитвами пречистої Своєї Матері, святих, славних і всехвальних апостолів, святого отця нашого Івана Золотоустого, архиєпископа Константинополя, і святого, якого є храм, і святих апостолів Аристарха, Пуда і Трофима, і всіх святих - помилує і спасе нас як благий і людинолюбний.","Священник: Христос, істинний Бог наш, що прийшов до учнів замкненими дверми і Тому у вірі утвердив спасіння нашого ради - молитвами пречистої Своєї Матері, святих, славних і всехвальних апостолів, і святого, якого є храм, і святих апостолів Аристарха, Пуда і Трофима, і всіх святих - помилує і спасе нас як благий і людинолюбний.",
Квітень,16.04,4,чт,"Свв. мцц.-дів Агапії, Ірини й Хіонії","святих мучениць-дів Агапії, Ірини й Хіонії",ні,,,,"Священник: Христос, істинний Бог наш, що прийшов до учнів замкненими дверми і Тому у вірі утвердив спасіння нашого ради - молитвами пречистої Своєї Матері, святих, славних і всехвальних апостолів, святого отця нашого Івана Золотоустого, архиєпископа Константинополя, і святого, якого є храм, і святих мучениць-дів Агапії, Ірини й Хіонії, і всіх святих - помилує і спасе нас як благий і людинолюбний.","Священник: Христос, істинний Бог наш, що прийшов до учнів замкненими дверми і Тому у вірі утвердив спасіння нашого ради - молитвами пречистої Своєї Матері, святих, славних і всехвальних апостолів, і святого, якого є храм, і святих мучениць-дів Агапії, Ірини й Хіонії, і всіх святих - помилує і спасе нас як благий і людинолюбний.",
Квітень,17.04,5,пт,"Прп. Симеона, що в Персиді Прп. Акакія, єп. Мелітинського","преподобного отця нашого Симеона, що в Персиді, преподобного отця нашого Акакія, єпископа Мелітинського",ні,,,,"Священник: Христос, істинний Бог наш, що прийшов до учнів замкненими дверми і Тому у вірі утвердив спасіння нашого ради - молитвами пречистої Своєї Матері, святих, славних і всехвальних апостолів, святого отця нашого Івана Золотоустого, архиєпископа Константинополя, і святого, якого є храм, і преподобного отця нашого Симеона, що в Персиді, преподобного отця нашого Акакія, єпископа Мелітинського, і всіх святих - помилує і спасе нас як благий і людинолюбний.","Священник: Христос, істинний Бог наш, що прийшов до учнів замкненими дверми і Тому у вірі утвердив спасіння нашого ради - молитвами пречистої Своєї Матері, святих, славних і всехвальних апостолів, і святого, якого є храм, і преподобного отця нашого Симеона, що в Персиді, преподобного отця нашого Акакія, єпископа Мелітинського, і всіх святих - помилує і спасе нас як благий і людинолюбний.",
Квітень,18.04,6,сб,"Прп. Івана, учня св. Григорія Декаполіта","преподобного отця нашого Івана, учня святого Григорія Декаполіта",ні,,,,"Священник: Христос, істинний Бог наш, що прийшов до учнів замкненими дверми і Тому у вірі утвердив спасіння нашого ради - молитвами пречистої Своєї Матері, святих, славних і всехвальних апостолів, святого отця нашого Івана Золотоустого, архиєпископа Константинополя, і святого, якого є храм, і преподобного отця нашого Івана, учня святого Григорія Декаполіта, і всіх святих - помилує і спасе нас як благий і людинолюбний.","Священник: Христос, істинний Бог наш, що прийшов до учнів замкненими дверми і Тому у вірі утвердив спасіння нашого ради - молитвами пречистої Своєї Матері, святих, славних і всехвальних апостолів, і святого, якого є храм, і преподобного отця нашого Івана, учня святого Григорія Декаполіта, і всіх святих - помилує і спасе нас як благий і людинолюбний.",
Квітень,19.04,7,нд,"Неділя 3-тя після Пасхи, мироносиць Прп. Івана, старопечерника","преподобного отця нашого Івана, старопечерника",ні,,,,"Священник: Христос, що воскрес із мертвих, істинний Бог наш - молитвами пречистої Своєї Матері, святих, славних і всехвальних апостолів, святого отця нашого Івана Золотоустого, архиєпископа Константинополя, і святого, якого є храм, і преподобного отця нашого Івана, старопечерника, і всіх святих - помилує і спасе нас як благий і людинолюбний.","Священник: Христос, що воскрес із мертвих, істинний Бог наш - молитвами пречистої Своєї Матері, святих, славних і всехвальних апостолів, і святого, якого є храм, і преподобного отця нашого Івана, старопечерника, і всіх святих - помилує і спасе нас як благий і людинолюбний.",
Квітень,20.04,1,пн,Тиждень 3-ій після Пасхи Прп. Тедора Трихіни,преподобного отця нашого Теодора Трихіни,ні,,,,"Священник: Христос, що воскрес із мертвих, істинний Бог наш - молитвами пречистої Своєї Матері, святих, славних і всехвальних апостолів, святого отця нашого Івана Золотоустого, архиєпископа Константинополя, і святого, якого є храм, і преподобного отця нашого Теодора Трихіни, і всіх святих - помилує і спасе нас як благий і людинолюбний.","Священник: Христос, що воскрес із мертвих, істинний Бог наш - молитвами пречистої Своєї Матері, святих, славних і всехвальних апостолів, і святого, якого є храм, і преподобного отця нашого Теодора Трихіни, і всіх святих - помилує і спасе нас як благий і людинолюбний.",
Квітень,21.04,2,вв,"Св. сщмч. Януарія і тих, що з ним Св. мч. Теодора, що в Пергії","святого священномученика Януарія і тих, що з ним, святого мученика Теодора, що в Пергії",ні,,,,"Священник: Христос, що воскрес із мертвих, істинний Бог наш - молитвами пречистої Своєї Матері, святих, славних і всехвальних апостолів, святого отця нашого Івана Золотоустого, архиєпископа Константинополя, і святого, якого є храм, і святого священномученика Януарія і тих, що з ним, святого мученика Теодора, що в Пергії, і всіх святих - помилує і спасе нас як благий і людинолюбний.","Священник: Христос, що воскрес із мертвих, істинний Бог наш - молитвами пречистої Своєї Матері, святих, славних і всехвальних апостолів, і святого, якого є храм, і святого священномученика Януарія і тих, що з ним, святого мученика Теодора, що в Пергії, і всіх святих - помилує і спасе нас як благий і людинолюбний.",
Квітень,22.04,3,ср,Прп. Теодора Сикеота,преподобного отця нашого Теодора Сикеота,ні,,,,"Священник: Христос, що воскрес із мертвих, істинний Бог наш - молитвами пречистої Своєї Матері, святих, славних і всехвальних апостолів, святого отця нашого Івана Золотоустого, архиєпископа Константинополя, і святого, якого є храм, і преподобного отця нашого Теодора Сикеота, і всіх святих - помилує і спасе нас як благий і людинолюбний.","Священник: Христос, що воскрес із мертвих, істинний Бог наш - молитвами пречистої Своєї Матері, святих, славних і всехвальних апостолів, і святого, якого є храм, і преподобного отця нашого Теодора Сикеота, і всіх святих - помилує і спасе нас як благий і людинолюбний.",
Квітень,23.04,4,чт,"🕁 Св. славн. вмч., переможця й чудотв. Юрія","святого славного великомученика, переможця й чудотворця Юрія, якого сьогодні пам'ять світло звершуємо",ні,,,,"Священник: Христос, що воскрес із мертвих, істинний Бог наш - молитвами пречистої Своєї Матері, святих, славних і всехвальних апостолів, святого отця нашого Івана Золотоустого, архиєпископа Константинополя, і святого, якого є храм, і святого славного великомученика, переможця й чудотворця Юрія, якого сьогодні пам'ять світло звершуємо, і всіх святих - помилує і спасе нас як благий і людинолюбний.","Священник: Христос, що воскрес із мертвих, істинний Бог наш - молитвами пречистої Своєї Матері, святих, славних і всехвальних апостолів, і святого, якого є храм, і святого славного великомученика, переможця й чудотворця Юрія, якого сьогодні пам'ять світло звершуємо, і всіх святих - помилує і спасе нас як благий і людинолюбний.",
Квітень,24.04,5,пт,"Св. мч. Сави Стратилата, воєводи","святого мученика Сави Стратилата, воєводи,",ні,,,,"Священник: Христос, що воскрес із мертвих, істинний Бог наш - молитвами пречистої Своєї Матері, святих, славних і всехвальних апостолів, святого отця нашого Івана Золотоустого, архиєпископа Константинополя, і святого, якого є храм, і святого мученика Сави Стратилата, воєводи,, і всіх святих - помилує і спасе нас як благий і людинолюбний.","Священник: Христос, що воскрес із мертвих, істинний Бог наш - молитвами пречистої Своєї Матері, святих, славних і всехвальних апостолів, і святого, якого є храм, і святого мученика Сави Стратилата, воєводи,, і всіх святих - помилує і спасе нас як благий і людинолюбний.",
Квітень,25.04,6,сб,🕂 Св. ап. і єв. Марка,"святого апостола і євангелиста Марка, якого сьогодні пам'ять світло звершуємо",ні,,,,"Священник: Христос, що воскрес із мертвих, істинний Бог наш - молитвами пречистої Своєї Матері, святих, славних і всехвальних апостолів, святого отця нашого Івана Золотоустого, архиєпископа Константинополя, і святого, якого є храм, і святого апостола і євангелиста Марка, якого сьогодні пам'ять світло звершуємо, і всіх святих - помилує і спасе нас як благий і людинолюбний.","Священник: Христос, що воскрес із мертвих, істинний Бог наш - молитвами пречистої Своєї Матері, святих, славних і всехвальних апостолів, і святого, якого є храм, і святого апостола і євангелиста Марка, якого сьогодні пам'ять світло звершуємо, і всіх святих - помилує і спасе нас як благий і людинолюбний.",
Квітень,26.04,7,нд,"Неділя 4-та після Пасхи, розслабленого Св. сщмч. Василія, єп. Амасійського","святого священномученика Василія, єпископа Амасійського",ні,,,,"Священник: Христос, що воскрес із мертвих, істинний Бог наш - молитвами пречистої Своєї Матері, святих, славних і всехвальних апостолів, святого отця нашого Івана Золотоустого, архиєпископа Константинополя, і святого, якого є храм, і святого священномученика Василія, єпископа Амасійського, і всіх святих - помилує і спасе нас як благий і людинолюбний.","Священник: Христос, що воскрес із мертвих, істинний Бог наш - молитвами пречистої Своєї Матері, святих, славних і всехвальних апостолів, і святого, якого є храм, і святого священномученика Василія, єпископа Амасійського, і всіх святих - помилує і спасе нас як благий і людинолюбний.",
Квітень,27.04,1,пн,"Тиждень 4-ий після Пасхи 🕃 Св. сщмч. Симеона, родича Господнього Прп. Стефана, єп. Володимирського","святого священномученика Симеона, родича Господнього, преподобного отця нашого Стефана, єпископа Володимирського",ні,,,,"Священник: Христос, що воскрес із мертвих, істинний Бог наш - молитвами пречистої Своєї Матері, святих, славних і всехвальних апостолів, святого отця нашого Івана Золотоустого, архиєпископа Константинополя, і святого, якого є храм, і святого священномученика Симеона, родича Господнього, преподобного отця нашого Стефана, єпископа Володимирського, і всіх святих - помилує і спасе нас як благий і людинолюбний.","Священник: Христос, що воскрес із мертвих, істинний Бог наш - молитвами пречистої Своєї Матері, святих, славних і всехвальних апостолів, і святого, якого є храм, і святого священномученика Симеона, родича Господнього, преподобного отця нашого Стефана, єпископа Володимирського, і всіх святих - помилує і спасе нас як благий і людинолюбний.",
Квітень,28.04,2,вв,"Свв. апп. Ясона й Сосіпатра Свв. мчч. Дади, Максима й Кинтиліана Св. Кирила, єп. Турівського","святих апостолів Ясона й Сосіпатра, святих мучеників Дади, Максима й Кинтиліана, святого отця нашого Кирила, єпископа Турівського",ні,,,,"Священник: Христос, що воскрес із мертвих, істинний Бог наш - молитвами пречистої Своєї Матері, святих, славних і всехвальних апостолів, святого отця нашого Івана Золотоустого, архиєпископа Константинополя, і святого, якого є храм, і святих апостолів Ясона й Сосіпатра, святих мучеників Дади, Максима й Кинтиліана, святого отця нашого Кирила, єпископа Турівського, і всіх святих - помилує і спасе нас як благий і людинолюбний.","Священник: Христос, що воскрес із мертвих, істинний Бог наш - молитвами пречистої Своєї Матері, святих, славних і всехвальних апостолів, і святого, якого є храм, і святих апостолів Ясона й Сосіпатра, святих мучеників Дади, Максима й Кинтиліана, святого отця нашого Кирила, єпископа Турівського, і всіх святих - помилує і спасе нас як благий і людинолюбний.",
Квітень,29.04,3,ср,"Пeреполовення П'ятдесятниці Свв. дев’ятьох мчч., що в Кизиці Прп. Мемнона, чудотв.","святих дев’ятьох мучеників, що в Кизиці, преподобного Мемнона, чудотворця",ні,,,,"Священник: Христос, що воскрес із мертвих, істинний Бог наш - молитвами пречистої Своєї Матері, святих, славних і всехвальних апостолів, святого отця нашого Івана Золотоустого, архиєпископа Константинополя, і святого, якого є храм, і святих дев’ятьох мучеників, що в Кизиці, преподобного Мемнона, чудотворця, і всіх святих - помилує і спасе нас як благий і людинолюбний.","Священник: Христос, що воскрес із мертвих, істинний Бог наш - молитвами пречистої Своєї Матері, святих, славних і всехвальних апостолів, і святого, якого є храм, і святих дев’ятьох мучеників, що в Кизиці, преподобного Мемнона, чудотворця, і всіх святих - помилує і спасе нас як благий і людинолюбний.",
Квітень,30.04,4,чт,"🕂 Св. ап. Якова, брата св. Івана Богослова","святого апостола Якова, брата святого Івана Богослова, якого сьогодні пам'ять світло звершуємо",ні,,,,"Священник: Христос, що воскрес із мертвих, істинний Бог наш - молитвами пречистої Своєї Матері, святих, славних і всехвальних апостолів, святого отця нашого Івана Золотоустого, архиєпископа Константинополя, і святого, якого є храм, і святого апостола Якова, брата святого Івана Богослова, якого сьогодні пам'ять світло звершуємо, і всіх святих - помилує і спасе нас як благий і людинолюбний.","Священник: Христос, що воскрес із мертвих, істинний Бог наш - молитвами пречистої Своєї Матері, святих, славних і всехвальних апостолів, і святого, якого є храм, і святого апостола Якова, брата святого Івана Богослова, якого сьогодні пам'ять світло звершуємо, і всіх святих - помилує і спасе нас як благий і людинолюбний.",
Травень,01.05,5,пт,"Св. прор. Єремії Блаж. сщмч. Климентія Шептицького, архим. Унівського","святого пророка Єремії, блаженного священномученика Климентія Шептицького, архимандрита Унівського,",ні,,,,"Священник: Христос, що воскрес із мертвих, істинний Бог наш - молитвами пречистої Своєї Матері, святих, славних і всехвальних апостолів, святого отця нашого Івана Золотоустого, архиєпископа Константинополя, і святого, якого є храм, і святого пророка Єремії, блаженного священномученика Климентія Шептицького, архимандрита Унівського,, і всіх святих - помилує і спасе нас як благий і людинолюбний.","Священник: Христос, що воскрес із мертвих, істинний Бог наш - молитвами пречистої Своєї Матері, святих, славних і всехвальних апостолів, і святого, якого є храм, і святого пророка Єремії, блаженного священномученика Климентія Шептицького, архимандрита Унівського,, і всіх святих - помилує і спасе нас як благий і людинолюбний.",
Травень,02.05,6,сб,"🕃 Св. Атанасія Великого, архиєп. Олександрійського","святого отця Атанасія Великого, архиєпископа Олександрійського,",ні,,,,"Священник: Христос, що воскрес із мертвих, істинний Бог наш - молитвами пречистої Своєї Матері, святих, славних і всехвальних апостолів, святого отця нашого Івана Золотоустого, архиєпископа Константинополя, і святого, якого є храм, і святого отця Атанасія Великого, архиєпископа Олександрійського,, і всіх святих - помилує і спасе нас як благий і людинолюбний.","Священник: Христос, що воскрес із мертвих, істинний Бог наш - молитвами пречистої Своєї Матері, святих, славних і всехвальних апостолів, і святого, якого є храм, і святого отця Атанасія Великого, архиєпископа Олександрійського,, і всіх святих - помилує і спасе нас як благий і людинолюбний.",
Травень,03.05,7,нд,"Неділя 5-та після Пасхи, самарянки 🕂 Переставл. прп. Теодосія, ігум. монастиря Печерського, спільного життя засновника Свв. мчч. Тимотея й Маври","преподобного отця нашого Теодосія, ігумена монастиря Печерського, спільного життя засновника, якого сьогодні пам'ять світло звершуємо, святих мучеників Тимотея й Маври",ні,,,,"Священник: Христос, що воскрес із мертвих, істинний Бог наш - молитвами пречистої Своєї Матері, святих, славних і всехвальних апостолів, святого отця нашого Івана Золотоустого, архиєпископа Константинополя, і святого, якого є храм, і преподобного отця нашого Теодосія, ігумена монастиря Печерського, спільного життя засновника, якого сьогодні пам'ять світло звершуємо, святих мучеників Тимотея й Маври, і всіх святих - помилує і спасе нас як благий і людинолюбний.","Священник: Христос, що воскрес із мертвих, істинний Бог наш - молитвами пречистої Своєї Матері, святих, славних і всехвальних апостолів, і святого, якого є храм, і преподобного отця нашого Теодосія, ігумена монастиря Печерського, спільного життя засновника, якого сьогодні пам'ять світло звершуємо, святих мучеників Тимотея й Маври, і всіх святих - помилує і спасе нас як благий і людинолюбний.",
Травень,04.05,1,пн,Тиждень 5-ий після Пасхи Св. мц. Пелагії,святої мучениці Пелагії,ні,,,,"Священник: Христос, що воскрес із мертвих, істинний Бог наш - молитвами пречистої Своєї Матері, святих, славних і всехвальних апостолів, святого отця нашого Івана Золотоустого, архиєпископа Константинополя, і святого, якого є храм, і святої мучениці Пелагії, і всіх святих - помилує і спасе нас як благий і людинолюбний.","Священник: Христос, що воскрес із мертвих, істинний Бог наш - молитвами пречистої Своєї Матері, святих, славних і всехвальних апостолів, і святого, якого є храм, і святої мучениці Пелагії, і всіх святих - помилує і спасе нас як благий і людинолюбний.",
Травень,05.05,2,вв,"Св. і славн. мц. Ірини Прп. Никифора, ігум. монастиря Мидікійського","святої і славної мучениці Ірини, преподобного отця нашого Никифора, ігумена монастиря Мидікійського,",ні,,,,"Священник: Христос, що воскрес із мертвих, істинний Бог наш - молитвами пречистої Своєї Матері, святих, славних і всехвальних апостолів, святого отця нашого Івана Золотоустого, архиєпископа Константинополя, і святого, якого є храм, і святої і славної мучениці Ірини, преподобного отця нашого Никифора, ігумена монастиря Мидікійського,, і всіх святих - помилує і спасе нас як благий і людинолюбний.","Священник: Христос, що воскрес із мертвих, істинний Бог наш - молитвами пречистої Своєї Матері, святих, славних і всехвальних апостолів, і святого, якого є храм, і святої і славної мучениці Ірини, преподобного отця нашого Никифора, ігумена монастиря Мидікійського,, і всіх святих - помилує і спасе нас як благий і людинолюбний.",
Травень,06.05,3,ср,"Віддання свята Пeреполовення Св., і прав., і багатостражд. Йова","святого, і праведного, і багатостраждального Йова",ні,,,,"Священник: Христос, що воскрес із мертвих, істинний Бог наш - молитвами пречистої Своєї Матері, святих, славних і всехвальних апостолів, святого отця нашого Івана Золотоустого, архиєпископа Константинополя, і святого, якого є храм, і святого, і праведного, і багатостраждального Йова, і всіх святих - помилує і спасе нас як благий і людинолюбний.","Священник: Христос, що воскрес із мертвих, істинний Бог наш - молитвами пречистої Своєї Матері, святих, славних і всехвальних апостолів, і святого, якого є храм, і святого, і праведного, і багатостраждального Йова, і всіх святих - помилує і спасе нас як благий і людинолюбний.",
Травень,07.05,4,чт,🕃 Спогад про явління на небі знамення чесного Хреста у св. місті Єрусалимі Св. мч. Акакія,"силою чесного і животворного Хреста, якого знамення явління на небі у святому місті Єрусалимі сьогодні пам'ять звершуємо, святого мученика Акакія",ні,,,,"Священник: Христос, що воскрес із мертвих, істинний Бог наш - молитвами пречистої Своєї Матері, святих, славних і всехвальних апостолів, святого отця нашого Івана Золотоустого, архиєпископа Константинополя, і святого, якого є храм, і силою чесного і животворного Хреста, якого знамення явління на небі у святому місті Єрусалимі сьогодні пам'ять звершуємо, святого мученика Акакія, і всіх святих - помилує і спасе нас як благий і людинолюбний.","Священник: Христос, що воскрес із мертвих, істинний Бог наш - молитвами пречистої Своєї Матері, святих, славних і всехвальних апостолів, і святого, якого є храм, і силою чесного і животворного Хреста, якого знамення явління на небі у святому місті Єрусалимі сьогодні пам'ять звершуємо, святого мученика Акакія, і всіх святих - помилує і спасе нас як благий і людинолюбний.",
Травень,08.05,5,пт,🕁 Св. ап. і єв. Івана Богослова Прп. Арсенія Великого,"святого апостола і євангелиста Івана Богослова, якого сьогодні пам'ять світло звершуємо, преподобного отця нашого Арсенія Великого",ні,,,,"Священник: Христос, що воскрес із мертвих, істинний Бог наш - молитвами пречистої Своєї Матері, святих, славних і всехвальних апостолів, святого отця нашого Івана Золотоустого, архиєпископа Константинополя, і святого, якого є храм, і святого апостола і євангелиста Івана Богослова, якого сьогодні пам'ять світло звершуємо, преподобного отця нашого Арсенія Великого, і всіх святих - помилує і спасе нас як благий і людинолюбний.","Священник: Христос, що воскрес із мертвих, істинний Бог наш - молитвами пречистої Своєї Матері, святих, славних і всехвальних апостолів, і святого, якого є храм, і святого апостола і євангелиста Івана Богослова, якого сьогодні пам'ять світло звершуємо, преподобного отця нашого Арсенія Великого, і всіх святих - помилує і спасе нас як благий і людинолюбний.",
Травень,09.05,6,сб,🕂 Перенесення чесних мощів св. Миколая Чудотворця з Мир до міста Барі Св. прор. Ісаї Св. мч. Христофора,"святого отця нашого Миколая Чудотворця з Мир до міста Барі, якого чесних мощів перенесення сьогодні пам'ять світло звершуємо, святого пророка Ісаї, святого мученика Христофора",ні,,,,"Священник: Христос, що воскрес із мертвих, істинний Бог наш - молитвами пречистої Своєї Матері, святих, славних і всехвальних апостолів, святого отця нашого Івана Золотоустого, архиєпископа Константинополя, і святого, якого є храм, і святого отця нашого Миколая Чудотворця з Мир до міста Барі, якого чесних мощів перенесення сьогодні пам'ять світло звершуємо, святого пророка Ісаї, святого мученика Христофора, і всіх святих - помилує і спасе нас як благий і людинолюбний.","Священник: Христос, що воскрес із мертвих, істинний Бог наш - молитвами пречистої Своєї Матері, святих, славних і всехвальних апостолів, і святого, якого є храм, і святого отця нашого Миколая Чудотворця з Мир до міста Барі, якого чесних мощів перенесення сьогодні пам'ять світло звершуємо, святого пророка Ісаї, святого мученика Христофора, і всіх святих - помилує і спасе нас як благий і людинолюбний.",
Травень,10.05,7,нд,"Неділя 6-та після Пасхи, сліпородженого 🕂 Св. ап. Симона Зилота","святого апостола Симона Зилота, якого сьогодні пам'ять світло звершуємо,",ні,,істинний Бог наш,"істинний Бог наш, що у славі вознісся від нас на небо і сів праворуч Бога й Отця спасіння нашого ради","Священник: Христос, що воскрес із мертвих, істинний Бог наш - молитвами пречистої Своєї Матері, святих, славних і всехвальних апостолів, святого отця нашого Івана Золотоустого, архиєпископа Константинополя, і святого, якого є храм, і святого апостола Симона Зилота, якого сьогодні пам'ять світло звершуємо,, і всіх святих - помилує і спасе нас як благий і людинолюбний.","Священник: Христос, що воскрес із мертвих, істинний Бог наш - молитвами пречистої Своєї Матері, святих, славних і всехвальних апостолів, і святого, якого є храм, і святого апостола Симона Зилота, якого сьогодні пам'ять світло звершуємо,, і всіх святих - помилує і спасе нас як благий і людинолюбний.",
Травень,11.05,1,пн,"Тиждень 6-ий після Пасхи 🕂 Свв. рівноапп. Кирила й Методія, учителів слов’янських Св. сщмч. Мокія","святих рівноапостольних Кирила й Методія, учителів слов’янських, яких сьогодні пам'ять світло звершуємо, святого священномученика Мокія",ні,,істинний Бог наш,"істинний Бог наш, що у славі вознісся від нас на небо і сів праворуч Бога й Отця спасіння нашого ради","Священник: Христос, що воскрес із мертвих, істинний Бог наш - молитвами пречистої Своєї Матері, святих, славних і всехвальних апостолів, святого отця нашого Івана Золотоустого, архиєпископа Константинополя, і святого, якого є храм, і святих рівноапостольних Кирила й Методія, учителів слов’янських, яких сьогодні пам'ять світло звершуємо, святого священномученика Мокія, і всіх святих - помилує і спасе нас як благий і людинолюбний.","Священник: Христос, що воскрес із мертвих, істинний Бог наш - молитвами пречистої Своєї Матері, святих, славних і всехвальних апостолів, і святого, якого є храм, і святих рівноапостольних Кирила й Методія, учителів слов’янських, яких сьогодні пам'ять світло звершуємо, святого священномученика Мокія, і всіх святих - помилує і спасе нас як благий і людинолюбний.",
Травень,12.05,2,вв,"Свв. Епіфанія, єп. Кипрського, і Германа, патр. Царгородського","святих отців наших Епіфанія, єпископа Кипрського, і Германа, патріарха Царгородського,",ні,,істинний Бог наш,"істинний Бог наш, що у славі вознісся від нас на небо і сів праворуч Бога й Отця спасіння нашого ради","Священник: Христос, що воскрес із мертвих, істинний Бог наш - молитвами пречистої Своєї Матері, святих, славних і всехвальних апостолів, святого отця нашого Івана Золотоустого, архиєпископа Константинополя, і святого, якого є храм, і святих отців наших Епіфанія, єпископа Кипрського, і Германа, патріарха Царгородського,, і всіх святих - помилує і спасе нас як благий і людинолюбний.","Священник: Христос, що воскрес із мертвих, істинний Бог наш - молитвами пречистої Своєї Матері, святих, славних і всехвальних апостолів, і святого, якого є храм, і святих отців наших Епіфанія, єпископа Кипрського, і Германа, патріарха Царгородського,, і всіх святих - помилує і спасе нас як благий і людинолюбний.",
Травень,13.05,3,ср,Віддання Пасхи Св. мц. Гликерії,святої мучениці Гликерії,ні,,істинний Бог наш,"істинний Бог наш, що у славі вознісся від нас на небо і сів праворуч Бога й Отця спасіння нашого ради","Священник: Христос, що воскрес із мертвих, істинний Бог наш - молитвами пречистої Своєї Матері, святих, славних і всехвальних апостолів, святого отця нашого Івана Золотоустого, архиєпископа Константинополя, і святого, якого є храм, і святої мучениці Гликерії, і всіх святих - помилує і спасе нас як благий і людинолюбний.","Священник: Христос, що воскрес із мертвих, істинний Бог наш - молитвами пречистої Своєї Матері, святих, славних і всехвальних апостолів, і святого, якого є храм, і святої мучениці Гликерії, і всіх святих - помилує і спасе нас як благий і людинолюбний.",
Травень,14.05,4,чт,🕀 Вознесіння Господнє Св. мч. Ісидора,святого мученика Ісидора,ні,,істинний Бог наш,"істинний Бог наш, що у славі вознісся від нас на небо і сів праворуч Бога й Отця спасіння нашого ради","Священник: Христос, істинний Бог наш, що у славі вознісся від нас на небо і сів праворуч Бога й Отця спасіння нашого ради - молитвами пречистої Своєї Матері, святих, славних і всехвальних апостолів, святого отця нашого Івана Золотоустого, архиєпископа Константинополя, і святого, якого є храм, і святого мученика Ісидора, і всіх святих - помилує і спасе нас як благий і людинолюбний.","Священник: Христос, істинний Бог наш, що у славі вознісся від нас на небо і сів праворуч Бога й Отця спасіння нашого ради - молитвами пречистої Своєї Матері, святих, славних і всехвальних апостолів, і святого, якого є храм, і святого мученика Ісидора, і всіх святих - помилує і спасе нас як благий і людинолюбний.",
Травень,15.05,5,пт,🕃 Прп. Пахомія Великого,преподобного отця нашого Пахомія Великого,ні,,істинний Бог наш,"істинний Бог наш, що у славі вознісся від нас на небо і сів праворуч Бога й Отця спасіння нашого ради","Священник: Христос, істинний Бог наш, що у славі вознісся від нас на небо і сів праворуч Бога й Отця спасіння нашого ради - молитвами пречистої Своєї Матері, святих, славних і всехвальних апостолів, святого отця нашого Івана Золотоустого, архиєпископа Константинополя, і святого, якого є храм, і преподобного отця нашого Пахомія Великого, і всіх святих - помилує і спасе нас як благий і людинолюбний.","Священник: Христос, істинний Бог наш, що у славі вознісся від нас на небо і сів праворуч Бога й Отця спасіння нашого ради - молитвами пречистої Своєї Матері, святих, славних і всехвальних апостолів, і святого, якого є храм, і преподобного отця нашого Пахомія Великого, і всіх святих - помилує і спасе нас як благий і людинолюбний.",
Травень,16.05,6,сб,"Прп. Теодора Освященного, учня св. Пахомія Блаж. сщмчч. Северіана Бараника, Якима Сенківського, Віталія Байрака","преподобного отця нашого Теодора Освященного, учня святого Пахомія, блаженних священномучеників Северіана Бараника, Якима Сенківського, Віталія Байрака",ні,,істинний Бог наш,"істинний Бог наш, що у славі вознісся від нас на небо і сів праворуч Бога й Отця спасіння нашого ради","Священник: Христос, істинний Бог наш, що у славі вознісся від нас на небо і сів праворуч Бога й Отця спасіння нашого ради - молитвами пречистої Своєї Матері, святих, славних і всехвальних апостолів, святого отця нашого Івана Золотоустого, архиєпископа Константинополя, і святого, якого є храм, і преподобного отця нашого Теодора Освященного, учня святого Пахомія, блаженних священномучеників Северіана Бараника, Якима Сенківського, Віталія Байрака, і всіх святих - помилує і спасе нас як благий і людинолюбний.","Священник: Христос, істинний Бог наш, що у славі вознісся від нас на небо і сів праворуч Бога й Отця спасіння нашого ради - молитвами пречистої Своєї Матері, святих, славних і всехвальних апостолів, і святого, якого є храм, і преподобного отця нашого Теодора Освященного, учня святого Пахомія, блаженних священномучеників Северіана Бараника, Якима Сенківського, Віталія Байрака, і всіх святих - помилує і спасе нас як благий і людинолюбний.",
Травень,17.05,7,нд,"Неділя 7-ма після Пасхи, свв. отців I-го Вселенського Собору Св. ап. Андроніка і тих, що з ним Блаж. сщмч. Івана Зятика","святого апостола Андроніка і тих, що з ним, блаженного священномученика Івана Зятика",ні,,,,"Священник: Христос, істинний Бог наш, що у славі вознісся від нас на небо і сів праворуч Бога й Отця спасіння нашого ради - молитвами пречистої Своєї Матері, святих, славних і всехвальних апостолів, святого отця нашого Івана Золотоустого, архиєпископа Константинополя, і святого, якого є храм, і святого апостола Андроніка і тих, що з ним, блаженного священномученика Івана Зятика, і всіх святих - помилує і спасе нас як благий і людинолюбний.","Священник: Христос, істинний Бог наш, що у славі вознісся від нас на небо і сів праворуч Бога й Отця спасіння нашого ради - молитвами пречистої Своєї Матері, святих, славних і всехвальних апостолів, і святого, якого є храм, і святого апостола Андроніка і тих, що з ним, блаженного священномученика Івана Зятика, і всіх святих - помилує і спасе нас як благий і людинолюбний.",
Травень,18.05,1,пн,"Тиждень 7-ий після Пасхи Св. мч. Теодота (Богдана), що в Анкирі Свв. мчч. Петра, Діонісія і тих, що з ними Свв. сімох дів","святого мученика Теодота, що в Анкирі, святих мучеників Петра, Діонісія і тих, що з ними, святих сімох дів",ні,,,,"Священник: Христос, істинний Бог наш, що у славі вознісся від нас на небо і сів праворуч Бога й Отця спасіння нашого ради - молитвами пречистої Своєї Матері, святих, славних і всехвальних апостолів, святого отця нашого Івана Золотоустого, архиєпископа Константинополя, і святого, якого є храм, і святого мученика Теодота, що в Анкирі, святих мучеників Петра, Діонісія і тих, що з ними, святих сімох дів, і всіх святих - помилує і спасе нас як благий і людинолюбний.","Священник: Христос, істинний Бог наш, що у славі вознісся від нас на небо і сів праворуч Бога й Отця спасіння нашого ради - молитвами пречистої Своєї Матері, святих, славних і всехвальних апостолів, і святого, якого є храм, і святого мученика Теодота, що в Анкирі, святих мучеників Петра, Діонісія і тих, що з ними, святих сімох дів, і всіх святих - помилує і спасе нас як благий і людинолюбний.",
Травень,19.05,2,вв,"Св. сщмч. Патрикія, єп. Пруського, і тих, що з ним","святого священномученика Патрикія, єпископа Пруського, і тих, що з ним,",ні,,,,"Священник: Христос, істинний Бог наш, що у славі вознісся від нас на небо і сів праворуч Бога й Отця спасіння нашого ради - молитвами пречистої Своєї Матері, святих, славних і всехвальних апостолів, святого отця нашого Івана Золотоустого, архиєпископа Константинополя, і святого, якого є храм, і святого священномученика Патрикія, єпископа Пруського, і тих, що з ним,, і всіх святих - помилує і спасе нас як благий і людинолюбний.","Священник: Христос, істинний Бог наш, що у славі вознісся від нас на небо і сів праворуч Бога й Отця спасіння нашого ради - молитвами пречистої Своєї Матері, святих, славних і всехвальних апостолів, і святого, якого є храм, і святого священномученика Патрикія, єпископа Пруського, і тих, що з ним,, і всіх святих - помилує і спасе нас як благий і людинолюбний.",
Травень,20.05,3,ср,Св. мч. Талалея,святого мученика Талалея,ні,,істинний Бог наш,"істинний Бог наш, що в огненних язиках з неба зіслав Пресвятого Духа на святиї Своїх учнів і апостолів спасіння нашого ради","Священник: Христос, істинний Бог наш, що у славі вознісся від нас на небо і сів праворуч Бога й Отця спасіння нашого ради - молитвами пречистої Своєї Матері, святих, славних і всехвальних апостолів, святого отця нашого Івана Золотоустого, архиєпископа Константинополя, і святого, якого є храм, і святого мученика Талалея, і всіх святих - помилує і спасе нас як благий і людинолюбний.","Священник: Христос, істинний Бог наш, що у славі вознісся від нас на небо і сів праворуч Бога й Отця спасіння нашого ради - молитвами пречистої Своєї Матері, святих, славних і всехвальних апостолів, і святого, якого є храм, і святого мученика Талалея, і всіх святих - помилує і спасе нас як благий і людинолюбний.",
Травень,21.05,4,чт,🕂 Свв. великих царів і рівноапп. Константина й Олени,"святих великих царів і рівноапостольних Константина й Олени, яких сьогодні пам'ять світло звершуємо,",ні,,істинний Бог наш,"істинний Бог наш, що в огненних язиках з неба зіслав Пресвятого Духа на святиї Своїх учнів і апостолів спасіння нашого ради","Священник: Христос, істинний Бог наш, що у славі вознісся від нас на небо і сів праворуч Бога й Отця спасіння нашого ради - молитвами пречистої Своєї Матері, святих, славних і всехвальних апостолів, святого отця нашого Івана Золотоустого, архиєпископа Константинополя, і святого, якого є храм, і святих великих царів і рівноапостольних Константина й Олени, яких сьогодні пам'ять світло звершуємо,, і всіх святих - помилує і спасе нас як благий і людинолюбний.","Священник: Христос, істинний Бог наш, що у славі вознісся від нас на небо і сів праворуч Бога й Отця спасіння нашого ради - молитвами пречистої Своєї Матері, святих, славних і всехвальних апостолів, і святого, якого є храм, і святих великих царів і рівноапостольних Константина й Олени, яких сьогодні пам'ять світло звершуємо,, і всіх святих - помилує і спасе нас як благий і людинолюбний.",
Травень,22.05,5,пт,Віддання Вознесіння Св. мч. Василіска,святого мученика Василіска,ні,,істинний Бог наш,"істинний Бог наш, що в огненних язиках з неба зіслав Пресвятого Духа на святиї Своїх учнів і апостолів спасіння нашого ради","Священник: Христос, істинний Бог наш, що у славі вознісся від нас на небо і сів праворуч Бога й Отця спасіння нашого ради - молитвами пречистої Своєї Матері, святих, славних і всехвальних апостолів, святого отця нашого Івана Золотоустого, архиєпископа Константинополя, і святого, якого є храм, і святого мученика Василіска, і всіх святих - помилує і спасе нас як благий і людинолюбний.","Священник: Христос, істинний Бог наш, що у славі вознісся від нас на небо і сів праворуч Бога й Отця спасіння нашого ради - молитвами пречистої Своєї Матері, святих, славних і всехвальних апостолів, і святого, якого є храм, і святого мученика Василіска, і всіх святих - помилує і спасе нас як благий і людинолюбний.",
Травень,23.05,6,сб,"Субота заупокійна Прп. Євфросинії Полоцької, ігум. монастиря Св. Спаса Прп. й ісп. Михаїла, єп. Синадського","преподобної Євфросинії Полоцької, ігумені монастиря Святого Спаса, преподобного отця нашого й ісповідника Михаїла, єпископа Синадського,",ні,,істинний Бог наш,"істинний Бог наш, що в огненних язиках з неба зіслав Пресвятого Духа на святиї Своїх учнів і апостолів спасіння нашого ради","Священник: Христос, істинний Бог наш, що живими і мертвими володіє - молитвами пречистої Cвоєї Матері, святих славних і всехвальних апостолів, святого отця нашого Івана Золотоустого, архиєпископа Константинополя, преподобних і богоносних отців наших, і святого, якого є храм, і преподобної Євфросинії Полоцької, ігумені монастиря Святого Спаса, преподобного отця нашого й ісповідника Михаїла, єпископа Синадського,, і всіх святих - помилує і спасе нас як благий і людинолюбний.","Священник: Христос, істинний Бог наш, що живими і мертвими володіє - молитвами пречистої Cвоєї Матері, святих славних і всехвальних апостолів, преподобних і богоносних отців наших, і святого, якого є храм, і преподобної Євфросинії Полоцької, ігумені монастиря Святого Спаса, преподобного отця нашого й ісповідника Михаїла, єпископа Синадського,, і всіх святих - помилує і спасе нас як благий і людинолюбний.",
Травень,24.05,7,нд,"🕀 Зіслання Святого Духа. П’ятдесятниця 🕃 Прп. Микити, стовпника, переяславського чудотв. 🕃 Прп. Симеона, що на Дивній горі","преподобного отця нашого Микити, стовпника, переяславського чудотворця, преподобного отця нашого Симеона, що на Дивній горі,",ні,,істинний Бог наш,"істинний Бог наш, що в огненних язиках з неба зіслав Пресвятого Духа на святиї Своїх учнів і апостолів спасіння нашого ради","Священник: Христос, істинний Бог наш, що в огненних язиках з неба зіслав Пресвятого Духа на святих Своїх учнів і апостолів спасіння нашого ради - молитвами пречистої Своєї Матері, святих, славних і всехвальних апостолів, святого отця нашого Івана Золотоустого, архиєпископа Константинополя, і преподобного отця нашого Микити, стовпника, переяславського чудотворця, преподобного отця нашого Симеона, що на Дивній горі,, і всіх святих - помилує і спасе нас як благий і людинолюбний.","Священник: Христос, істинний Бог наш, що в огненних язиках з неба зіслав Пресвятого Духа на святих Своїх учнів і апостолів спасіння нашого ради - молитвами пречистої Своєї Матері, святих, славних і всехвальних апостолів, і преподобного отця нашого Микити, стовпника, переяславського чудотворця, преподобного отця нашого Симеона, що на Дивній горі,, і всіх святих - помилує і спасе нас як благий і людинолюбний.",
Травень,25.05,1,пн,"Понеділок Святого Духа 🕂 Третє віднайдення чесної голови св. і славн. прор., предтечі і хрестителя Господнього Івана Блаж. сщмч. Миколи Цегельського, пресвіт.","чéсного і слáвного прорóка, предтéчі і хрестителя Госпóднього Івáна, якóго трéтього віднáйдення чéсноï голови пáм’ять сьогóдні свíтло звéршуємо, блаженного священномученика Миколи Цегельського, пресвітера,",ні,,,,"Священник: Христос, істинний Бог наш, що в огненних язиках з неба зіслав Пресвятого Духа на святих Своїх учнів і апостолів спасіння нашого ради - молитвами пречистої Своєї Матері, святих, славних і всехвальних апостолів, святого отця нашого Івана Золотоустого, архиєпископа Константинополя, і чéсного і слáвного прорóка, предтéчі і хрестителя Госпóднього Івáна, якóго трéтього віднáйдення чéсноï голови пáм’ять сьогóдні свíтло звéршуємо, блаженного священномученика Миколи Цегельського, пресвітера,, і всіх святих - помилує і спасе нас як благий і людинолюбний.","Священник: Христос, істинний Бог наш, що в огненних язиках з неба зіслав Пресвятого Духа на святих Своїх учнів і апостолів спасіння нашого ради - молитвами пречистої Своєї Матері, святих, славних і всехвальних апостолів, і чéсного і слáвного прорóка, предтéчі і хрестителя Госпóднього Івáна, якóго трéтього віднáйдення чéсноï голови пáм’ять сьогóдні свíтло звéршуємо, блаженного священномученика Миколи Цегельського, пресвітера,, і всіх святих - помилує і спасе нас як благий і людинолюбний.",
Травень,26.05,2,вв,"Св. ап. Карпа, одного із сімдесятьох","святого апостола Карпа, одного із сімдесятьох,",ні,,,,"Священник: Христос, істинний Бог наш, що в огненних язиках з неба зіслав Пресвятого Духа на святих Своїх учнів і апостолів спасіння нашого ради - молитвами пречистої Своєї Матері, святих, славних і всехвальних апостолів, святого отця нашого Івана Золотоустого, архиєпископа Константинополя, і святого апостола Карпа, одного із сімдесятьох,, і всіх святих - помилує і спасе нас як благий і людинолюбний.","Священник: Христос, істинний Бог наш, що в огненних язиках з неба зіслав Пресвятого Духа на святих Своїх учнів і апостолів спасіння нашого ради - молитвами пречистої Своєї Матері, святих, славних і всехвальних апостолів, і святого апостола Карпа, одного із сімдесятьох,, і всіх святих - помилує і спасе нас як благий і людинолюбний.",
Травень,27.05,3,ср,Св. сщмч. Терапонта,святого священномученика Терапонта,ні,,,,"Священник: Христос, істинний Бог наш, що в огненних язиках з неба зіслав Пресвятого Духа на святих Своїх учнів і апостолів спасіння нашого ради - молитвами пречистої Своєї Матері, святих, славних і всехвальних апостолів, святого отця нашого Івана Золотоустого, архиєпископа Константинополя, і святого священномученика Терапонта, і всіх святих - помилує і спасе нас як благий і людинолюбний.","Священник: Христос, істинний Бог наш, що в огненних язиках з неба зіслав Пресвятого Духа на святих Своїх учнів і апостолів спасіння нашого ради - молитвами пречистої Своєї Матері, святих, славних і всехвальних апостолів, і святого священномученика Терапонта, і всіх святих - помилує і спасе нас як благий і людинолюбний.",
Травень,28.05,4,чт,"Прп. Микити, єп. Халкедонського","преподобного отця нашого Микити, єпископа Халкедонського,",ні,,,,"Священник: Христос, істинний Бог наш, що в огненних язиках з неба зіслав Пресвятого Духа на святих Своїх учнів і апостолів спасіння нашого ради - молитвами пречистої Своєї Матері, святих, славних і всехвальних апостолів, святого отця нашого Івана Золотоустого, архиєпископа Константинополя, і преподобного отця нашого Микити, єпископа Халкедонського,, і всіх святих - помилує і спасе нас як благий і людинолюбний.","Священник: Христос, істинний Бог наш, що в огненних язиках з неба зіслав Пресвятого Духа на святих Своїх учнів і апостолів спасіння нашого ради - молитвами пречистої Своєї Матері, святих, славних і всехвальних апостолів, і преподобного отця нашого Микити, єпископа Халкедонського,, і всіх святих - помилує і спасе нас як благий і людинолюбний.",
Травень,29.05,5,пт,"Св. прпмц. Теодосії, діви","святої преподобномучениці Теодосії, діви,",ні,,,,"Священник: Христос, істинний Бог наш, що в огненних язиках з неба зіслав Пресвятого Духа на святих Своїх учнів і апостолів спасіння нашого ради - молитвами пречистої Своєї Матері, святих, славних і всехвальних апостолів, святого отця нашого Івана Золотоустого, архиєпископа Константинополя, і святої преподобномучениці Теодосії, діви,, і всіх святих - помилує і спасе нас як благий і людинолюбний.","Священник: Христос, істинний Бог наш, що в огненних язиках з неба зіслав Пресвятого Духа на святих Своїх учнів і апостолів спасіння нашого ради - молитвами пречистої Своєї Матері, святих, славних і всехвальних апостолів, і святої преподобномучениці Теодосії, діви,, і всіх святих - помилує і спасе нас як благий і людинолюбний.",
Травень,30.05,6,сб,"Прп. Ісаакія, ігум. обителі Далматської","преподобного отця нашого Ісаакія, ігумена обителі Далматської,",ні,,,,"Священник: Христос, істинний Бог наш, що в огненних язиках з неба зіслав Пресвятого Духа на святих Своїх учнів і апостолів спасіння нашого ради - молитвами пречистої Своєї Матері, святих, славних і всехвальних апостолів, святого отця нашого Івана Золотоустого, архиєпископа Константинополя, і преподобного отця нашого Ісаакія, ігумена обителі Далматської,, і всіх святих - помилує і спасе нас як благий і людинолюбний.","Священник: Христос, істинний Бог наш, що в огненних язиках з неба зіслав Пресвятого Духа на святих Своїх учнів і апостолів спасіння нашого ради - молитвами пречистої Своєї Матері, святих, славних і всехвальних апостолів, і преподобного отця нашого Ісаакія, ігумена обителі Далматської,, і всіх святих - помилує і спасе нас як благий і людинолюбний.",
Травень,31.05,7,нд,Неділя 1-ша по Зісланні Святого Духа. Всіх святих Св. ап. Єрмія Св. мч. Єрмея,"святого апостола Єрмія, святого мученика Єрмея",ні,,,,"Священник: Христос, що воскрес із мертвих, істинний Бог наш - молитвами пречистої Своєї Матері, святих славних і всехвальних апостолів, святого отця нашого Івана Золотоустого, архиєпископа Константинополя, і святого, якого є храм, і святого апостола Єрмія, святого мученика Єрмея, і всіх святих - помилує і спасе нас як благий і людинолюбний.","Священник: Христос, що воскрес із мертвих, істинний Бог наш - молитвами пречистої Своєї Матері, святих славних і всехвальних апостолів, і святого, якого є храм, і святого апостола Єрмія, святого мученика Єрмея, і всіх святих - помилує і спасе нас як благий і людинолюбний.",
Червень,01.06,1,пн,"Св. мч. Юстина, філософа, і тих, що з ним","святого мученика Юстина, філософа, і тих, що з ним",ні,,,,"Священник: Христос, істинний Бог наш - молитвами пречистої Своєї Матері, заступництвом чесних небесних сил безтілесних, святих славних і всехвальних апостолів, святого отця нашого Івана Золотоустого, архиєпископа Константинополя, і святого, якого є храм, і святого мученика Юстина, філософа, і тих, що з ним, і всіх святих - помилує і спасе нас як благий і людинолюбний.","Священник: Христос, істинний Бог наш - молитвами пречистої Своєї Матері, заступництвом чесних небесних сил безтілесних, святих славних і всехвальних апостолів, і святого, якого є храм, і святого мученика Юстина, філософа, і тих, що з ним, і всіх святих - помилує і спасе нас як благий і людинолюбний.",
Червень,02.06,2,вв,"Св. Никифора, ісп.","святого отця нашого Никифора, ісповідника",ні,,,,"Священник: Христос, істинний Бог наш - молитвами пречистої Своєї Матері, чесного і славного пророка, предтечі і хрестителя Івана, святих славних і всехвальних апостолів, святого отця нашого Івана Золотоустого, архиєпископа Константинополя, і святого, якого є храм, і святого отця нашого Никифора, ісповідника, і всіх святих - помилує і спасе нас як благий і людинолюбний.","Священник: Христос, істинний Бог наш - молитвами пречистої Своєї Матері, чесного і славного пророка, предтечі і хрестителя Івана, святих славних і всехвальних апостолів, і святого, якого є храм, і святого отця нашого Никифора, ісповідника, і всіх святих - помилує і спасе нас як благий і людинолюбний.",
Червень,03.06,3,ср,"Св. мч. Лукиліяна і тих, що з ним","святого мученика Лукиліяна і тих, що з ним",ні,,,,"Священник: Христос, істинний Бог наш - молитвами пречистої Своєї Матері, силою чесного і животворчого хреста, заступництвом святих славних і всехвальних апостолів, святого отця нашого Івана Золотоустого, архиєпископа Константинополя, і святого, якого є храм, і святого мученика Лукиліяна і тих, що з ним, і всіх святих - помилує і спасе нас як благий і людинолюбний.","Священник: Христос, істинний Бог наш - молитвами пречистої Своєї Матері, силою чесного і животворчого хреста, заступництвом святих славних і всехвальних апостолів, і святого, якого є храм, і святого мученика Лукиліяна і тих, що з ним, і всіх святих - помилує і спасе нас як благий і людинолюбний.",
Червень,04.06,4,чт,"🕀 Торжественне поклоніння пречистим Тайнам Тіла і Крови Господа нашого Ісуса Христа Св. Митрофана, патр. Царгородського","святого отця нашого Митрофана, патріарха Царгородського",так,свято,,,"Священник: Христос, істинний Бог наш, що ради превеликої любови дав нам Тіло Своє їсти і Кров Свою істинну пити на спасіння наше - молитвами пречистої Своєї Матері, святих, славних і всехвальних апостолів, святого отця нашого Івана Золотоустого, архиєпископа Константинополя, і святого отця нашого Митрофана, патріарха Царгородського, і всіх святих - помилує і спасе нас як благий і людинолюбний.","Священник: Христос, істинний Бог наш, що ради превеликої любови дав нам Тіло Своє їсти і Кров Свою істинну пити на спасіння наше - молитвами пречистої Своєї Матері, святих, славних і всехвальних апостолів, і святого отця нашого Митрофана, патріарха Царгородського, і всіх святих - помилує і спасе нас як благий і людинолюбний.",
Червень,05.06,5,пт,"Св. сщмч. Доротея, єп. Тирського Св. мч. Косми, пресвіт. вірменського","святого священномученика Доротея, єпископа Тирського, святого мученика Косми, пресвітера вірменського",ні,,,,"Священник: Христос, істинний Бог наш - молитвами пречистої Своєї Матері, силою чесного і животворчого хреста, заступництвом святих славних і всехвальних апостолів, святого отця нашого Івана Золотоустого, архиєпископа Константинополя, і святого, якого є храм, і святого священномученика Доротея, єпископа Тирського, святого мученика Косми, пресвітера вірменського, і всіх святих - помилує і спасе нас як благий і людинолюбний.","Священник: Христос, істинний Бог наш - молитвами пречистої Своєї Матері, силою чесного і животворчого хреста, заступництвом святих славних і всехвальних апостолів, і святого, якого є храм, і святого священномученика Доротея, єпископа Тирського, святого мученика Косми, пресвітера вірменського, і всіх святих - помилує і спасе нас як благий і людинолюбний.",
Червень,06.06,6,сб,"Прп. Висаріона, чудотв. Прп. Іларіона Нового, ігум. Далматської обителі, ісп.","преподобного отця нашого Висаріона, чудотворця, преподобного Іларіона Нового, ігумена Далматської обителі, ісповідника",ні,,,,"Священник: Христос, істинний Бог наш - молитвами пречистої Своєї Матері, силою чесного і животворчого Хреста, заступництвом чесних небесних сил безтілесних, чесного і славного пророка, предтечі і хрестителя Івана, святих славних і всехвальних апостолів, святого отця нашого Миколая, архиєпископа Мир Ликійських, чудотворця, святих славних і переможних мучеників, преподобних і богоносних отців наших, святого отця нашого Івана Золотоустого, архиєпископа Константинополя, святих і праведних богоотців Йоакима й Анни, і святого, якого є храм, і преподобного отця нашого Висаріона, чудотворця, преподобного Іларіона Нового, ігумена Далматської обителі, ісповідника, і всіх святих - помилує і спасе нас як благий і людинолюбний.","Священник: Христос, істинний Бог наш - молитвами пречистої Своєї Матері, силою чесного і животворчого Хреста, заступництвом чесних небесних сил безтілесних, чесного і славного пророка, предтечі і хрестителя Івана, святих славних і всехвальних апостолів, святого отця нашого Миколая, архиєпископа Мир Ликійських, чудотворця, святих славних і переможних мучеників, преподобних і богоносних отців наших, святих і праведних богоотців Йоакима й Анни, і святого, якого є храм, і преподобного отця нашого Висаріона, чудотворця, преподобного Іларіона Нового, ігумена Далматської обителі, ісповідника, і всіх святих - помилує і спасе нас як благий і людинолюбний.",
Червень,07.06,7,нд,"Неділя 2-га по Зісланні Святого Духа. Всіх святих українського народу. Св. сщмч. Теодота (Богдана), єп. Анкирського","святого священномученика Теодота (Богдана), єпископа Анкирського",ні,,,,"Священник: Священник: Христос, що воскрес із мертвих, істинний Бог наш - молитвами пречистої Своєї Матері, святих славних і всехвальних апостолів, всіх святих українського народу, святого отця нашого Івана Золотоустого, архиєпископа Константинополя, і святого священномученика Теодота (Богдана), єпископа Анкирського, і всіх святих - помилує і спасе нас як благий і людинолюбний.","Священник: Священник: Христос, що воскрес із мертвих, істинний Бог наш - молитвами пречистої Своєї Матері, святих славних і всехвальних апостолів, всіх святих українського народу, і святого священномученика Теодота (Богдана), єпископа Анкирського, і всіх святих - помилує і спасе нас як благий і людинолюбний.",
Червень,08.06,1,пн,🕃 Перенесення мощів св. вмч. Теодора Стратилата,"святого великомученика Теодора Стратилата, що його перенесення мощів сьогодні пам'ять звершуємо",ні,,,,"Священник: Христос, істинний Бог наш - молитвами пречистої Своєї Матері, заступництвом чесних небесних сил безтілесних, святих славних і всехвальних апостолів, святого отця нашого Івана Золотоустого, архиєпископа Константинополя, і святого, якого є храм, і святого великомученика Теодора Стратилата, що його перенесення мощів сьогодні пам'ять звершуємо, і всіх святих - помилує і спасе нас як благий і людинолюбний.","Священник: Христос, істинний Бог наш - молитвами пречистої Своєї Матері, заступництвом чесних небесних сил безтілесних, святих славних і всехвальних апостолів, і святого, якого є храм, і святого великомученика Теодора Стратилата, що його перенесення мощів сьогодні пам'ять звершуємо, і всіх святих - помилує і спасе нас як благий і людинолюбний.",
Червень,09.06,2,вв,"🕃 Св. Кирила, архиєп. Олександрійського","святого отця нашого Кирила, архиєпископа Олександрійського",ні,,,,"Священник: Христос, істинний Бог наш - молитвами пречистої Своєї Матері, чесного і славного пророка, предтечі і хрестителя Івана, святих славних і всехвальних апостолів, святого отця нашого Івана Золотоустого, архиєпископа Константинополя, і святого, якого є храм, і святого отця нашого Кирила, архиєпископа Олександрійського, і всіх святих - помилує і спасе нас як благий і людинолюбний.","Священник: Христос, істинний Бог наш - молитвами пречистої Своєї Матері, чесного і славного пророка, предтечі і хрестителя Івана, святих славних і всехвальних апостолів, і святого, якого є храм, і святого отця нашого Кирила, архиєпископа Олександрійського, і всіх святих - помилує і спасе нас як благий і людинолюбний.",
Червень,10.06,3,ср,"Св. сщмч. Тимотея, єп. Пруського","святого священномученика Тимотея, єпископа Пруського",ні,,,,"Священник: Христос, істинний Бог наш - молитвами пречистої Своєї Матері, силою чесного і животворчого хреста, заступництвом святих славних і всехвальних апостолів, святого отця нашого Івана Золотоустого, архиєпископа Константинополя, і святого, якого є храм, і святого священномученика Тимотея, єпископа Пруського, і всіх святих - помилує і спасе нас як благий і людинолюбний.","Священник: Христос, істинний Бог наш - молитвами пречистої Своєї Матері, силою чесного і животворчого хреста, заступництвом святих славних і всехвальних апостолів, і святого, якого є храм, і святого священномученика Тимотея, єпископа Пруського, і всіх святих - помилує і спасе нас як благий і людинолюбний.",
Червень,11.06,4,чт,🕂 Свв. апп. Вартоломея й Варнави,"святих апостолів Вартоломея й Варнави, яких сьогодні пам'ять світло звершуємо",так,свято,,,"Священник: Христос, істинний Бог наш - молитвами пречистої Своєї Матері, святих славних і всехвальних апостолів, святого отця нашого Івана Золотоустого, архиєпископа Константинополя, і святого, якого є храм, і святих апостолів Вартоломея й Варнави, яких сьогодні пам'ять світло звершуємо, і всіх святих - помилує і спасе нас як благий і людинолюбний.","Священник: Христос, істинний Бог наш - молитвами пречистої Своєї Матері, святих славних і всехвальних апостолів, і святого, якого є храм, і святих апостолів Вартоломея й Варнави, яких сьогодні пам'ять світло звершуємо, і всіх святих - помилує і спасе нас як благий і людинолюбний.","Христос, істинний Бог наш - молитвами пречистої Своєї Матері, святих славних і всехвальних апостолів, святого отця нашого Івана Золотоустого, архиєпископа Константинополя, і святого, якого є храм,"
Червень,12.06,5,пт,🕀 Свято найсолодшого Господа Бога і Спаса нашого Ісуса Христа – Чоловіколюбця 🕃 Прп. Онуфрія Великого Прп. Петра Афонського,"преподобного отця нашого Онуфрія Великого, преподобного отця нашого Петра Афонського",так,свято,,,"Священник: Христос, істинний Бог наш, що зволив дати списом серце Своє на хресті пробити і любов Свою до нас до кінця показати - молитвами пречистої Своєї Матері, святих, славних і всехвальних апостолів, святого отця нашого Івана Золотоустого, архиєпископа Константинополя, і преподобного отця нашого Онуфрія Великого, преподобного отця нашого Петра Афонського, і всіх святих - помилує і спасе нас як благий і людинолюбний.","Священник: Христос, істинний Бог наш, що зволив дати списом серце Своє на хресті пробити і любов Свою до нас до кінця показати - молитвами пречистої Своєї Матері, святих, славних і всехвальних апостолів, і преподобного отця нашого Онуфрія Великого, преподобного отця нашого Петра Афонського, і всіх святих - помилує і спасе нас як благий і людинолюбний.",
Червень,13.06,6,сб,"🕃 Сострадання Пресвятої Богородиці Св. мц. Акилини Св. Трифилія, єп. Левкусії Кипрської Прп. Антонія Падуанського","святої мучениці Акилини, святого Трифилія, єпископа Левкусії Кипрської, преподобного отця нашого Антонія Падуанського",ні,,,,"Священник: Христос, істинний Бог наш - молитвами пречистої Своєї Матері, силою чесного і животворчого Хреста, заступництвом чесних небесних сил безтілесних, чесного і славного пророка, предтечі і хрестителя Івана, святих славних і всехвальних апостолів, святого отця нашого Миколая, архиєпископа Мир Ликійських, чудотворця, святих славних і переможних мучеників, преподобних і богоносних отців наших, святого отця нашого Івана Золотоустого, архиєпископа Константинополя, святих і праведних богоотців Йоакима й Анни, і святого, якого є храм, і святої мучениці Акилини, святого Трифилія, єпископа Левкусії Кипрської, преподобного отця нашого Антонія Падуанського, і всіх святих - помилує і спасе нас як благий і людинолюбний.","Священник: Христос, істинний Бог наш - молитвами пречистої Своєї Матері, силою чесного і животворчого Хреста, заступництвом чесних небесних сил безтілесних, чесного і славного пророка, предтечі і хрестителя Івана, святих славних і всехвальних апостолів, святого отця нашого Миколая, архиєпископа Мир Ликійських, чудотворця, святих славних і переможних мучеників, преподобних і богоносних отців наших, святих і праведних богоотців Йоакима й Анни, і святого, якого є храм, і святої мучениці Акилини, святого Трифилія, єпископа Левкусії Кипрської, преподобного отця нашого Антонія Падуанського, і всіх святих - помилує і спасе нас як благий і людинолюбний.",
Червень,14.06,7,нд,"Неділя 3-тя по Зісланні Святого Духа. Св. прор. Єлисея Св. Методія, патр. Царгородського","святого пророка Єлисея, святого отця нашого Методія, патріарха Царгородського",ні,,,,"Священник: Христос, що воскрес із мертвих, істинний Бог наш - молитвами пречистої Своєї Матері, святих славних і всехвальних апостолів, святого отця нашого Івана Золотоустого, архиєпископа Константинополя, і святого, якого є храм, і святого пророка Єлисея, святого отця нашого Методія, патріарха Царгородського, і всіх святих - помилує і спасе нас як благий і людинолюбний.","Священник: Христос, що воскрес із мертвих, істинний Бог наш - молитвами пречистої Своєї Матері, святих славних і всехвальних апостолів, і святого, якого є храм, і святого пророка Єлисея, святого отця нашого Методія, патріарха Царгородського, і всіх святих - помилує і спасе нас як благий і людинолюбний.",
Червень,15.06,1,пн,"Св. прор. Амоса Прп. Єроніма, пресвіт. Стридонського","святого пророка Амоса, преподобного Єроніма, пресвітера Стридонського",ні,,,,"Священник: Христос, істинний Бог наш - молитвами пречистої Своєї Матері, заступництвом чесних небесних сил безтілесних, святих славних і всехвальних апостолів, святого отця нашого Івана Золотоустого, архиєпископа Константинополя, і святого, якого є храм, і святого пророка Амоса, преподобного Єроніма, пресвітера Стридонського, і всіх святих - помилує і спасе нас як благий і людинолюбний.","Священник: Христос, істинний Бог наш - молитвами пречистої Своєї Матері, заступництвом чесних небесних сил безтілесних, святих славних і всехвальних апостолів, і святого, якого є храм, і святого пророка Амоса, преподобного Єроніма, пресвітера Стридонського, і всіх святих - помилує і спасе нас як благий і людинолюбний.",
Червень,16.06,2,вв,Св. і чудотв. Тихона Аматунтського,святого отця нашого і чудотворця Тихона Аматунтського,ні,,,,"Священник: Христос, істинний Бог наш - молитвами пречистої Своєї Матері, чесного і славного пророка, предтечі і хрестителя Івана, святих славних і всехвальних апостолів, святого отця нашого Івана Золотоустого, архиєпископа Константинополя, і святого, якого є храм, і святого отця нашого і чудотворця Тихона Аматунтського, і всіх святих - помилує і спасе нас як благий і людинолюбний.","Священник: Христос, істинний Бог наш - молитвами пречистої Своєї Матері, чесного і славного пророка, предтечі і хрестителя Івана, святих славних і всехвальних апостолів, і святого, якого є храм, і святого отця нашого і чудотворця Тихона Аматунтського, і всіх святих - помилує і спасе нас як благий і людинолюбний.",
Червень,17.06,3,ср,"Свв. мчч. Мануїла, Савела й Ісмаїла Прп. Іпатія, ігум. Руфеніанського","святих мучеників Мануїла, Савела й Ісмаїла, преподобного отця нашого Іпатія, ігумена Руфеніанського",ні,,,,"Священник: Христос, істинний Бог наш - молитвами пречистої Своєї Матері, силою чесного і животворчого хреста, заступництвом святих славних і всехвальних апостолів, святого отця нашого Івана Золотоустого, архиєпископа Константинополя, і святого, якого є храм, і святих мучеників Мануїла, Савела й Ісмаїла, преподобного отця нашого Іпатія, ігумена Руфеніанського, і всіх святих - помилує і спасе нас як благий і людинолюбний.","Священник: Христос, істинний Бог наш - молитвами пречистої Своєї Матері, силою чесного і животворчого хреста, заступництвом святих славних і всехвальних апостолів, і святого, якого є храм, і святих мучеників Мануїла, Савела й Ісмаїла, преподобного отця нашого Іпатія, ігумена Руфеніанського, і всіх святих - помилує і спасе нас як благий і людинолюбний.",
Червень,18.06,4,чт,Св. мч. Леонтія,святого мученика Леонтія,ні,,,,"Священник: Христос, істинний Бог наш - молитвами пречистої Своєї Матері, святих славних і всехвальних апостолів, святого отця нашого Миколая, архиєпископа Мир Ликійських, чудотворця, святого отця нашого Івана Золотоустого, архиєпископа Константинополя, і святого, якого є храм, і святого мученика Леонтія, і всіх святих - помилує і спасе нас як благий і людинолюбний.","Священник: Христос, істинний Бог наш - молитвами пречистої Своєї Матері, святих славних і всехвальних апостолів, святого отця нашого Миколая, архиєпископа Мир Ликійських, чудотворця, і святого, якого є храм, і святого мученика Леонтія, і всіх святих - помилує і спасе нас як благий і людинолюбний.",
Червень,19.06,5,пт,"🕂 Св. ап. Юди, брата Господнього","святого апостола Юди, брата Господнього, якого сьогодні пам'ять світло звершуємо",так,свято,,,"Священник: Христос, істинний Бог наш - молитвами пречистої Своєї Матері, святих славних і всехвальних апостолів, святого отця нашого Івана Золотоустого, архиєпископа Константинополя, і святого, якого є храм, і святого апостола Юди, брата Господнього, якого сьогодні пам'ять світло звершуємо, і всіх святих - помилує і спасе нас як благий і людинолюбний.","Священник: Христос, істинний Бог наш - молитвами пречистої Своєї Матері, святих славних і всехвальних апостолів, і святого, якого є храм, і святого апостола Юди, брата Господнього, якого сьогодні пам'ять світло звершуємо, і всіх святих - помилує і спасе нас як благий і людинолюбний.","Христос, істинний Бог наш - молитвами пречистої Своєї Матері, святих славних і всехвальних апостолів, святого отця нашого Івана Золотоустого, архиєпископа Константинополя, і святого, якого є храм,"
Червень,20.06,6,сб,"Св. сщмч. Методія, єп. Патарського","святого священномученика Методія, єпископа Патарського",ні,,,,"Священник: Христос, істинний Бог наш - молитвами пречистої Своєї Матері, силою чесного і животворчого Хреста, заступництвом чесних небесних сил безтілесних, чесного і славного пророка, предтечі і хрестителя Івана, святих славних і всехвальних апостолів, святого отця нашого Миколая, архиєпископа Мир Ликійських, чудотворця, святих славних і переможних мучеників, преподобних і богоносних отців наших, святого отця нашого Івана Золотоустого, архиєпископа Константинополя, святих і праведних богоотців Йоакима й Анни, і святого, якого є храм, і святого священномученика Методія, єпископа Патарського, і всіх святих - помилує і спасе нас як благий і людинолюбний.","Священник: Христос, істинний Бог наш - молитвами пречистої Своєї Матері, силою чесного і животворчого Хреста, заступництвом чесних небесних сил безтілесних, чесного і славного пророка, предтечі і хрестителя Івана, святих славних і всехвальних апостолів, святого отця нашого Миколая, архиєпископа Мир Ликійських, чудотворця, святих славних і переможних мучеників, преподобних і богоносних отців наших, святих і праведних богоотців Йоакима й Анни, і святого, якого є храм, і святого священномученика Методія, єпископа Патарського, і всіх святих - помилує і спасе нас як благий і людинолюбний.",
Червень,21.06,7,нд,Неділя 4-та по Зісланні Святого Духа. Св. мч. Юліана Тарсійського,святого мученика Юліана Тарсійського,ні,,,,"Священник: Христос, що воскрес із мертвих, істинний Бог наш - молитвами пречистої Своєї Матері, святих славних і всехвальних апостолів, святого отця нашого Івана Золотоустого, архиєпископа Константинополя, і святого, якого є храм, і святого мученика Юліана Тарсійського, і всіх святих - помилує і спасе нас як благий і людинолюбний.","Священник: Христос, що воскрес із мертвих, істинний Бог наш - молитвами пречистої Своєї Матері, святих славних і всехвальних апостолів, і святого, якого є храм, і святого мученика Юліана Тарсійського, і всіх святих - помилує і спасе нас як благий і людинолюбний.",
Червень,22.06,1,пн,"Св. сщмч. Євсевія, єп. Самосатського","святого священномученика Євсевія, єпископа Самосатського",ні,,,,"Священник: Христос, істинний Бог наш - молитвами пречистої Своєї Матері, заступництвом чесних небесних сил безтілесних, святих славних і всехвальних апостолів, святого отця нашого Івана Золотоустого, архиєпископа Константинополя, і святого, якого є храм, і святого священномученика Євсевія, єпископа Самосатського, і всіх святих - помилує і спасе нас як благий і людинолюбний.","Священник: Христос, істинний Бог наш - молитвами пречистої Своєї Матері, заступництвом чесних небесних сил безтілесних, святих славних і всехвальних апостолів, і святого, якого є храм, і святого священномученика Євсевія, єпископа Самосатського, і всіх святих - помилує і спасе нас як благий і людинолюбний.",
Червень,23.06,2,вв,Св. мц. Агрипіни,святої мучениці Агрипіни,ні,,,,"Священник: Христос, істинний Бог наш - молитвами пречистої Своєї Матері, чесного і славного пророка, предтечі і хрестителя Івана, святих славних і всехвальних апостолів, святого отця нашого Івана Золотоустого, архиєпископа Константинополя, і святого, якого є храм, і святої мучениці Агрипіни, і всіх святих - помилує і спасе нас як благий і людинолюбний.","Священник: Христос, істинний Бог наш - молитвами пречистої Своєї Матері, чесного і славного пророка, предтечі і хрестителя Івана, святих славних і всехвальних апостолів, і святого, якого є храм, і святої мучениці Агрипіни, і всіх святих - помилує і спасе нас як благий і людинолюбний.",
Червень,24.06,3,ср,"🕀 Різдво чесного і славн. прор., предтечі і хрестителя Господнього Івана",,так,свято,,,"Священник: Христос, істинний Бог наш - молитвами пречистої Своєї Матері, чесного і славного пророка, предтечі і христителя Господнього Івана, якого свято різдва сьогодні світло звершуємо, святого отця нашого Івана Золотоустого, архиєпископа Константинополя, і всіх святих - помилує і спасе нас як благий і людинолюбний.","Священник: Христос, істинний Бог наш - молитвами пречистої Своєї Матері, чесного і славного пророка, предтечі і христителя Господнього Івана, якого свято різдва сьогодні світло звершуємо, і всіх святих - помилує і спасе нас як благий і людинолюбний.","Христос, істинний Бог наш - молитвами пречистої Своєї Матері, чесного і славного пророка, предтечі і христителя Господнього Івана, якого свято різдва сьогодні світло звершуємо, святого отця нашого Івана Золотоустого, архиєпископа Константинополя,"
Червень,25.06,4,чт,Св. прпмц. Февронії,святої преподобномучениці Февронії,так,посвяття,,,"Священник: Христос, істинний Бог наш - молитвами пречистої Своєї Матері, чесного і славного пророка, предтечі і христителя Господнього Івана, якого свято різдва звершуємо, святого отця нашого Івана Золотоустого, архиєпископа Константинополя, і святої преподобномучениці Февронії, і всіх святих - помилує і спасе нас як благий і людинолюбний.","Священник: Христос, істинний Бог наш - молитвами пречистої Своєї Матері, чесного і славного пророка, предтечі і христителя Господнього Івана, якого свято різдва звершуємо, і святої преподобномучениці Февронії, і всіх святих - помилує і спасе нас як благий і людинолюбний.","Христос, істинний Бог наш - молитвами пречистої Своєї Матері, чесного і славного пророка, предтечі і христителя Господнього Івана, якого свято різдва сьогодні світло звершуємо, святого отця нашого Івана Золотоустого, архиєпископа Константинополя, "
Червень,26.06,5,пт,"Прп. Давида, що в Солуні Блаж. сщмч. Андрія Іщака, пресвіт. Блаж. сщмч. Миколи Конрада, пресвіт., і мч. Володимира Прийми, співця","преподобного отця нашого Давида, що в Солуні, блаженного священномученика Андрія Іщака, пресвітера, блаженних священномученика Миколи Конрада, пресвітера, і мученика Володимира Прийми, співця",ні,,,,"Священник: Христос, істинний Бог наш - молитвами пречистої Своєї Матері, силою чесного і животворчого хреста, заступництвом святих славних і всехвальних апостолів, святого отця нашого Івана Золотоустого, архиєпископа Константинополя, і святого, якого є храм, і преподобного отця нашого Давида, що в Солуні, блаженного священномученика Андрія Іщака, пресвітера, блаженних священномученика Миколи Конрада, пресвітера, і мученика Володимира Прийми, співця, і всіх святих - помилує і спасе нас як благий і людинолюбний.","Священник: Христос, істинний Бог наш - молитвами пречистої Своєї Матері, силою чесного і животворчого хреста, заступництвом святих славних і всехвальних апостолів, і святого, якого є храм, і преподобного отця нашого Давида, що в Солуні, блаженного священномученика Андрія Іщака, пресвітера, блаженних священномученика Миколи Конрада, пресвітера, і мученика Володимира Прийми, співця, і всіх святих - помилує і спасе нас як благий і людинолюбний.",
Червень,27.06,6,сб,"🕁 Блаж. сщмч. Миколая Чарнецького і двадцяти чотирьох співмучеників; блаженного сщмч. Омеляна Ковча Прп. Сампсона, приятеля подорожніх й убогих","блаженного священномученика Миколая Чарнецького і двадцяти чотирьох співмучеників, яких сьогодні пам'ять світло звершуємо, блаженного священномученика Омеляна Ковча, преподобного отця нашого Сампсона, приятеля подорожніх й убогих",так,свято,,,"Священник: Христос, істинний Бог наш - молитвами пречистої Своєї Матері, святих славних і всехвальних апостолів, святого отця нашого Івана Золотоустого, архиєпископа Константинополя, і святого, якого є храм, і блаженного священномученика Миколая Чарнецького і двадцяти чотирьох співмучеників, яких сьогодні пам'ять світло звершуємо, блаженного священномученика Омеляна Ковча, преподобного отця нашого Сампсона, приятеля подорожніх й убогих, і всіх святих - помилує і спасе нас як благий і людинолюбний.","Священник: Христос, істинний Бог наш - молитвами пречистої Своєї Матері, святих славних і всехвальних апостолів, і святого, якого є храм, і блаженного священномученика Миколая Чарнецького і двадцяти чотирьох співмучеників, яких сьогодні пам'ять світло звершуємо, блаженного священномученика Омеляна Ковча, преподобного отця нашого Сампсона, приятеля подорожніх й убогих, і всіх святих - помилує і спасе нас як благий і людинолюбний.","Христос, істинний Бог наш - молитвами пречистої Своєї Матері, святих славних і всехвальних апостолів, святого отця нашого Івана Золотоустого, архиєпископа Константинополя, і святого, якого є храм,"
Червень,28.06,7,нд,Неділя 5-та по Зісланні Святого Духа. 🕃 Перенесення мощів свв. безср. Кира і Івана,"святих безсрібників Кира і Івана, яких перенесення мощів сьогодні пам'ять звершуємо",ні,,,,"Священник: Христос, що воскрес із мертвих, істинний Бог наш - молитвами пречистої Своєї Матері, святих славних і всехвальних апостолів, святого отця нашого Івана Золотоустого, архиєпископа Константинополя, і святого, якого є храм, і святих безсрібників Кира і Івана, яких перенесення мощів сьогодні пам'ять звершуємо, і всіх святих - помилує і спасе нас як благий і людинолюбний.","Священник: Христос, що воскрес із мертвих, істинний Бог наш - молитвами пречистої Своєї Матері, святих славних і всехвальних апостолів, і святого, якого є храм, і святих безсрібників Кира і Івана, яких перенесення мощів сьогодні пам'ять звершуємо, і всіх святих - помилує і спасе нас як благий і людинолюбний.",
Червень,29.06,1,пн,🕀 Свв. славних і всехвальних первоверховних апп. Петра й Павла,,так,свято,,,"Священник: Христос, істинний Бог наш - молитвами пречистої Своєї Матері, святих славних і всехвальних первоверховних апостолів Петра і Павла, яких сьогодні торжественне свято світло звершуємо, святого отця нашого Івана Золотоустого, архиєпископа Константинополя, і всіх святих - помилує і спасе нас як благий і людинолюбний.","Священник: Христос, істинний Бог наш - молитвами пречистої Своєї Матері, святих славних і всехвальних первоверховних апостолів Петра і Павла, яких сьогодні торжественне свято світло звершуємо, і всіх святих - помилує і спасе нас як благий і людинолюбний.","Христос, істинний Бог наш - молитвами пречистої Своєї Матері, святих славних і всехвальних первоверховних апостолів Петра і Павла, яких сьогодні торжественне свято світло звершуємо, святого отця нашого Івана Золотоустого, архиєпископа Константинополя,"
Червень,30.06,2,вв,🕂 Собор свв. славних і всехвальних дванадцяти апп. Блаж. сщмч. Василія Величковського,блаженного священномученика Василія Величковського,так,свято,,,"Священник: Христос, істинний Бог наш - молитвами пречистої Своєї Матері, святих славних і всехвальних дванадцяти апостолів, яких сьогодні собору пам'ять світло звершуємо, святого отця нашого Івана Золотоустого, архиєпископа Константинополя, і святого, якого є храм, і блаженного священномученика Василія Величковського, і всіх святих - помилує і спасе нас як благий і людинолюбний.","Священник: Христос, істинний Бог наш - молитвами пречистої Своєї Матері, святих славних і всехвальних дванадцяти апостолів, яких сьогодні собору пам'ять світло звершуємо, і святого, якого є храм, і блаженного священномученика Василія Величковського, і всіх святих - помилує і спасе нас як благий і людинолюбний.","Христос, істинний Бог наш - молитвами пречистої Своєї Матері, святих славних і всехвальних дванадцяти апостолів, яких сьогодні собору пам'ять світло звершуємо, святого отця нашого Івана Золотоустого, архиєпископа Константинополя, і святого, якого є храм,"
Липень,01.07,3,ср,🕃 Свв. безср. і чудотв. Косми й Дам’яна,святих безсрібників і чудотворців Косми й Дам’яна,ні,,,,"Священник: Христос, істинний Бог наш - молитвами пречистої Своєї Матері, силою чесного і животворчого хреста, заступництвом святих славних і всехвальних апостолів, святого отця нашого Івана Золотоустого, архиєпископа Константинополя, і святого, якого є храм, і святих безсрібників і чудотворців Косми й Дам’яна, і всіх святих - помилує і спасе нас як благий і людинолюбний.","Священник: Христос, істинний Бог наш - молитвами пречистої Своєї Матері, силою чесного і животворчого хреста, заступництвом святих славних і всехвальних апостолів, і святого, якого є храм, і святих безсрібників і чудотворців Косми й Дам’яна, і всіх святих - помилує і спасе нас як благий і людинолюбний.",
Липень,02.07,4,чт,🕂 Положення чесної ризи Пресвятої Владичиці нашої Богородиці у Влахерні,,так,свято,,,"Священник: Христос, істинний Бог наш - молитвами пречистої Своєї Матері, якої чесної ризи положення у Влахерні сьогодні пам'ять світло звершуємо, святих славних і всехвальних апостолів, святого отця нашого Івана Золотоустого, архиєпископа Константинополя, і святого, якого є храм, і всіх святих - помилує і спасе нас як благий і людинолюбний.","Священник: Христос, істинний Бог наш - молитвами пречистої Своєї Матері, якої чесної ризи положення у Влахерні сьогодні пам'ять світло звершуємо, святих славних і всехвальних апостолів, і святого, якого є храм, і всіх святих - помилує і спасе нас як благий і людинолюбний.","Христос, істинний Бог наш - молитвами пречистої Своєї Матері, якої чесної ризи положення у Влахерні сьогодні пам'ять світло звершуємо, святих славних і всехвальних апостолів, святого отця нашого Івана Золотоустого, архиєпископа Константинополя, і святого, якого є храм,"
Липень,03.07,5,пт,Св. мч. Якинта,святого мученика Якинта,ні,,,,"Священник: Христос, істинний Бог наш - молитвами пречистої Своєї Матері, силою чесного і животворчого хреста, заступництвом святих славних і всехвальних апостолів, святого отця нашого Івана Золотоустого, архиєпископа Константинополя, і святого, якого є храм, і святого мученика Якинта, і всіх святих - помилує і спасе нас як благий і людинолюбний.","Священник: Христос, істинний Бог наш - молитвами пречистої Своєї Матері, силою чесного і животворчого хреста, заступництвом святих славних і всехвальних апостолів, і святого, якого є храм, і святого мученика Якинта, і всіх святих - помилує і спасе нас як благий і людинолюбний.",
Липень,04.07,6,сб,"Св. Андрія, архиєп. Критського, єрусалимлянина Прп. Марти, матері св. Симеона Дивногорця","святого отця нашого Андрія, архиєпископа Критського, єрусалимлянина, преподобної Марти, матері святого Симеона Дивногорця",ні,,,,"Священник: Христос, істинний Бог наш - молитвами пречистої Своєї Матері, силою чесного і животворчого Хреста, заступництвом чесних небесних сил безтілесних, чесного і славного пророка, предтечі і хрестителя Івана, святих славних і всехвальних апостолів, святого отця нашого Миколая, архиєпископа Мир Ликійських, чудотворця, святих славних і переможних мучеників, преподобних і богоносних отців наших, святого отця нашого Івана Золотоустого, архиєпископа Константинополя, святих і праведних богоотців Йоакима й Анни, і святого, якого є храм, і святого отця нашого Андрія, архиєпископа Критського, єрусалимлянина, преподобної Марти, матері святого Симеона Дивногорця, і всіх святих - помилує і спасе нас як благий і людинолюбний.","Священник: Христос, істинний Бог наш - молитвами пречистої Своєї Матері, силою чесного і животворчого Хреста, заступництвом чесних небесних сил безтілесних, чесного і славного пророка, предтечі і хрестителя Івана, святих славних і всехвальних апостолів, святого отця нашого Миколая, архиєпископа Мир Ликійських, чудотворця, святих славних і переможних мучеників, преподобних і богоносних отців наших, святих і праведних богоотців Йоакима й Анни, і святого, якого є храм, і святого отця нашого Андрія, архиєпископа Критського, єрусалимлянина, преподобної Марти, матері святого Симеона Дивногорця, і всіх святих - помилує і спасе нас як благий і людинолюбний.",
Липень,05.07,7,нд,🕁 Свято Матері Божої Неустанної Помочі 🕂 Прп. Атанасія Афонського,"преподобного отця нашого Атанасія Афонського, якого сьогодні пам'ять світло звершуємо",так,свято,,,"Священник: Христос, що воскрес із мертвих, істинний Бог наш - молитвами пречистої Своєї Матері, святих славних і всехвальних апостолів, святого отця нашого Івана Золотоустого, архиєпископа Константинополя, і святого, якого є храм, і преподобного отця нашого Атанасія Афонського, якого сьогодні пам'ять світло звершуємо, і всіх святих - помилує і спасе нас як благий і людинолюбний.","Священник: Христос, що воскрес із мертвих, істинний Бог наш - молитвами пречистої Своєї Матері, святих славних і всехвальних апостолів, і святого, якого є храм, і преподобного отця нашого Атанасія Афонського, якого сьогодні пам'ять світло звершуємо, і всіх святих - помилує і спасе нас як благий і людинолюбний.","Христос, істинний Бог наш - молитвами пречистої Своєї Матері, святих славних і всехвальних апостолів, святого отця нашого Івана Золотоустого, архиєпископа Константинополя, і святого, якого є храм,"
Липень,06.07,1,пн,Прп. Сисоя Великого,преподобного отця нашого Сисоя Великого,ні,,,,"Священник: Христос, істинний Бог наш - молитвами пречистої Своєї Матері, заступництвом чесних небесних сил безтілесних, святих славних і всехвальних апостолів, святого отця нашого Івана Золотоустого, архиєпископа Константинополя, і святого, якого є храм, і преподобного отця нашого Сисоя Великого, і всіх святих - помилує і спасе нас як благий і людинолюбний.","Священник: Христос, істинний Бог наш - молитвами пречистої Своєї Матері, заступництвом чесних небесних сил безтілесних, святих славних і всехвальних апостолів, і святого, якого є храм, і преподобного отця нашого Сисоя Великого, і всіх святих - помилує і спасе нас як благий і людинолюбний.",
Липень,07.07,2,вв,"Прпп. Томи, що в Малеї, і Акакія, про якого згадує «Ліствиця»","преподобних отців наших Томи, що в Малеї, і Акакія, про якого згадує «Ліствиця»",ні,,,,"Священник: Христос, істинний Бог наш - молитвами пречистої Своєї Матері, чесного і славного пророка, предтечі і хрестителя Івана, святих славних і всехвальних апостолів, святого отця нашого Івана Золотоустого, архиєпископа Константинополя, і святого, якого є храм, і преподобних отців наших Томи, що в Малеї, і Акакія, про якого згадує «Ліствиця», і всіх святих - помилує і спасе нас як благий і людинолюбний.","Священник: Христос, істинний Бог наш - молитвами пречистої Своєї Матері, чесного і славного пророка, предтечі і хрестителя Івана, святих славних і всехвальних апостолів, і святого, якого є храм, і преподобних отців наших Томи, що в Малеї, і Акакія, про якого згадує «Ліствиця», і всіх святих - помилує і спасе нас як благий і людинолюбний.",
Липень,08.07,3,ср,🕃 Св. вмч. Прокопія,святого великомученика Прокопія,ні,,,,"Священник: Христос, істинний Бог наш - молитвами пречистої Своєї Матері, силою чесного і животворчого хреста, заступництвом святих славних і всехвальних апостолів, святого отця нашого Івана Золотоустого, архиєпископа Константинополя, і святого, якого є храм, і святого великомученика Прокопія, і всіх святих - помилує і спасе нас як благий і людинолюбний.","Священник: Христос, істинний Бог наш - молитвами пречистої Своєї Матері, силою чесного і животворчого хреста, заступництвом святих славних і всехвальних апостолів, і святого, якого є храм, і святого великомученика Прокопія, і всіх святих - помилує і спасе нас як благий і людинолюбний.",
Липень,09.07,4,чт,"Св. сщмч. Панкратія, єп. Тавроменійського","святого священномученика Панкратія, єпископа Тавроменійського",ні,,,,"Священник: Христос, істинний Бог наш - молитвами пречистої Своєї Матері, святих славних і всехвальних апостолів, святого отця нашого Миколая, архиєпископа Мир Ликійських, чудотворця, святого отця нашого Івана Золотоустого, архиєпископа Константинополя, і святого, якого є храм, і святого священномученика Панкратія, єпископа Тавроменійського, і всіх святих - помилує і спасе нас як благий і людинолюбний.","Священник: Христос, істинний Бог наш - молитвами пречистої Своєї Матері, святих славних і всехвальних апостолів, святого отця нашого Миколая, архиєпископа Мир Ликійських, чудотворця, і святого, якого є храм, і святого священномученика Панкратія, єпископа Тавроменійського, і всіх святих - помилує і спасе нас як благий і людинолюбний.",
Липень,10.07,5,пт,"🕂 Прп. Антонія Печерського, Київського Свв. сорока п’ятьох мчч., що в Нікополі Вірменському Свв. братів-мчч. Франциска, Мутія і Рафаїла і тих, що з ними вбиті в Дамаску","преподобного отця нашого Антонія Печерського, Київського, якого сьогодні пам'ять світло звершуємо, святих сорока п’ятьох мучеників, що в Нікополі Вірменському, святих братів-мучеників Франциска, Мутія і Рафаїла і тих, що з ними вбиті в Дамаску",так,свято,,,"Священник: Христос, істинний Бог наш - молитвами пречистої Своєї Матері, святих славних і всехвальних апостолів, святого отця нашого Івана Золотоустого, архиєпископа Константинополя, і святого, якого є храм, і преподобного отця нашого Антонія Печерського, Київського, якого сьогодні пам'ять світло звершуємо, святих сорока п’ятьох мучеників, що в Нікополі Вірменському, святих братів-мучеників Франциска, Мутія і Рафаїла і тих, що з ними вбиті в Дамаску, і всіх святих - помилує і спасе нас як благий і людинолюбний.","Священник: Христос, істинний Бог наш - молитвами пречистої Своєї Матері, святих славних і всехвальних апостолів, і святого, якого є храм, і преподобного отця нашого Антонія Печерського, Київського, якого сьогодні пам'ять світло звершуємо, святих сорока п’ятьох мучеників, що в Нікополі Вірменському, святих братів-мучеників Франциска, Мутія і Рафаїла і тих, що з ними вбиті в Дамаску, і всіх святих - помилує і спасе нас як благий і людинолюбний.","Христос, істинний Бог наш - молитвами пречистої Своєї Матері, святих славних і всехвальних апостолів, святого отця нашого Івана Золотоустого, архиєпископа Константинополя, і святого, якого є храм,"
Липень,11.07,6,сб,"🕂 Переставл. блаж. Ольги, княгині Київської, у хрещенні названої Оленою 🕃 Св. мц. і прехвальної Євфимії","переставлення блаженної Ольги, княгині Київської, у хрещенні названої Оленою, якої сьогодні пам'ять світло звершуємо, святої мучениці і прехвальної Євфимії",так,свято,,,"Священник: Христос, істинний Бог наш - молитвами пречистої Своєї Матері, святих славних і всехвальних апостолів, святого отця нашого Івана Золотоустого, архиєпископа Константинополя, і святого, якого є храм, і переставлення блаженної Ольги, княгині Київської, у хрещенні названої Оленою, якої сьогодні пам'ять світло звершуємо, святої мучениці і прехвальної Євфимії, і всіх святих - помилує і спасе нас як благий і людинолюбний.","Священник: Христос, істинний Бог наш - молитвами пречистої Своєї Матері, святих славних і всехвальних апостолів, і святого, якого є храм, і переставлення блаженної Ольги, княгині Київської, у хрещенні названої Оленою, якої сьогодні пам'ять світло звершуємо, святої мучениці і прехвальної Євфимії, і всіх святих - помилує і спасе нас як благий і людинолюбний.","Христос, істинний Бог наш - молитвами пречистої Своєї Матері, святих славних і всехвальних апостолів, святого отця нашого Івана Золотоустого, архиєпископа Константинополя, і святого, якого є храм,"
Липень,12.07,7,нд,Неділя 7-ма по Зісланні Святого Духа. Свв. мчч. Прокла й Іларія Прп. Михаїла Малеїна,"святих мучеників Прокла й Іларія, преподобного отця нашого Михаїла Малеїна",ні,,,,"Священник: Христос, що воскрес із мертвих, істинний Бог наш - молитвами пречистої Своєї Матері, святих славних і всехвальних апостолів, святого отця нашого Івана Золотоустого, архиєпископа Константинополя, і святого, якого є храм, і святих мучеників Прокла й Іларія, преподобного отця нашого Михаїла Малеїна, і всіх святих - помилує і спасе нас як благий і людинолюбний.","Священник: Христос, що воскрес із мертвих, істинний Бог наш - молитвами пречистої Своєї Матері, святих славних і всехвальних апостолів, і святого, якого є храм, і святих мучеників Прокла й Іларія, преподобного отця нашого Михаїла Малеїна, і всіх святих - помилує і спасе нас як благий і людинолюбний.",
Липень,13.07,1,пн,"🕃 Собор св. архангела Гавриїла Прп. Стефана Савваїта Св. Юліана, єп. Кеноманійського","святого архангела Гавриїла, що його собору пам'ять сьогодні звершуємо, преподобного отця нашого Стефана Савваїта, святого отця нашого Юліана, єпископа Кеноманійського",ні,,,,"Священник: Христос, істинний Бог наш - молитвами пречистої Своєї Матері, заступництвом чесних небесних сил безтілесних, святих славних і всехвальних апостолів, святого отця нашого Івана Золотоустого, архиєпископа Константинополя, і святого, якого є храм, і святого архангела Гавриїла, що його собору пам'ять сьогодні звершуємо, преподобного отця нашого Стефана Савваїта, святого отця нашого Юліана, єпископа Кеноманійського, і всіх святих - помилує і спасе нас як благий і людинолюбний.","Священник: Христос, істинний Бог наш - молитвами пречистої Своєї Матері, заступництвом чесних небесних сил безтілесних, святих славних і всехвальних апостолів, і святого, якого є храм, і святого архангела Гавриїла, що його собору пам'ять сьогодні звершуємо, преподобного отця нашого Стефана Савваїта, святого отця нашого Юліана, єпископа Кеноманійського, і всіх святих - помилує і спасе нас як благий і людинолюбний.",
Липень,14.07,2,вв,🕃 Св. ап. Акили,"святого апостола Акили, святих отців шести Вселенських Соборів",ні,,,,"Священник: Христос, істинний Бог наш - молитвами пречистої Своєї Матері, чесного і славного пророка, предтечі і хрестителя Івана, святих славних і всехвальних апостолів, святого отця нашого Івана Золотоустого, архиєпископа Константинополя, і святого, якого є храм, і святого апостола Акили, святих отців шести Вселенських Соборів, і всіх святих - помилує і спасе нас як благий і людинолюбний.","Священник: Христос, істинний Бог наш - молитвами пречистої Своєї Матері, чесного і славного пророка, предтечі і хрестителя Івана, святих славних і всехвальних апостолів, і святого, якого є храм, і святого апостола Акили, святих отців шести Вселенських Соборів, і всіх святих - помилує і спасе нас як благий і людинолюбний.",
Липень,15.07,3,ср,"🕁 Св. рівноап., вел. князя Володимира, у святому хрещенні названого Василієм Свв. мчч. Кирика і Юліти","святого рівноапостольного, великого князя Володимира, у святому хрещенні названого Василієм, якого сьогодні пам'ять світло звершуємо, святих мучеників Кирика і Юліти",так,свято,,,"Священник: Христос, істинний Бог наш - молитвами пречистої Своєї Матері, святих славних і всехвальних апостолів, святого отця нашого Івана Золотоустого, архиєпископа Константинополя, і святого, якого є храм, і святого рівноапостольного, великого князя Володимира, у святому хрещенні названого Василієм, якого сьогодні пам'ять світло звершуємо, святих мучеників Кирика і Юліти, і всіх святих - помилує і спасе нас як благий і людинолюбний.","Священник: Христос, істинний Бог наш - молитвами пречистої Своєї Матері, святих славних і всехвальних апостолів, і святого, якого є храм, і святого рівноапостольного, великого князя Володимира, у святому хрещенні названого Василієм, якого сьогодні пам'ять світло звершуємо, святих мучеників Кирика і Юліти, і всіх святих - помилує і спасе нас як благий і людинолюбний.","Христос, істинний Бог наш - молитвами пречистої Своєї Матері, святих славних і всехвальних апостолів, святого отця нашого Івана Золотоустого, архиєпископа Константинополя, і святого, якого є храм,"
Липень,16.07,4,чт,Св. сщмч. Атеногена і десятьох учнів його,святого священномученика Атеногена і десятьох учнів його,ні,,,,"Священник: Христос, істинний Бог наш - молитвами пречистої Своєї Матері, святих славних і всехвальних апостолів, святого отця нашого Миколая, архиєпископа Мир Ликійських, чудотворця, святого отця нашого Івана Золотоустого, архиєпископа Константинополя, і святого, якого є храм, і святого священномученика Атеногена і десятьох учнів його, і всіх святих - помилує і спасе нас як благий і людинолюбний.","Священник: Христос, істинний Бог наш - молитвами пречистої Своєї Матері, святих славних і всехвальних апостолів, святого отця нашого Миколая, архиєпископа Мир Ликійських, чудотворця, і святого, якого є храм, і святого священномученика Атеногена і десятьох учнів його, і всіх святих - помилує і спасе нас як благий і людинолюбний.",
Липень,17.07,5,пт,"🕃 Св. вмц. Марини Блаж. сщмч. Павла Гойдича, єп. Пряшівського","святої великомучениці Марини, блаженного священномученика Павла Гойдича, єпископа Пряшівського",ні,,,,"Священник: Христос, істинний Бог наш - молитвами пречистої Своєї Матері, силою чесного і животворчого хреста, заступництвом святих славних і всехвальних апостолів, святого отця нашого Івана Золотоустого, архиєпископа Константинополя, і святого, якого є храм, і святої великомучениці Марини, блаженного священномученика Павла Гойдича, єпископа Пряшівського, і всіх святих - помилує і спасе нас як благий і людинолюбний.","Священник: Христос, істинний Бог наш - молитвами пречистої Своєї Матері, силою чесного і животворчого хреста, заступництвом святих славних і всехвальних апостолів, і святого, якого є храм, і святої великомучениці Марини, блаженного священномученика Павла Гойдича, єпископа Пряшівського, і всіх святих - помилує і спасе нас як благий і людинолюбний.",
Липень,18.07,6,сб,"Св. мч. Якинта, що в Амастриді Св. мч. Еміліяна Блаж. прпмц. Тарсикії Мацьків","святого мученика Якинта, що в Амастриді, святого мученика Еміліяна, блаженної преподобномучениці Тарсикії Мацьків",ні,,,,"Священник: Христос, істинний Бог наш - молитвами пречистої Своєї Матері, силою чесного і животворчого Хреста, заступництвом чесних небесних сил безтілесних, чесного і славного пророка, предтечі і хрестителя Івана, святих славних і всехвальних апостолів, святого отця нашого Миколая, архиєпископа Мир Ликійських, чудотворця, святих славних і переможних мучеників, преподобних і богоносних отців наших, святого отця нашого Івана Золотоустого, архиєпископа Константинополя, святих і праведних богоотців Йоакима й Анни, і святого, якого є храм, і святого мученика Якинта, що в Амастриді, святого мученика Еміліяна, блаженної преподобномучениці Тарсикії Мацьків, і всіх святих - помилує і спасе нас як благий і людинолюбний.","Священник: Христос, істинний Бог наш - молитвами пречистої Своєї Матері, силою чесного і животворчого Хреста, заступництвом чесних небесних сил безтілесних, чесного і славного пророка, предтечі і хрестителя Івана, святих славних і всехвальних апостолів, святого отця нашого Миколая, архиєпископа Мир Ликійських, чудотворця, святих славних і переможних мучеників, преподобних і богоносних отців наших, святих і праведних богоотців Йоакима й Анни, і святого, якого є храм, і святого мученика Якинта, що в Амастриді, святого мученика Еміліяна, блаженної преподобномучениці Тарсикії Мацьків, і всіх святих - помилує і спасе нас як благий і людинолюбний.",
Липень,19.07,7,нд,"Неділя 7-та, святих отців шести Вселенських Соборів. Прп. Макрини, сестри св. Василія Великого Прп. Дія","преподобної матері нашої Макрини, сестри святого Василія Великого, преподобного отця нашого Дія",ні,,,,"Священник: Христос, що воскрес із мертвих, істинний Бог наш - молитвами пречистої Своєї Матері, святих славних і всехвальних апостолів, святого отця нашого Івана Золотоустого, архиєпископа Константинополя, і святого, якого є храм, і преподобної матері нашої Макрини, сестри святого Василія Великого, преподобного отця нашого Дія, і всіх святих - помилує і спасе нас як благий і людинолюбний.","Священник: Христос, що воскрес із мертвих, істинний Бог наш - молитвами пречистої Своєї Матері, святих славних і всехвальних апостолів, і святого, якого є храм, і преподобної матері нашої Макрини, сестри святого Василія Великого, преподобного отця нашого Дія, і всіх святих - помилує і спасе нас як благий і людинолюбний.",
Липень,20.07,1,пн,🕁 Св. славн. прор. Іллі,святого славного пророка Іллі,так,свято,,,"Священник: Христос, істинний Бог наш - молитвами пречистої Своєї Матері, святого славного пророка Іллі Тесвітянина, якого сьогодні вогненного сходження на небо пам'ять світло звершуємо, святого отця нашого Івана Золотоустого, архиєпископа Константинополя, і святого, якого є храм, і святого славного пророка Іллі, і всіх святих - помилує і спасе нас як благий і людинолюбний.","Священник: Христос, істинний Бог наш - молитвами пречистої Своєї Матері, святого славного пророка Іллі Тесвітянина, якого сьогодні вогненного сходження на небо пам'ять світло звершуємо, і святого, якого є храм, і святого славного пророка Іллі, і всіх святих - помилує і спасе нас як благий і людинолюбний.","Христос, істинний Бог наш - молитвами пречистої Своєї Матері, святого славного пророка Іллі Тесвітянина, якого сьогодні вогненного сходження на небо пам'ять світло звершуємо, святого отця нашого Івана Золотоустого, архиєпископа Константинополя, і святого, якого є храм,"
Липень,21.07,2,вв,"Прпп. Симеона, Христа ради юродивого, та Івана, співпосника його Св. прор. Єзекиїла","преподобних отців наших Симеона, Христа ради юродивого, та Івана, співпосника його, святого пророка Єзекиїла",ні,,,,"Священник: Христос, істинний Бог наш - молитвами пречистої Своєї Матері, чесного і славного пророка, предтечі і хрестителя Івана, святих славних і всехвальних апостолів, святого отця нашого Івана Золотоустого, архиєпископа Константинополя, і святого, якого є храм, і преподобних отців наших Симеона, Христа ради юродивого, та Івана, співпосника його, святого пророка Єзекиїла, і всіх святих - помилує і спасе нас як благий і людинолюбний.","Священник: Христос, істинний Бог наш - молитвами пречистої Своєї Матері, чесного і славного пророка, предтечі і хрестителя Івана, святих славних і всехвальних апостолів, і святого, якого є храм, і преподобних отців наших Симеона, Христа ради юродивого, та Івана, співпосника його, святого пророка Єзекиїла, і всіх святих - помилує і спасе нас як благий і людинолюбний.",
Липень,22.07,3,ср,🕃 Св. мироносиці й рівноап. Марії Магдалини Повернення мощів св. сщмч. Фоки,"святої мироносиці й рівноапостольної Марії Магдалини, повернення мощів святого священномученика Фоки",ні,,,,"Священник: Христос, істинний Бог наш - молитвами пречистої Своєї Матері, силою чесного і животворчого хреста, заступництвом святих славних і всехвальних апостолів, святого отця нашого Івана Золотоустого, архиєпископа Константинополя, і святого, якого є храм, і святої мироносиці й рівноапостольної Марії Магдалини, повернення мощів святого священномученика Фоки, і всіх святих - помилує і спасе нас як благий і людинолюбний.","Священник: Христос, істинний Бог наш - молитвами пречистої Своєї Матері, силою чесного і животворчого хреста, заступництвом святих славних і всехвальних апостолів, і святого, якого є храм, і святої мироносиці й рівноапостольної Марії Магдалини, повернення мощів святого священномученика Фоки, і всіх святих - помилує і спасе нас як благий і людинолюбний.",
Липень,23.07,4,чт,"Свв. мчч. Трофима, Теофіла і тих, що з ними Блаж. сщмч. Василія Гопка, єп.","святих мучеників Трофима, Теофіла і тих, що з ними, блаженного священномученика Василія Гопка, єпископа",ні,,,,"Священник: Христос, істинний Бог наш - молитвами пречистої Своєї Матері, святих славних і всехвальних апостолів, святого отця нашого Миколая, архиєпископа Мир Ликійських, чудотворця, святого отця нашого Івана Золотоустого, архиєпископа Константинополя, і святого, якого є храм, і святих мучеників Трофима, Теофіла і тих, що з ними, блаженного священномученика Василія Гопка, єпископа, і всіх святих - помилує і спасе нас як благий і людинолюбний.","Священник: Христос, істинний Бог наш - молитвами пречистої Своєї Матері, святих славних і всехвальних апостолів, святого отця нашого Миколая, архиєпископа Мир Ликійських, чудотворця, і святого, якого є храм, і святих мучеників Трофима, Теофіла і тих, що з ними, блаженного священномученика Василія Гопка, єпископа, і всіх святих - помилує і спасе нас як благий і людинолюбний.",
Липень,24.07,5,пт,"🕂 Свв. мчч. Бориса і Гліба, у хрещенні названих Романом і Давидом 🕃 Св. вмц. Христини Прп. Шарбеля","святих мучеників Бориса і Гліба, у святому хрещенні названих Романом і Давидом, яких сьогодні пам'ять світло звершуємо, святої великомучениці Христини, преподобного отця нашого Шарбеля",так,свято,,,"Священник: Христос, істинний Бог наш - молитвами пречистої Своєї Матері, святих славних і всехвальних апостолів, святого отця нашого Івана Золотоустого, архиєпископа Константинополя, і святого, якого є храм, і святих мучеників Бориса і Гліба, у святому хрещенні названих Романом і Давидом, яких сьогодні пам'ять світло звершуємо, святої великомучениці Христини, преподобного отця нашого Шарбеля, і всіх святих - помилує і спасе нас як благий і людинолюбний.","Священник: Христос, істинний Бог наш - молитвами пречистої Своєї Матері, святих славних і всехвальних апостолів, і святого, якого є храм, і святих мучеників Бориса і Гліба, у святому хрещенні названих Романом і Давидом, яких сьогодні пам'ять світло звершуємо, святої великомучениці Христини, преподобного отця нашого Шарбеля, і всіх святих - помилує і спасе нас як благий і людинолюбний.","Христос, істинний Бог наш - молитвами пречистої Своєї Матері, святих славних і всехвальних апостолів, святого отця нашого Івана Золотоустого, архиєпископа Константинополя, і святого, якого є храм,"
Липень,25.07,6,сб,"🕂 Успіння св. Анни, матері Пресвятої Богородиці Пам’ять свв. жінок Олімпіади і Євпраксії","успіння святої Анни, матері Пресвятої Богородиці, якої сьогодні пам'ять світло звершуємо, пам’ять святих жінок Олімпіади і Євпраксії",так,свято,,,"Священник: Христос, істинний Бог наш - молитвами пречистої Своєї Матері, святих славних і всехвальних апостолів, святого отця нашого Івана Золотоустого, архиєпископа Константинополя, і святого, якого є храм, і успіння святої Анни, матері Пресвятої Богородиці, якої сьогодні пам'ять світло звершуємо, пам’ять святих жінок Олімпіади і Євпраксії, і всіх святих - помилує і спасе нас як благий і людинолюбний.","Священник: Христос, істинний Бог наш - молитвами пречистої Своєї Матері, святих славних і всехвальних апостолів, і святого, якого є храм, і успіння святої Анни, матері Пресвятої Богородиці, якої сьогодні пам'ять світло звершуємо, пам’ять святих жінок Олімпіади і Євпраксії, і всіх святих - помилує і спасе нас як благий і людинолюбний.","Христос, істинний Бог наш - молитвами пречистої Своєї Матері, святих славних і всехвальних апостолів, святого отця нашого Івана Золотоустого, архиєпископа Константинополя, і святого, якого є храм,"
Липень,26.07,7,нд,"Неділя 9-та по Зісланні Святого Духа. Св. сщмч. Єрмолая і тих, що з ним Св. прпмц. Параскеви","святого священномученика Єрмолая і тих, що з ним, святої преподобномучениці Параскеви",ні,,,,"Священник: Христос, що воскрес із мертвих, істинний Бог наш - молитвами пречистої Своєї Матері, святих славних і всехвальних апостолів, святого отця нашого Івана Золотоустого, архиєпископа Константинополя, і святого, якого є храм, і святого священномученика Єрмолая і тих, що з ним, святої преподобномучениці Параскеви, і всіх святих - помилує і спасе нас як благий і людинолюбний.","Священник: Христос, що воскрес із мертвих, істинний Бог наш - молитвами пречистої Своєї Матері, святих славних і всехвальних апостолів, і святого, якого є храм, і святого священномученика Єрмолая і тих, що з ним, святої преподобномучениці Параскеви, і всіх святих - помилує і спасе нас як благий і людинолюбний.",
Липень,27.07,1,пн,"🕂 Св. вмч. й цілителя Пантелеймона Св. Климента, архиєп. Охридського, чудотв.","святого великомученика й цілителя Пантелеймона, якого сьогодні пам'ять світло звершуємо, святого отця нашого Климента, архиєпископа Охридського, чудотворця",ні,,,,"Священник: Христос, істинний Бог наш - молитвами пречистої Своєї Матері, заступництвом чесних небесних сил безтілесних, святих славних і всехвальних апостолів, святого отця нашого Івана Золотоустого, архиєпископа Константинополя, і святого, якого є храм, і святого великомученика й цілителя Пантелеймона, якого сьогодні пам'ять світло звершуємо, святого отця нашого Климента, архиєпископа Охридського, чудотворця, і всіх святих - помилує і спасе нас як благий і людинолюбний.","Священник: Христос, істинний Бог наш - молитвами пречистої Своєї Матері, заступництвом чесних небесних сил безтілесних, святих славних і всехвальних апостолів, і святого, якого є храм, і святого великомученика й цілителя Пантелеймона, якого сьогодні пам'ять світло звершуємо, святого отця нашого Климента, архиєпископа Охридського, чудотворця, і всіх святих - помилує і спасе нас як благий і людинолюбний.",
Липень,28.07,2,вв,"Свв. апп. і дияконів Прохора, Никанора, Тимона й Пармена","святих апостолів і дияконів Прохора, Никанора, Тимона й Пармена",ні,,,,"Священник: Христос, істинний Бог наш - молитвами пречистої Своєї Матері, чесного і славного пророка, предтечі і хрестителя Івана, святих славних і всехвальних апостолів, святого отця нашого Івана Золотоустого, архиєпископа Константинополя, і святого, якого є храм, і святих апостолів і дияконів Прохора, Никанора, Тимона й Пармена, і всіх святих - помилує і спасе нас як благий і людинолюбний.","Священник: Христос, істинний Бог наш - молитвами пречистої Своєї Матері, чесного і славного пророка, предтечі і хрестителя Івана, святих славних і всехвальних апостолів, і святого, якого є храм, і святих апостолів і дияконів Прохора, Никанора, Тимона й Пармена, і всіх святих - помилує і спасе нас як благий і людинолюбний.",
Липень,29.07,3,ср,Св. мч. Каленика,святого мученика Каленика,ні,,,,"Священник: Христос, істинний Бог наш - молитвами пречистої Своєї Матері, силою чесного і животворчого хреста, заступництвом святих славних і всехвальних апостолів, святого отця нашого Івана Золотоустого, архиєпископа Константинополя, і святого, якого є храм, і святого мученика Каленика, і всіх святих - помилує і спасе нас як благий і людинолюбний.","Священник: Христос, істинний Бог наш - молитвами пречистої Своєї Матері, силою чесного і животворчого хреста, заступництвом святих славних і всехвальних апостолів, і святого, якого є храм, і святого мученика Каленика, і всіх святих - помилує і спасе нас як благий і людинолюбний.",
Липень,30.07,4,чт,"Свв. апп. Сили й Силуана і тих, що з ними","святих апостолів Сили й Силуана і тих, що з ними,",ні,,,,"Священник: Христос, істинний Бог наш - молитвами пречистої Своєї Матері, святих славних і всехвальних апостолів, святого отця нашого Миколая, архиєпископа Мир Ликійських, чудотворця, святого отця нашого Івана Золотоустого, архиєпископа Константинополя, і святого, якого є храм, і святих апостолів Сили й Силуана і тих, що з ними,, і всіх святих - помилує і спасе нас як благий і людинолюбний.","Священник: Христос, істинний Бог наш - молитвами пречистої Своєї Матері, святих славних і всехвальних апостолів, святого отця нашого Миколая, архиєпископа Мир Ликійських, чудотворця, і святого, якого є храм, і святих апостолів Сили й Силуана і тих, що з ними,, і всіх святих - помилує і спасе нас як благий і людинолюбний.",
Липень,31.07,5,пт,🕃 Передсвяття походу з чесним і животворним Хрестом Господнім Св. і прав. Євдокима,святого і праведного Євдокима,ні,,,,"Священник: Христос, істинний Бог наш - молитвами пречистої Своєї Матері, силою чесного і животворчого хреста, заступництвом святих славних і всехвальних апостолів, святого отця нашого Івана Золотоустого, архиєпископа Константинополя, і святого, якого є храм, і святого і праведного Євдокима, і всіх святих - помилує і спасе нас як благий і людинолюбний.","Священник: Христос, істинний Бог наш - молитвами пречистої Своєї Матері, силою чесного і животворчого хреста, заступництвом святих славних і всехвальних апостолів, і святого, якого є храм, і святого і праведного Євдокима, і всіх святих - помилує і спасе нас як благий і людинолюбний.",
Серпень,01.08,6,сб,"🕃 Похід із чесним Деревом чесного і животворного Хреста Свв. сімох мчч. Макавеїв, і матері їх Соломії, і старця Єлеазара Прп. Альфонса Лігуорі Початок Успенського посту</i>","силою чесного і животворчого Xреста, з чесним Деревом якого пам'ять походу сьогодні звершуємо, святих сімох мучеників Макавеїв, і матері їх Соломії, і старця Єлеазара, преподобного отця нашого Альфонса Лігуорі",ні,,,,"Священник: Христос, істинний Бог наш - молитвами пречистої Своєї Матері, силою чесного і животворчого Xреста, з чесним Деревом якого пам'ять походу сьогодні звершуємо, заступництвом чесних небесних сил безтілесних, чесного і славного пророка, предтечі і хрестителя Івана, святих славних і всехвальних апостолів, святого отця нашого Миколая, архиєпископа Мир Ликійських, чудотворця, святих славних і переможних мучеників, преподобних і богоносних отців наших, святого отця нашого Івана Золотоустого, архиєпископа Константинополя, святих і праведних богоотців Йоакима й Анни, і святого, якого є храм, і святих сімох мучеників Макавеїв, і матері їх Соломії, і старця Єлеазара, преподобного отця нашого Альфонса Лігуорі, і всіх святих - помилує і спасе нас як благий і людинолюбний.","Священник: Христос, істинний Бог наш - молитвами пречистої Своєї Матері, силою чесного і животворчого Xреста, з чесним Деревом якого пам'ять походу сьогодні звершуємо, заступництвом чесних небесних сил безтілесних, чесного і славного пророка, предтечі і хрестителя Івана, святих славних і всехвальних апостолів, святого отця нашого Миколая, архиєпископа Мир Ликійських, чудотворця, святих славних і переможних мучеників, преподобних і богоносних отців наших, святих і праведних богоотців Йоакима й Анни, і святого, якого є храм, і святих сімох мучеників Макавеїв, і матері їх Соломії, і старця Єлеазара, преподобного отця нашого Альфонса Лігуорі, і всіх святих - помилує і спасе нас як благий і людинолюбний.",
Серпень,02.08,7,нд,Неділя 10-та по Зісланні Святого Духа. 🕃 Перенесення мощів св. первмч. й архдияк. Стефана,"святого первомученика й архидиякона Стефана, якого перенесення мощів сьогодні пам'ять звершуємо",ні,,,,"Священник: Христос, що воскрес із мертвих, істинний Бог наш - молитвами пречистої Своєї Матері, святих славних і всехвальних апостолів, святого отця нашого Івана Золотоустого, архиєпископа Константинополя, і святого, якого є храм, і святого первомученика й архидиякона Стефана, якого перенесення мощів сьогодні пам'ять звершуємо, і всіх святих - помилує і спасе нас як благий і людинолюбний.","Священник: Христос, що воскрес із мертвих, істинний Бог наш - молитвами пречистої Своєї Матері, святих славних і всехвальних апостолів, і святого, якого є храм, і святого первомученика й архидиякона Стефана, якого перенесення мощів сьогодні пам'ять звершуємо, і всіх святих - помилує і спасе нас як благий і людинолюбний.",
Серпень,03.08,1,пн,"Прпп. Ісаакія, Далмата й Фавста","преподобних отців наших Ісаакія, Далмата й Фавста",ні,,,,"Священник: Христос, істинний Бог наш - молитвами пречистої Своєї Матері, заступництвом чесних небесних сил безтілесних, святих славних і всехвальних апостолів, святого отця нашого Івана Золотоустого, архиєпископа Константинополя, і святого, якого є храм, і преподобних отців наших Ісаакія, Далмата й Фавста, і всіх святих - помилує і спасе нас як благий і людинолюбний.","Священник: Христос, істинний Бог наш - молитвами пречистої Своєї Матері, заступництвом чесних небесних сил безтілесних, святих славних і всехвальних апостолів, і святого, якого є храм, і преподобних отців наших Ісаакія, Далмата й Фавста, і всіх святих - помилує і спасе нас як благий і людинолюбний.",
Серпень,04.08,2,вв,"Свв. сімох отроків, що в Ефесі Св. прпмц. Євдокії","святих сімох отроків, що в Ефесі, святої преподобномучениці Євдокії",ні,,,,"Священник: Христос, істинний Бог наш - молитвами пречистої Своєї Матері, чесного і славного пророка, предтечі і хрестителя Івана, святих славних і всехвальних апостолів, святого отця нашого Івана Золотоустого, архиєпископа Константинополя, і святого, якого є храм, і святих сімох отроків, що в Ефесі, святої преподобномучениці Євдокії, і всіх святих - помилує і спасе нас як благий і людинолюбний.","Священник: Христос, істинний Бог наш - молитвами пречистої Своєї Матері, чесного і славного пророка, предтечі і хрестителя Івана, святих славних і всехвальних апостолів, і святого, якого є храм, і святих сімох отроків, що в Ефесі, святої преподобномучениці Євдокії, і всіх святих - помилує і спасе нас як благий і людинолюбний.",
Серпень,05.08,3,ср,🕃 Передсвяття Переображення Господа нашого Ісуса Христа Св. мч. Євсигнія,святого мученика Євсигнія,ні,,,,"Священник: Христос, істинний Бог наш - молитвами пречистої Своєї Матері, силою чесного і животворчого хреста, заступництвом святих славних і всехвальних апостолів, святого отця нашого Івана Золотоустого, архиєпископа Константинополя, і святого, якого є храм, і святого мученика Євсигнія, і всіх святих - помилує і спасе нас як благий і людинолюбний.","Священник: Христос, істинний Бог наш - молитвами пречистої Своєї Матері, силою чесного і животворчого хреста, заступництвом святих славних і всехвальних апостолів, і святого, якого є храм, і святого мученика Євсигнія, і всіх святих - помилує і спасе нас як благий і людинолюбний.",
Серпень,06.08,4,чт,🕀 Святе Переображення Господа Бога і Спаса нашого Ісуса Христа,,так,свято,,,"Священник: Христос, істинний Бог наш, що на горі Таворській у славі переобразився перед святими Своїми учнями й апостолами - молитвами пречистої Своєї Матері, святих славних і всехвальних апостолів, святого отця нашого Івана Золотоустого, архиєпископа Константинополя, і святого, якого є храм, і всіх святих - помилує і спасе нас як благий і людинолюбний.","Священник: Христос, істинний Бог наш, що на горі Таворській у славі переобразився перед святими Своїми учнями й апостолами - молитвами пречистої Своєї Матері, святих славних і всехвальних апостолів, і святого, якого є храм, і всіх святих - помилує і спасе нас як благий і людинолюбний.","Христос, істинний Бог наш, що на горі Таворській у славі переобразився перед святими Своїми учнями й апостолами - молитвами пречистої Своєї Матері, святих славних і всехвальних апостолів, святого отця нашого Івана Золотоустого, архиєпископа Константинополя, і святого, якого є храм,"
Серпень,07.08,5,пт,Св. прпмч. Дометія,святого преподобномученика Дометія,так,посвяття,,,"Священник: Христос, істинний Бог наш, що на горі Таворській у славі переобразився перед святими Своїми учнями й апостолами - молитвами пречистої Своєї Матері, святих славних і всехвальних апостолів, святого отця нашого Івана Золотоустого, архиєпископа Константинополя, і святого, якого є храм, і святого преподобномученика Дометія, і всіх святих - помилує і спасе нас як благий і людинолюбний.","Священник: Христос, істинний Бог наш, що на горі Таворській у славі переобразився перед святими Своїми учнями й апостолами - молитвами пречистої Своєї Матері, святих славних і всехвальних апостолів, і святого, якого є храм, і святого преподобномученика Дометія, і всіх святих - помилує і спасе нас як благий і людинолюбний.","Христос, істинний Бог наш, що на горі Таворській у славі переобразився перед святими Своїми учнями й апостолами - молитвами пречистої Своєї Матері, святих славних і всехвальних апостолів, святого отця нашого Івана Золотоустого, архиєпископа Константинополя, і святого, якого є храм, "
Серпень,08.08,6,сб,"Св. Еміліяна, ісп., єп. Кизицького","святого Еміліяна, ісповідника, єпископа Кизицького",так,посвяття,,,"Священник: Христос, істинний Бог наш, що на горі Таворській у славі переобразився перед святими Своїми учнями й апостолами - молитвами пречистої Своєї Матері, святих славних і всехвальних апостолів, святого отця нашого Івана Золотоустого, архиєпископа Константинополя, і святого, якого є храм, і святого Еміліяна, ісповідника, єпископа Кизицького, і всіх святих - помилує і спасе нас як благий і людинолюбний.","Священник: Христос, істинний Бог наш, що на горі Таворській у славі переобразився перед святими Своїми учнями й апостолами - молитвами пречистої Своєї Матері, святих славних і всехвальних апостолів, і святого, якого є храм, і святого Еміліяна, ісповідника, єпископа Кизицького, і всіх святих - помилує і спасе нас як благий і людинолюбний.","Христос, істинний Бог наш, що на горі Таворській у славі переобразився перед святими Своїми учнями й апостолами - молитвами пречистої Своєї Матері, святих славних і всехвальних апостолів, святого отця нашого Івана Золотоустого, архиєпископа Константинополя, і святого, якого є храм, "
Серпень,09.08,7,нд,Неділя 11-та по Зісланні Святого Духа. 🕂 Св. ап. Матія,"святого апостола Матія, якого сьогодні пам'ять світло звершуємо",так,свято,,,"Священник: Христос, що воскрес із мертвих, істинний Бог наш - молитвами пречистої Своєї Матері, святих славних і всехвальних апостолів, святого отця нашого Івана Золотоустого, архиєпископа Константинополя, і святого, якого є храм, і святого апостола Матія, якого сьогодні пам'ять світло звершуємо, і всіх святих - помилує і спасе нас як благий і людинолюбний.","Священник: Христос, що воскрес із мертвих, істинний Бог наш - молитвами пречистої Своєї Матері, святих славних і всехвальних апостолів, і святого, якого є храм, і святого апостола Матія, якого сьогодні пам'ять світло звершуємо, і всіх святих - помилує і спасе нас як благий і людинолюбний.","Христос, істинний Бог наш - молитвами пречистої Своєї Матері, святих славних і всехвальних апостолів, святого отця нашого Івана Золотоустого, архиєпископа Константинополя, і святого, якого є храм,"
Серпень,10.08,1,пн,Св. мч. й архдияк. Лаврентія,святого мученика й архидиякона Лаврентія,так,свято,,,"Священник: Христос, істинний Бог наш, що на горі Таворській у славі переобразився перед святими Своїми учнями й апостолами - молитвами пречистої Своєї Матері, святих славних і всехвальних апостолів, святого отця нашого Івана Золотоустого, архиєпископа Константинополя, і святого, якого є храм, і святого мученика й архидиякона Лаврентія, і всіх святих - помилує і спасе нас як благий і людинолюбний.","Священник: Христос, істинний Бог наш, що на горі Таворській у славі переобразився перед святими Своїми учнями й апостолами - молитвами пречистої Своєї Матері, святих славних і всехвальних апостолів, і святого, якого є храм, і святого мученика й архидиякона Лаврентія, і всіх святих - помилує і спасе нас як благий і людинолюбний.","Христос, істинний Бог наш, що на горі Таворській у славі переобразився перед святими Своїми учнями й апостолами - молитвами пречистої Своєї Матері, святих славних і всехвальних апостолів, святого отця нашого Івана Золотоустого, архиєпископа Константинополя, і святого, якого є храм,"
Серпень,11.08,2,вв,Св. мч. й архдияк. Євпла,святого мученика й архидиякона Євпла,так,посвяття,,,"Священник: Христос, істинний Бог наш, що на горі Таворській у славі переобразився перед святими Своїми учнями й апостолами - молитвами пречистої Своєї Матері, святих славних і всехвальних апостолів, святого отця нашого Івана Золотоустого, архиєпископа Константинополя, і святого, якого є храм, і святого мученика й архидиякона Євпла, і всіх святих - помилує і спасе нас як благий і людинолюбний.","Священник: Христос, істинний Бог наш, що на горі Таворській у славі переобразився перед святими Своїми учнями й апостолами - молитвами пречистої Своєї Матері, святих славних і всехвальних апостолів, і святого, якого є храм, і святого мученика й архидиякона Євпла, і всіх святих - помилує і спасе нас як благий і людинолюбний.","Христос, істинний Бог наш, що на горі Таворській у славі переобразився перед святими Своїми учнями й апостолами - молитвами пречистої Своєї Матері, святих славних і всехвальних апостолів, святого отця нашого Івана Золотоустого, архиєпископа Константинополя, і святого, якого є храм, "
Серпень,12.08,3,ср,Свв. мчч. Фотія й Аникити,святих мучеників Фотія й Аникити,так,посвяття,,,"Священник: Христос, істинний Бог наш, що на горі Таворській у славі переобразився перед святими Своїми учнями й апостолами - молитвами пречистої Своєї Матері, святих славних і всехвальних апостолів, святого отця нашого Івана Золотоустого, архиєпископа Константинополя, і святого, якого є храм, і святих мучеників Фотія й Аникити, і всіх святих - помилує і спасе нас як благий і людинолюбний.","Священник: Христос, істинний Бог наш, що на горі Таворській у славі переобразився перед святими Своїми учнями й апостолами - молитвами пречистої Своєї Матері, святих славних і всехвальних апостолів, і святого, якого є храм, і святих мучеників Фотія й Аникити, і всіх святих - помилує і спасе нас як благий і людинолюбний.","Христос, істинний Бог наш, що на горі Таворській у славі переобразився перед святими Своїми учнями й апостолами - молитвами пречистої Своєї Матері, святих славних і всехвальних апостолів, святого отця нашого Івана Золотоустого, архиєпископа Константинополя, і святого, якого є храм, "
Серпень,13.08,4,чт,Прп. Максима Ісповідника Віддання Переображення</i>,преподобного отця нашого Максима Ісповідника,так,віддання,,,"Священник: Христос, істинний Бог наш, що на горі Таворській у славі переобразився перед святими Своїми учнями й апостолами - молитвами пречистої Своєї Матері, святих славних і всехвальних апостолів, святого отця нашого Івана Золотоустого, архиєпископа Константинополя, і святого, якого є храм, і преподобного отця нашого Максима Ісповідника, і всіх святих - помилує і спасе нас як благий і людинолюбний.","Священник: Христос, істинний Бог наш, що на горі Таворській у славі переобразився перед святими Своїми учнями й апостолами - молитвами пречистої Своєї Матері, святих славних і всехвальних апостолів, і святого, якого є храм, і преподобного отця нашого Максима Ісповідника, і всіх святих - помилує і спасе нас як благий і людинолюбний.",
Серпень,14.08,5,пт,"🕂 Перенесення чесних мощів прп. Теодосія, ігум. Печерського 🕃 Передсвяття Успіння Пресвятої Богородиці Св. прор. Міхея","преподобного Теодосія, ігумена Печерського, якого чесних мощів перенесення сьогодні пам'ять світло звершуємо, святого пророка Міхея",так,свято,,,"Священник: Христос, істинний Бог наш - молитвами пречистої Своєї Матері, святих славних і всехвальних апостолів, святого отця нашого Івана Золотоустого, архиєпископа Константинополя, і святого, якого є храм, і преподобного Теодосія, ігумена Печерського, якого чесних мощів перенесення сьогодні пам'ять світло звершуємо, святого пророка Міхея, і всіх святих - помилує і спасе нас як благий і людинолюбний.","Священник: Христос, істинний Бог наш - молитвами пречистої Своєї Матері, святих славних і всехвальних апостолів, і святого, якого є храм, і преподобного Теодосія, ігумена Печерського, якого чесних мощів перенесення сьогодні пам'ять світло звершуємо, святого пророка Міхея, і всіх святих - помилує і спасе нас як благий і людинолюбний.","Христос, істинний Бог наш - молитвами пречистої Своєї Матері, святих славних і всехвальних апостолів, святого отця нашого Івана Золотоустого, архиєпископа Константинополя, і святого, якого є храм,"
Серпень,15.08,6,сб,🕀 Успіння Пресвятої Владичиці нашої Богородиці і Приснодіви Марії,,так,свято,,,"Священник: Христос, істинний Бог наш - молитвами пречистої Своєї Матері, якої Успіння сьогодні торжественне свято світло звершуємо, святих славних і всехвальних апостолів, святого отця нашого Івана Золотоустого, архиєпископа Константинополя, і святого, якого є храм, і всіх святих - помилує і спасе нас як благий і людинолюбний.","Священник: Христос, істинний Бог наш - молитвами пречистої Своєї Матері, якої Успіння сьогодні торжественне свято світло звершуємо, святих славних і всехвальних апостолів, і святого, якого є храм, і всіх святих - помилує і спасе нас як благий і людинолюбний.","Христос, істинний Бог наш - молитвами пречистої Своєї Матері, якої Успіння сьогодні торжественне свято світло звершуємо, святих славних і всехвальних апостолів, святого отця нашого Івана Золотоустого, архиєпископа Константинополя, і святого, якого є храм,"
Серпень,16.08,7,нд,"Неділя 12-та по Зісланні Святого Духа. 🕃 Перенесення з Едеси до Царгороду нерукотв. образа Господа Бога і Спаса нашого Ісуса Христа, названого святим обрусом Св. мч. Діомида",святого мученика Діомида,так,свято,,,"Священник: Христос, що воскрес із мертвих, істинний Бог наш, що невимовним провидінням раніш Своєї вільної страсти зволив на обрусі нерукотворно зобразити свого пречистого боголюдського лиця образ - молитвами пречистої Своєї Матері, якої Успіння свято звершуємо, святих славних і всехвальних апостолів, святого отця нашого Івана Золотоустого, архиєпископа Константинополя, і святого, якого є храм, і святого мученика Діомида, і всіх святих - помилує і спасе нас як благий і людинолюбний.","Священник: Христос, що воскрес із мертвих, істинний Бог наш, що невимовним провидінням раніш Своєї вільної страсти зволив на обрусі нерукотворно зобразити свого пречистого боголюдського лиця образ - молитвами пречистої Своєї Матері, якої Успіння свято звершуємо, святих славних і всехвальних апостолів, і святого, якого є храм, і святого мученика Діомида, і всіх святих - помилує і спасе нас як благий і людинолюбний.","Христос, істинний Бог наш, що невимовним провидінням раніш Своєї вільної страсти зволив на обрусі нерукотворно зобразити свого пречистого боголюдського лиця образ - молитвами пречистої Своєї Матері, якої Успіння свято звершуємо, святих славних і всехвальних апостолів, святого отця нашого Івана Золотоустого, архиєпископа Константинополя, і святого, якого є храм,"
Серпень,17.08,1,пн,Св. мч. Мирона,святого мученика Мирона,так,свято,,,"Священник: Христос, істинний Бог наш - молитвами пречистої Своєї Матері, якої Успіння свято звершуємо, святих славних і всехвальних апостолів, святого отця нашого Івана Золотоустого, архиєпископа Константинополя, і святого, якого є храм, і святого мученика Мирона, і всіх святих - помилує і спасе нас як благий і людинолюбний.","Священник: Христос, істинний Бог наш - молитвами пречистої Своєї Матері, якої Успіння свято звершуємо, святих славних і всехвальних апостолів, і святого, якого є храм, і святого мученика Мирона, і всіх святих - помилує і спасе нас як благий і людинолюбний.","Христос, істинний Бог наш - молитвами пречистої Своєї Матері, якої Успіння свято звершуємо, святих славних і всехвальних апостолів, святого отця нашого Івана Золотоустого, архиєпископа Константинополя, і святого, якого є храм,"
Серпень,18.08,2,вв,🕂 Спомин освяч. Патріаршого собору Воскресіння Христового в Києві Свв. мчч. Флора й Лавра,святих мучеників Флора й Лавра,так,свято,,,"Священник: Христос, істинний Бог наш, що задля нас увесь Свій задум сповнив і благозволив, щоб споруджений в Києві собор освяченно було в ім'я святого Його Воскресіння - молитвами пречистої Своєї Матері, якої Успіння свято звершуємо, святих славних і всехвальних апостолів, святого отця нашого Івана Золотоустого, архиєпископа Константинополя, і святого, якого є храм, і святих мучеників Флора й Лавра, і всіх святих - помилує і спасе нас як благий і людинолюбний.","Священник: Христос, істинний Бог наш, що задля нас увесь Свій задум сповнив і благозволив, щоб споруджений в Києві собор освяченно було в ім'я святого Його Воскресіння - молитвами пречистої Своєї Матері, якої Успіння свято звершуємо, святих славних і всехвальних апостолів, і святого, якого є храм, і святих мучеників Флора й Лавра, і всіх святих - помилує і спасе нас як благий і людинолюбний.","Христос, істинний Бог наш, що задля нас увесь Свій задум сповнив і благозволив, щоб споруджений в Києві собор освяченно було в ім'я святого Його Воскресіння - молитвами пречистої Своєї Матері, якої Успіння свято звершуємо, святих славних і всехвальних апостолів, святого отця нашого Івана Золотоустого, архиєпископа Константинополя, і святого, якого є храм,"
Серпень,19.08,3,ср,"Св. мч. Андрія Стратопедарха – сотника, і тих, що з ним","святого мученика Андрія Стратопедарха – сотника, і тих, що з ним",так,свято,,,"Священник: Христос, істинний Бог наш - молитвами пречистої Своєї Матері, якої Успіння свято звершуємо, святих славних і всехвальних апостолів, святого отця нашого Івана Золотоустого, архиєпископа Константинополя, і святого, якого є храм, і святого мученика Андрія Стратопедарха – сотника, і тих, що з ним, і всіх святих - помилує і спасе нас як благий і людинолюбний.","Священник: Христос, істинний Бог наш - молитвами пречистої Своєї Матері, якої Успіння свято звершуємо, святих славних і всехвальних апостолів, і святого, якого є храм, і святого мученика Андрія Стратопедарха – сотника, і тих, що з ним, і всіх святих - помилує і спасе нас як благий і людинолюбний.","Христос, істинний Бог наш - молитвами пречистої Своєї Матері, якої Успіння свято звершуємо, святих славних і всехвальних апостолів, святого отця нашого Івана Золотоустого, архиєпископа Константинополя, і святого, якого є храм,"
Серпень,20.08,4,чт,Св. прор. Самуїла,святого пророка Самуїла,так,посвяття,,,"Священник: Христос, істинний Бог наш - молитвами пречистої Своєї Матері, якої Успіння свято звершуємо, святих славних і всехвальних апостолів, святого отця нашого Івана Золотоустого, архиєпископа Константинополя, і святого, якого є храм, і святого пророка Самуїла, і всіх святих - помилує і спасе нас як благий і людинолюбний.","Священник: Христос, істинний Бог наш - молитвами пречистої Своєї Матері, якої Успіння свято звершуємо, святих славних і всехвальних апостолів, і святого, якого є храм, і святого пророка Самуїла, і всіх святих - помилує і спасе нас як благий і людинолюбний.","Христос, істинний Бог наш - молитвами пречистої Своєї Матері, якої Успіння свято звершуємо, святих славних і всехвальних апостолів, святого отця нашого Івана Золотоустого, архиєпископа Константинополя, і святого, якого є храм, "
Серпень,21.08,5,пт,Св. ап. Тадея Св. мц. Васси,"святого апостола Тадея, святої мучениці Васси",так,посвяття,,,"Священник: Христос, істинний Бог наш - молитвами пречистої Своєї Матері, якої Успіння свято звершуємо, святих славних і всехвальних апостолів, святого отця нашого Івана Золотоустого, архиєпископа Константинополя, і святого, якого є храм, і святого апостола Тадея, святої мучениці Васси, і всіх святих - помилує і спасе нас як благий і людинолюбний.","Священник: Христос, істинний Бог наш - молитвами пречистої Своєї Матері, якої Успіння свято звершуємо, святих славних і всехвальних апостолів, і святого, якого є храм, і святого апостола Тадея, святої мучениці Васси, і всіх святих - помилує і спасе нас як благий і людинолюбний.","Христос, істинний Бог наш - молитвами пречистої Своєї Матері, якої Успіння свято звершуємо, святих славних і всехвальних апостолів, святого отця нашого Івана Золотоустого, архиєпископа Константинополя, і святого, якого є храм, "
Серпень,22.08,6,сб,"Св. мч. Агатоніка і тих, що з ним Блаж. сщмч. Симеона Лукача","святого мученика Агатоніка і тих, що з ним, блаженного священномученика Симеона Лукача",так,посвяття,,,"Священник: Христос, істинний Бог наш - молитвами пречистої Своєї Матері, якої Успіння свято звершуємо, святих славних і всехвальних апостолів, святого отця нашого Івана Золотоустого, архиєпископа Константинополя, і святого, якого є храм, і святого мученика Агатоніка і тих, що з ним, блаженного священномученика Симеона Лукача, і всіх святих - помилує і спасе нас як благий і людинолюбний.","Священник: Христос, істинний Бог наш - молитвами пречистої Своєї Матері, якої Успіння свято звершуємо, святих славних і всехвальних апостолів, і святого, якого є храм, і святого мученика Агатоніка і тих, що з ним, блаженного священномученика Симеона Лукача, і всіх святих - помилує і спасе нас як благий і людинолюбний.","Христос, істинний Бог наш - молитвами пречистої Своєї Матері, якої Успіння свято звершуємо, святих славних і всехвальних апостолів, святого отця нашого Івана Золотоустого, архиєпископа Константинополя, і святого, якого є храм, "
Серпень,23.08,7,нд,"Неділя 13-та по Зісланні Святого Духа. Св. мч. Луппа Св. сщмч. Іринея, єп. Ліонського Віддання Успіння Пресв. Богородиці</i>","святого мученика Луппа, святого священномученика Іринея, єпископа Ліонського",так,віддання,,,"Священник: Христос, що воскрес із мертвих, істинний Бог наш - молитвами пречистої Своєї Матері, якої Успіння свято звершуємо, святих славних і всехвальних апостолів, святого отця нашого Івана Золотоустого, архиєпископа Константинополя, і святого, якого є храм, і святого мученика Луппа, святого священномученика Іринея, єпископа Ліонського, і всіх святих - помилує і спасе нас як благий і людинолюбний.","Священник: Христос, що воскрес із мертвих, істинний Бог наш - молитвами пречистої Своєї Матері, якої Успіння свято звершуємо, святих славних і всехвальних апостолів, і святого, якого є храм, і святого мученика Луппа, святого священномученика Іринея, єпископа Ліонського, і всіх святих - помилує і спасе нас як благий і людинолюбний.",
Серпень,24.08,1,пн,Св. сщмч. Євтиха,святого священномученика Євтиха,ні,,,,"Священник: Христос, істинний Бог наш - молитвами пречистої Своєї Матері, заступництвом чесних небесних сил безтілесних, святих славних і всехвальних апостолів, святого отця нашого Івана Золотоустого, архиєпископа Константинополя, і святого, якого є храм, і святого священномученика Євтиха, і всіх святих - помилує і спасе нас як благий і людинолюбний.","Священник: Христос, істинний Бог наш - молитвами пречистої Своєї Матері, заступництвом чесних небесних сил безтілесних, святих славних і всехвальних апостолів, і святого, якого є храм, і святого священномученика Євтиха, і всіх святих - помилує і спасе нас як благий і людинолюбний.",
Серпень,25.08,2,вв,🕃 Повернення мощів св. ап. Вартоломея Св. ап. Тита,"святого апостола Вартоломея, якого повернення мощів пам'ять звершуємо, святого апостола Тита",ні,,,,"Священник: Христос, істинний Бог наш - молитвами пречистої Своєї Матері, чесного і славного пророка, предтечі і хрестителя Івана, святих славних і всехвальних апостолів, святого отця нашого Івана Золотоустого, архиєпископа Константинополя, і святого, якого є храм, і святого апостола Вартоломея, якого повернення мощів пам'ять звершуємо, святого апостола Тита, і всіх святих - помилує і спасе нас як благий і людинолюбний.","Священник: Христос, істинний Бог наш - молитвами пречистої Своєї Матері, чесного і славного пророка, предтечі і хрестителя Івана, святих славних і всехвальних апостолів, і святого, якого є храм, і святого апостола Вартоломея, якого повернення мощів пам'ять звершуємо, святого апостола Тита, і всіх святих - помилує і спасе нас як благий і людинолюбний.",
Серпень,26.08,3,ср,Свв. мчч. Адріана й Наталії,святих мучеників Адріана й Наталії,ні,,,,"Священник: Христос, істинний Бог наш - молитвами пречистої Своєї Матері, силою чесного і животворчого хреста, заступництвом святих славних і всехвальних апостолів, святого отця нашого Івана Золотоустого, архиєпископа Константинополя, і святого, якого є храм, і святих мучеників Адріана й Наталії, і всіх святих - помилує і спасе нас як благий і людинолюбний.","Священник: Христос, істинний Бог наш - молитвами пречистої Своєї Матері, силою чесного і животворчого хреста, заступництвом святих славних і всехвальних апостолів, і святого, якого є храм, і святих мучеників Адріана й Наталії, і всіх святих - помилує і спасе нас як благий і людинолюбний.",
Серпень,27.08,4,чт,Прп. Пімена Блаж. прпмцц. Лаврентії Герасимів і Олімпії Біди,"преподобного отця нашого Пімена, блаженних преподобномучениць Лаврентії Герасимів і Олімпії Біди",ні,,,,"Священник: Христос, істинний Бог наш - молитвами пречистої Своєї Матері, святих славних і всехвальних апостолів, святого отця нашого Миколая, архиєпископа Мир Ликійських, чудотворця, святого отця нашого Івана Золотоустого, архиєпископа Константинополя, і святого, якого є храм, і преподобного отця нашого Пімена, блаженних преподобномучениць Лаврентії Герасимів і Олімпії Біди, і всіх святих - помилує і спасе нас як благий і людинолюбний.","Священник: Христос, істинний Бог наш - молитвами пречистої Своєї Матері, святих славних і всехвальних апостолів, святого отця нашого Миколая, архиєпископа Мир Ликійських, чудотворця, і святого, якого є храм, і преподобного отця нашого Пімена, блаженних преподобномучениць Лаврентії Герасимів і Олімпії Біди, і всіх святих - помилує і спасе нас як благий і людинолюбний.",
Серпень,28.08,5,пт,"Собор прпп. отців Печерських, що споч. у дальніх печерах Прп. Мойсея Мурина Св. Августина, єп. Іппонського Св. мч. Гебре Михаїла, пресвіт. ефіопського","преподобних отців Печерських, що спочивають у дальніх печерах, що їх собору пам'ять сьогодні звершуємо, преподобного Мойсея Мурина, святого отця нашого Августина, єпископа Іппонського, святого мученика Гебре Михаїла, пресвітера ефіопського",ні,,,,"Священник: Христос, істинний Бог наш - молитвами пречистої Своєї Матері, силою чесного і животворчого хреста, заступництвом святих славних і всехвальних апостолів, святого отця нашого Івана Золотоустого, архиєпископа Константинополя, і святого, якого є храм, і преподобних отців Печерських, що спочивають у дальніх печерах, що їх собору пам'ять сьогодні звершуємо, преподобного Мойсея Мурина, святого отця нашого Августина, єпископа Іппонського, святого мученика Гебре Михаїла, пресвітера ефіопського, і всіх святих - помилує і спасе нас як благий і людинолюбний.","Священник: Христос, істинний Бог наш - молитвами пречистої Своєї Матері, силою чесного і животворчого хреста, заступництвом святих славних і всехвальних апостолів, і святого, якого є храм, і преподобних отців Печерських, що спочивають у дальніх печерах, що їх собору пам'ять сьогодні звершуємо, преподобного Мойсея Мурина, святого отця нашого Августина, єпископа Іппонського, святого мученика Гебре Михаїла, пресвітера ефіопського, і всіх святих - помилує і спасе нас як благий і людинолюбний.",
Серпень,29.08,6,сб,"🕀 Усікновення чесної голови чесного і славн. прор., предтечі і хрестителя Івана",,так,свято,,,"Священник: Христос, істинний Бог наш - молитвами пречистої Своєї Матері, чесного і славного пророка, предтечі і христителя Господнього Івана, що його чесної голови усікновення пам'ять сьогодні світло звершуємо, святого отця нашого Івана Золотоустого, архиєпископа Константинополя, і святого, якого є храм, і всіх святих - помилує і спасе нас як благий і людинолюбний.","Священник: Христос, істинний Бог наш - молитвами пречистої Своєї Матері, чесного і славного пророка, предтечі і христителя Господнього Івана, що його чесної голови усікновення пам'ять сьогодні світло звершуємо, і святого, якого є храм, і всіх святих - помилує і спасе нас як благий і людинолюбний.","Христос, істинний Бог наш - молитвами пречистої Своєї Матері, чесного і славного пророка, предтечі і христителя Господнього Івана, що його чесної голови усікновення пам'ять сьогодні світло звершуємо, святого отця нашого Івана Золотоустого, архиєпископа Константинополя, і святого, якого є храм,"
Серпень,30.08,7,нд,"Неділя 14-та по Зісланні Святого Духа. Свв. патр. Царгородських: Олександра, Івана й Павла Нового","святих отців наших патріархів Царгородських: Олександра, Івана й Павла Нового",так,віддання,,,"Священник: Христос, що воскрес із мертвих, істинний Бог наш - молитвами пречистої Своєї Матері, чесного і славного пророка, предтечі і христителя Господнього Івана, що його чесної голови усікновення пам'ять звершуємо, святого отця нашого Івана Золотоустого, архиєпископа Константинополя, і святого, якого є храм, і святих отців наших патріархів Царгородських: Олександра, Івана й Павла Нового, і всіх святих - помилує і спасе нас як благий і людинолюбний.","Священник: Христос, що воскрес із мертвих, істинний Бог наш - молитвами пречистої Своєї Матері, чесного і славного пророка, предтечі і христителя Господнього Івана, що його чесної голови усікновення пам'ять звершуємо, і святого, якого є храм, і святих отців наших патріархів Царгородських: Олександра, Івана й Павла Нового, і всіх святих - помилує і спасе нас як благий і людинолюбний.",
Серпень,31.08,1,пн,🕂 Положення чесного пояса Пресвятої Владичиці нашої Богородиці,,так,свято,,,"Священник: Христос, істинний Бог наш - молитвами пречистої Своєї Матері, Пресвятої Владичиці нашої Богородиці, що її чесного пояса положення сьогодні пам'ять світло звершуємо, святих славних і всехвальних апостолів, святого отця нашого Івана Золотоустого, архиєпископа Константинополя, і святого, якого є храм, і всіх святих - помилує і спасе нас як благий і людинолюбний.","Священник: Христос, істинний Бог наш - молитвами пречистої Своєї Матері, Пресвятої Владичиці нашої Богородиці, що її чесного пояса положення сьогодні пам'ять світло звершуємо, святих славних і всехвальних апостолів, і святого, якого є храм, і всіх святих - помилує і спасе нас як благий і людинолюбний.","Христос, істинний Бог наш - молитвами пречистої Своєї Матері, Пресвятої Владичиці нашої Богородиці, що її чесного пояса положення сьогодні пам'ять світло звершуємо, святих славних і всехвальних апостолів, святого отця нашого Івана Золотоустого, архиєпископа Константинополя, і святого, якого є храм,"