0,1,2,3,4,5,6,7,8,9,10,,
Місяць,Дата,#wd,"День
тижня",Мінейні Святі,Формулювання для відпусту,"Окремий
святковий
відпуст?","Фаза
свята","Текст 
для 
заміни","Формулю-
вання 
свята",Священник: щось не так,Священник: щось не так,
Вересень,01.09,2,вв,"🕂 Початок індикту, нового року Пам’ять прп. Симеона Стовпника і матері його Марти Собор Пресв. Богородиці, що в Міясинах","преподобного отця нашого Симеона Стовпника, і матері його Марти",так,свято,,,"Священник: Христос, істинний Бог наш - молитвами пречистої Своєї Матері, що її собору в Міясинах пам'ять сьогодні звершуємо, святих славних і всехвальних апостолів, святого отця нашого Івана Золотоустого, архиєпископа Константинополя, і святого, якого є храм, і преподобного отця нашого Симеона Стовпника, і матері його Марти, і всіх святих - помилує і спасе нас як благий і людинолюбний.","Священник: Христос, істинний Бог наш - молитвами пречистої Своєї Матері, що її собору в Міясинах пам'ять сьогодні звершуємо, святих славних і всехвальних апостолів, і святого, якого є храм, і преподобного отця нашого Симеона Стовпника, і матері його Марти, і всіх святих - помилує і спасе нас як благий і людинолюбний.","Христос, істинний Бог наш - молитвами пречистої Своєї Матері, що її собору в Міясинах пам'ять сьогодні звершуємо, святих славних і всехвальних апостолів, святого отця нашого Івана Золотоустого, архиєпископа Константинополя, і святого, якого є храм,"
Вересень,02.09,3,ср,"Св. мч. Маманта Прп. Івана Посника, патр. Царгородського","святого мученика Маманта, преподобного отця нашого Івана Посника, патріярха Царгородського",ні,,,,"Священник: Христос, істинний Бог наш - молитвами пречистої Своєї Матері, силою чесного і животворчого хреста, заступництвом святих славних і всехвальних апостолів, святого отця нашого Івана Золотоустого, архиєпископа Константинополя, і святого, якого є храм, і святого мученика Маманта, преподобного отця нашого Івана Посника, патріярха Царгородського, і всіх святих - помилує і спасе нас як благий і людинолюбний.","Священник: Христос, істинний Бог наш - молитвами пречистої Своєї Матері, силою чесного і животворчого хреста, заступництвом святих славних і всехвальних апостолів, і святого, якого є храм, і святого мученика Маманта, преподобного отця нашого Івана Посника, патріярха Царгородського, і всіх святих - помилує і спасе нас як благий і людинолюбний.",
Вересень,03.09,4,чт,"Св. сщмч. Антима, єп. Нікомидійського Прп. Теоктиста, співпосника вел. Євтимія","святого священномученика Антима, єпископа Нікомидійського, преподобного отця нашого Теоктиста, співпосника великого Євтимія",ні,,,,"Священник: Христос, істинний Бог наш - молитвами пречистої Своєї Матері, святих славних і всехвальних апостолів, святого отця нашого Миколая, архиєпископа Мир Ликійських, чудотворця, святого отця нашого Івана Золотоустого, архиєпископа Константинополя, і святого, якого є храм, і святого священномученика Антима, єпископа Нікомидійського, преподобного отця нашого Теоктиста, співпосника великого Євтимія, і всіх святих - помилує і спасе нас як благий і людинолюбний.","Священник: Христос, істинний Бог наш - молитвами пречистої Своєї Матері, святих славних і всехвальних апостолів, святого отця нашого Миколая, архиєпископа Мир Ликійських, чудотворця, і святого, якого є храм, і святого священномученика Антима, єпископа Нікомидійського, преподобного отця нашого Теоктиста, співпосника великого Євтимія, і всіх святих - помилує і спасе нас як благий і людинолюбний.",
Вересень,04.09,5,пт,"Св. сщмч. Вавили, єп. Антіохійського Св. прор. й боговидця Мойсея","святого священномученика Вавили, єпископа Антіохійського, святого пророка й боговидця Мойсея",ні,,,,"Священник: Христос, істинний Бог наш - молитвами пречистої Своєї Матері, силою чесного і животворчого хреста, заступництвом святих славних і всехвальних апостолів, святого отця нашого Івана Золотоустого, архиєпископа Константинополя, і святого, якого є храм, і святого священномученика Вавили, єпископа Антіохійського, святого пророка й боговидця Мойсея, і всіх святих - помилує і спасе нас як благий і людинолюбний.","Священник: Христос, істинний Бог наш - молитвами пречистої Своєї Матері, силою чесного і животворчого хреста, заступництвом святих славних і всехвальних апостолів, і святого, якого є храм, і святого священномученика Вавили, єпископа Антіохійського, святого пророка й боговидця Мойсея, і всіх святих - помилує і спасе нас як благий і людинолюбний.",
Вересень,05.09,6,сб,"🕃 Свв. прор. Захарії та прав. Єлисавети, батьків чесного Івана Предтечі Прп. Терези з Калькутти","святих пророка Захарії та праведної Єлисавети, батьків чесного Івана Предтечі, преподобної матері нашої Терези з Калькутти",ні,,,,"Священник: Христос, істинний Бог наш - молитвами пречистої Своєї Матері, силою чесного і животворчого Хреста, заступництвом чесних небесних сил безтілесних, чесного і славного пророка, предтечі і хрестителя Івана, святих славних і всехвальних апостолів, святого отця нашого Миколая, архиєпископа Мир Ликійських, чудотворця, святих славних і переможних мучеників, преподобних і богоносних отців наших, святого отця нашого Івана Золотоустого, архиєпископа Константинополя, святих і праведних богоотців Йоакима й Анни, і святого, якого є храм, і святих пророка Захарії та праведної Єлисавети, батьків чесного Івана Предтечі, преподобної матері нашої Терези з Калькутти, і всіх святих - помилує і спасе нас як благий і людинолюбний.","Священник: Христос, істинний Бог наш - молитвами пречистої Своєї Матері, силою чесного і животворчого Хреста, заступництвом чесних небесних сил безтілесних, чесного і славного пророка, предтечі і хрестителя Івана, святих славних і всехвальних апостолів, святого отця нашого Миколая, архиєпископа Мир Ликійських, чудотворця, святих славних і переможних мучеників, преподобних і богоносних отців наших, святих і праведних богоотців Йоакима й Анни, і святого, якого є храм, і святих пророка Захарії та праведної Єлисавети, батьків чесного Івана Предтечі, преподобної матері нашої Терези з Калькутти, і всіх святих - помилує і спасе нас як благий і людинолюбний.",
Вересень,06.09,7,нд,"Неділя 15-та по Зісланні Святого Духа. 🕃 Спогад про чудо, яке було в Колосах, тобто в Хонах, від архистр. Михаїла Св. мч. Євдоксія і тих, що з ним Прп. Архипа","заступництвом святого архистратига Михаїла, якого чудо в Колосах сьогодні пам'ять звершуємо, молитвами святого мученика Євдоксія і тих, що з ним, преподобного отця нашого Архипа",ні,,,,"Священник: Христос, що воскрес із мертвих, істинний Бог наш - молитвами пречистої Своєї Матері, святих славних і всехвальних апостолів, святого отця нашого Івана Золотоустого, архиєпископа Константинополя, і святого, якого є храм, і заступництвом святого архистратига Михаїла, якого чудо в Колосах сьогодні пам'ять звершуємо, молитвами святого мученика Євдоксія і тих, що з ним, преподобного отця нашого Архипа, і всіх святих - помилує і спасе нас як благий і людинолюбний.","Священник: Христос, що воскрес із мертвих, істинний Бог наш - молитвами пречистої Своєї Матері, святих славних і всехвальних апостолів, і святого, якого є храм, і заступництвом святого архистратига Михаїла, якого чудо в Колосах сьогодні пам'ять звершуємо, молитвами святого мученика Євдоксія і тих, що з ним, преподобного отця нашого Архипа, і всіх святих - помилує і спасе нас як благий і людинолюбний.",
Вересень,07.09,1,пн,🕃 Передсвяття Різдва Пресвятої Богородиці Св. мч. Созонта,святого мученика Созонта,ні,,,,"Священник: Христос, істинний Бог наш - молитвами пречистої Своєї Матері, заступництвом чесних небесних сил безтілесних, святих славних і всехвальних апостолів, святого отця нашого Івана Золотоустого, архиєпископа Константинополя, і святого, якого є храм, і святого мученика Созонта, і всіх святих - помилує і спасе нас як благий і людинолюбний.","Священник: Христос, істинний Бог наш - молитвами пречистої Своєї Матері, заступництвом чесних небесних сил безтілесних, святих славних і всехвальних апостолів, і святого, якого є храм, і святого мученика Созонта, і всіх святих - помилує і спасе нас як благий і людинолюбний.",
Вересень,08.09,2,вв,🕀 Різдво Пресвятої Владичиці нашої Богородиці і Приснодіви Марії,,так,свято,,,"Священник: Христос, істинний Бог наш - молитвами пречистої Своєї Матері, якої Різдва сьогодні торжественне свято світло звершуємо, святих славних і всехвальних апостолів, святого отця нашого Івана Золотоустого, архиєпископа Константинополя, і святого, якого є храм, і всіх святих - помилує і спасе нас як благий і людинолюбний.","Священник: Христос, істинний Бог наш - молитвами пречистої Своєї Матері, якої Різдва сьогодні торжественне свято світло звершуємо, святих славних і всехвальних апостолів, і святого, якого є храм, і всіх святих - помилує і спасе нас як благий і людинолюбний.","Христос, істинний Бог наш - молитвами пречистої Своєї Матері, якої Різдва сьогодні торжественне свято світло звершуємо, святих славних і всехвальних апостолів, святого отця нашого Івана Золотоустого, архиєпископа Константинополя, і святого, якого є храм,"
Вересень,09.09,3,ср,🕃 Свв. і правв. богоотців Йоакима й Анни Св. мч. Северіана,"святих і праведних богоотців Йоакима й Анни, святого мученика Северіана",так,посвяття,,,"Священник: Христос, істинний Бог наш - молитвами пречистої Своєї Матері, якої Різдва свято звершуємо, святих славних і всехвальних апостолів, святого отця нашого Івана Золотоустого, архиєпископа Константинополя, і святого, якого є храм, і святих і праведних богоотців Йоакима й Анни, святого мученика Северіана, і всіх святих - помилує і спасе нас як благий і людинолюбний.","Священник: Христос, істинний Бог наш - молитвами пречистої Своєї Матері, якої Різдва свято звершуємо, святих славних і всехвальних апостолів, і святого, якого є храм, і святих і праведних богоотців Йоакима й Анни, святого мученика Северіана, і всіх святих - помилує і спасе нас як благий і людинолюбний.","Христос, істинний Бог наш - молитвами пречистої Своєї Матері, якої Різдва сьогодні торжественне свято світло звершуємо, святих славних і всехвальних апостолів, святого отця нашого Івана Золотоустого, архиєпископа Константинополя, і святого, якого є храм, "
Вересень,10.09,4,чт,"Свв. мцц. Минодори, Митродори й Німфодори","святих мучениць Минодори, Митродори й Німфодори",так,посвяття,,,"Священник: Христос, істинний Бог наш - молитвами пречистої Своєї Матері, якої Різдва свято звершуємо, святих славних і всехвальних апостолів, святого отця нашого Івана Золотоустого, архиєпископа Константинополя, і святого, якого є храм, і святих мучениць Минодори, Митродори й Німфодори, і всіх святих - помилує і спасе нас як благий і людинолюбний.","Священник: Христос, істинний Бог наш - молитвами пречистої Своєї Матері, якої Різдва свято звершуємо, святих славних і всехвальних апостолів, і святого, якого є храм, і святих мучениць Минодори, Митродори й Німфодори, і всіх святих - помилує і спасе нас як благий і людинолюбний.","Христос, істинний Бог наш - молитвами пречистої Своєї Матері, якої Різдва сьогодні торжественне свято світло звершуємо, святих славних і всехвальних апостолів, святого отця нашого Івана Золотоустого, архиєпископа Константинополя, і святого, якого є храм, "
Вересень,11.09,5,пт,Прп. Теодори Олександрійської,преподобної матері нашої Теодори Олександрійської,так,посвяття,,,"Священник: Христос, істинний Бог наш - молитвами пречистої Своєї Матері, якої Різдва свято звершуємо, святих славних і всехвальних апостолів, святого отця нашого Івана Золотоустого, архиєпископа Константинополя, і святого, якого є храм, і преподобної матері нашої Теодори Олександрійської, і всіх святих - помилує і спасе нас як благий і людинолюбний.","Священник: Христос, істинний Бог наш - молитвами пречистої Своєї Матері, якої Різдва свято звершуємо, святих славних і всехвальних апостолів, і святого, якого є храм, і преподобної матері нашої Теодори Олександрійської, і всіх святих - помилує і спасе нас як благий і людинолюбний.","Христос, істинний Бог наш - молитвами пречистої Своєї Матері, якої Різдва сьогодні торжественне свято світло звершуємо, святих славних і всехвальних апостолів, святого отця нашого Івана Золотоустого, архиєпископа Константинополя, і святого, якого є храм, "
Вересень,12.09,6,сб,Субота перед Воздвиженям Св. сщмч. Автонома Віддання Різдва Пресв. Богородиці</i>,святого священномученика Автонома,так,віддання,,,"Священник: Христос, істинний Бог наш - молитвами пречистої Своєї Матері, якої Різдва свято звершуємо, святих славних і всехвальних апостолів, святого отця нашого Івана Золотоустого, архиєпископа Константинополя, і святого, якого є храм, і святого священномученика Автонома, і всіх святих - помилує і спасе нас як благий і людинолюбний.","Священник: Христос, істинний Бог наш - молитвами пречистої Своєї Матері, якої Різдва свято звершуємо, святих славних і всехвальних апостолів, і святого, якого є храм, і святого священномученика Автонома, і всіх святих - помилує і спасе нас як благий і людинолюбний.",
Вересень,13.09,7,нд,"Неділя перед Воздвиженям 🕃 Пам’ять оновл. храму Св. Воскресіння Христа і Бога нашого Предсвяття Воздвиження чесного й животворного Хреста Св. сщмч. Корнилія, сотника","святого священномученика Корнилія, сотника",так,свято,,,"Священник: Христос, що воскрес із мертвих, істинний Бог наш - молитвами пречистої Своєї Матері, святих славних і всехвальних апостолів, святого отця нашого Івана Золотоустого, архиєпископа Константинополя, і святого, якого є храм, і святого священномученика Корнилія, сотника, і всіх святих - помилує і спасе нас як благий і людинолюбний.","Священник: Христос, що воскрес із мертвих, істинний Бог наш - молитвами пречистої Своєї Матері, святих славних і всехвальних апостолів, і святого, якого є храм, і святого священномученика Корнилія, сотника, і всіх святих - помилує і спасе нас як благий і людинолюбний.","Христос, істинний Бог наш, що задля нас увесь Свій задум сповнив і благозволив, щоб споруджений в Єрусалимі собор освячено було в ім'я святого Його Воскресіння - молитвами пречистої Своєї Матері, святих славних і всехвальних апостолів, святого отця нашого Івана Золотоустого, архиєпископа Константинополя, і святого, якого є храм,"
Вересень,14.09,1,пн,🕀 Всесвітнє Воздвиження чесного й животворчого Хреста,,так,свято,,,"Священник: Христос, істинний Бог наш - молитвами пречистої Своєї матері, силою чесного і животворного Хреста, якого сьогодні всесвітнє воздвиження світло святкуємо, святого отця нашого Івана Золотоустого, архиєпископа Константинополя, і святого, якого є храм, і всіх святих - помилує і спасе нас як благий і людинолюбний.","Священник: Христос, істинний Бог наш - молитвами пречистої Своєї матері, силою чесного і животворного Хреста, якого сьогодні всесвітнє воздвиження світло святкуємо, і святого, якого є храм, і всіх святих - помилує і спасе нас як благий і людинолюбний.","Христос, істинний Бог наш - молитвами пречистої Своєї матері, силою чесного і животворного Хреста, якого сьогодні всесвітнє воздвиження світло святкуємо, святого отця нашого Івана Золотоустого, архиєпископа Константинополя, і святого, якого є храм,"
Вересень,15.09,2,вв,🕃 Св. вмч. Микити,святого великомученика Микити,так,посвяття,,,"Священник: Христос, істинний Бог наш - молитвами пречистої Своєї матері, силою чесного і животворного Хреста, якого всесвітнє воздвиження святкуємо, святого отця нашого Івана Золотоустого, архиєпископа Константинополя, і святого, якого є храм, і святого великомученика Микити, і всіх святих - помилує і спасе нас як благий і людинолюбний.","Священник: Христос, істинний Бог наш - молитвами пречистої Своєї матері, силою чесного і животворного Хреста, якого всесвітнє воздвиження святкуємо, і святого, якого є храм, і святого великомученика Микити, і всіх святих - помилує і спасе нас як благий і людинолюбний.","Христос, істинний Бог наш - молитвами пречистої Своєї матері, силою чесного і животворного Хреста, якого сьогодні всесвітнє воздвиження світло святкуємо, святого отця нашого Івана Золотоустого, архиєпископа Константинополя, і святого, якого є храм, "
Вересень,16.09,3,ср,🕃 Св. вмц. Євфимії всехвальної,святої великомучениці Євфимії всехвальної,так,посвяття,,,"Священник: Христос, істинний Бог наш - молитвами пречистої Своєї матері, силою чесного і животворного Хреста, якого всесвітнє воздвиження святкуємо, святого отця нашого Івана Золотоустого, архиєпископа Константинополя, і святого, якого є храм, і святої великомучениці Євфимії всехвальної, і всіх святих - помилує і спасе нас як благий і людинолюбний.","Священник: Христос, істинний Бог наш - молитвами пречистої Своєї матері, силою чесного і животворного Хреста, якого всесвітнє воздвиження святкуємо, і святого, якого є храм, і святої великомучениці Євфимії всехвальної, і всіх святих - помилує і спасе нас як благий і людинолюбний.","Христос, істинний Бог наш - молитвами пречистої Своєї матері, силою чесного і животворного Хреста, якого сьогодні всесвітнє воздвиження світло святкуємо, святого отця нашого Івана Золотоустого, архиєпископа Константинополя, і святого, якого є храм, "
Вересень,17.09,4,чт,"Св. мц. Софії і трьох її дочок: Віри, Надії й Любові","святої мучениці Софії і трьох її дочок: Віри, Надії й Любові",так,посвяття,,,"Священник: Христос, істинний Бог наш - молитвами пречистої Своєї матері, силою чесного і животворного Хреста, якого всесвітнє воздвиження святкуємо, святого отця нашого Івана Золотоустого, архиєпископа Константинополя, і святого, якого є храм, і святої мучениці Софії і трьох її дочок: Віри, Надії й Любові, і всіх святих - помилує і спасе нас як благий і людинолюбний.","Священник: Христос, істинний Бог наш - молитвами пречистої Своєї матері, силою чесного і животворного Хреста, якого всесвітнє воздвиження святкуємо, і святого, якого є храм, і святої мучениці Софії і трьох її дочок: Віри, Надії й Любові, і всіх святих - помилує і спасе нас як благий і людинолюбний.","Христос, істинний Бог наш - молитвами пречистої Своєї матері, силою чесного і животворного Хреста, якого сьогодні всесвітнє воздвиження світло святкуємо, святого отця нашого Івана Золотоустого, архиєпископа Константинополя, і святого, якого є храм, "
Вересень,18.09,5,пт,"Прп. Євменія, єп. Гортинського, чудотв.","преподобного отця нашого Євменія, єпископа Гортинського, чудотворця",так,посвяття,,,"Священник: Христос, істинний Бог наш - молитвами пречистої Своєї матері, силою чесного і животворного Хреста, якого всесвітнє воздвиження святкуємо, святого отця нашого Івана Золотоустого, архиєпископа Константинополя, і святого, якого є храм, і преподобного отця нашого Євменія, єпископа Гортинського, чудотворця, і всіх святих - помилує і спасе нас як благий і людинолюбний.","Священник: Христос, істинний Бог наш - молитвами пречистої Своєї матері, силою чесного і животворного Хреста, якого всесвітнє воздвиження святкуємо, і святого, якого є храм, і преподобного отця нашого Євменія, єпископа Гортинського, чудотворця, і всіх святих - помилує і спасе нас як благий і людинолюбний.","Христос, істинний Бог наш - молитвами пречистої Своєї матері, силою чесного і животворного Хреста, якого сьогодні всесвітнє воздвиження світло святкуємо, святого отця нашого Івана Золотоустого, архиєпископа Константинополя, і святого, якого є храм, "
Вересень,19.09,6,сб,"Субота по Воздвиженні Свв. мчч. Трофима, Савватія й Доримедонта","святих мученків Трофима, Савватія й Доримедонта",так,посвяття,,,"Священник: Христос, істинний Бог наш - молитвами пречистої Своєї матері, силою чесного і животворного Хреста, якого всесвітнє воздвиження святкуємо, святого отця нашого Івана Золотоустого, архиєпископа Константинополя, і святого, якого є храм, і святих мученків Трофима, Савватія й Доримедонта, і всіх святих - помилує і спасе нас як благий і людинолюбний.","Священник: Христос, істинний Бог наш - молитвами пречистої Своєї матері, силою чесного і животворного Хреста, якого всесвітнє воздвиження святкуємо, і святого, якого є храм, і святих мученків Трофима, Савватія й Доримедонта, і всіх святих - помилує і спасе нас як благий і людинолюбний.","Христос, істинний Бог наш - молитвами пречистої Своєї матері, силою чесного і животворного Хреста, якого сьогодні всесвітнє воздвиження світло святкуємо, святого отця нашого Івана Золотоустого, архиєпископа Константинополя, і святого, якого є храм, "
Вересень,20.09,7,нд,"Неділя по Воздвиженні 🕃 Свв. мчч. та іспп. – вел. князя Михаїла та боярина його Теодора, чернігівських чудотв. 🕃 Св. вмч. Євстатія і тих, що з ним","святих мучеників та ісповідників – великого князя Михаїла та боярина його Теодора, чернігівських чудотворців, святого великомученика Євстатія і тих, що з ним",так,посвяття,,,"Священник: Христос, що воскрес із мертвих, істинний Бог наш - молитвами пречистої Своєї матері, силою чесного і животворного Хреста, якого всесвітнє воздвиження святкуємо, святого отця нашого Івана Золотоустого, архиєпископа Константинополя, і святого, якого є храм, і святих мучеників та ісповідників – великого князя Михаїла та боярина його Теодора, чернігівських чудотворців, святого великомученика Євстатія і тих, що з ним, і всіх святих - помилує і спасе нас як благий і людинолюбний.","Священник: Христос, що воскрес із мертвих, істинний Бог наш - молитвами пречистої Своєї матері, силою чесного і животворного Хреста, якого всесвітнє воздвиження святкуємо, і святого, якого є храм, і святих мучеників та ісповідників – великого князя Михаїла та боярина його Теодора, чернігівських чудотворців, святого великомученика Євстатія і тих, що з ним, і всіх святих - помилує і спасе нас як благий і людинолюбний.","Христос, істинний Бог наш - молитвами пречистої Своєї матері, силою чесного і животворного Хреста, якого сьогодні всесвітнє воздвиження світло святкуємо, святого отця нашого Івана Золотоустого, архиєпископа Константинополя, і святого, якого є храм, "
Вересень,21.09,1,пн,"Св. ап. Кодрата, що в Магнисії Віддання Воздвиження чесного й животворного Хреста</i>","святого апостола Кодрата, що в Магнисії",так,віддання,,,"Священник: Христос, істинний Бог наш - молитвами пречистої Своєї матері, силою чесного і животворного Хреста, якого всесвітнє воздвиження святкуємо, святого отця нашого Івана Золотоустого, архиєпископа Константинополя, і святого, якого є храм, і святого апостола Кодрата, що в Магнисії, і всіх святих - помилує і спасе нас як благий і людинолюбний.","Священник: Христос, істинний Бог наш - молитвами пречистої Своєї матері, силою чесного і животворного Хреста, якого всесвітнє воздвиження святкуємо, і святого, якого є храм, і святого апостола Кодрата, що в Магнисії, і всіх святих - помилує і спасе нас як благий і людинолюбний.",
Вересень,22.09,2,вв,"Св. сщмч. Фоки, єп. Синопійського Св. прор. Йони Прп. Йони, пресвіт.","святого священномученика Фоки, єпископа Синопійського, святого пророка Йони, преподобного Йони, пресвітера",ні,,,,"Священник: Христос, істинний Бог наш - молитвами пречистої Своєї Матері, чесного і славного пророка, предтечі і хрестителя Івана, святих славних і всехвальних апостолів, святого отця нашого Івана Золотоустого, архиєпископа Константинополя, і святого, якого є храм, і святого священномученика Фоки, єпископа Синопійського, святого пророка Йони, преподобного Йони, пресвітера, і всіх святих - помилує і спасе нас як благий і людинолюбний.","Священник: Христос, істинний Бог наш - молитвами пречистої Своєї Матері, чесного і славного пророка, предтечі і хрестителя Івана, святих славних і всехвальних апостолів, і святого, якого є храм, і святого священномученика Фоки, єпископа Синопійського, святого пророка Йони, преподобного Йони, пресвітера, і всіх святих - помилує і спасе нас як благий і людинолюбний.",
Вересень,23.09,3,ср,"🕃 Зачаття чесного славн. прор., предтечі і хрестителя Господнього Івана",,так,свято,,,"Священник: Христос, істинний Бог наш - молитвами пречистої Своєї Матері, чесного і славного пророка, предтечі і христителя Господнього Івана, якого свято зачаття сьогодні світло звершуємо, святих славних і всехвальних апостолів, святого отця нашого Івана Золотоустого, архиєпископа Константинополя, і святого, якого є храм, і всіх святих - помилує і спасе нас як благий і людинолюбний.","Священник: Христос, істинний Бог наш - молитвами пречистої Своєї Матері, чесного і славного пророка, предтечі і христителя Господнього Івана, якого свято зачаття сьогодні світло звершуємо, святих славних і всехвальних апостолів, і святого, якого є храм, і всіх святих - помилує і спасе нас як благий і людинолюбний.","Христос, істинний Бог наш - молитвами пречистої Своєї Матері, чесного і славного пророка, предтечі і христителя Господнього Івана, якого свято зачаття сьогодні світло звершуємо, святих славних і всехвальних апостолів, святого отця нашого Івана Золотоустого, архиєпископа Константинополя, і святого, якого є храм,"
Вересень,24.09,4,чт,🕃 Св. первмц. й рівноап. Теклі,святої первомучениці й рівноапостольної Теклі,ні,,,,"Священник: Христос, істинний Бог наш - молитвами пречистої Своєї Матері, святих славних і всехвальних апостолів, святого отця нашого Миколая, архиєпископа Мир Ликійських, чудотворця, святого отця нашого Івана Золотоустого, архиєпископа Константинополя, і святого, якого є храм, і святої первомучениці й рівноапостольної Теклі, і всіх святих - помилує і спасе нас як благий і людинолюбний.","Священник: Христос, істинний Бог наш - молитвами пречистої Своєї Матері, святих славних і всехвальних апостолів, святого отця нашого Миколая, архиєпископа Мир Ликійських, чудотворця, і святого, якого є храм, і святої первомучениці й рівноапостольної Теклі, і всіх святих - помилує і спасе нас як благий і людинолюбний.",
Вересень,25.09,5,пт,Прп. Євфросинії,преподобної матері нашої Євфросинії,ні,,,,"Священник: Христос, істинний Бог наш - молитвами пречистої Своєї Матері, силою чесного і животворчого хреста, заступництвом святих славних і всехвальних апостолів, святого отця нашого Івана Золотоустого, архиєпископа Константинополя, і святого, якого є храм, і преподобної матері нашої Євфросинії, і всіх святих - помилує і спасе нас як благий і людинолюбний.","Священник: Христос, істинний Бог наш - молитвами пречистої Своєї Матері, силою чесного і животворчого хреста, заступництвом святих славних і всехвальних апостолів, і святого, якого є храм, і преподобної матері нашої Євфросинії, і всіх святих - помилує і спасе нас як благий і людинолюбний.",
Вересень,26.09,6,сб,🕁 Переставл. св. ап. і єв. Івана Богослова,,так,свято,,,"Священник: Христос, істинний Бог наш - молитвами пречистої Своєї Матері, святого, славного і всехвального апостола і євангелиста, дівственника, наперсника і возлюбленого учня Христового Івана Богослова, якого сьогодні чесного переставлення пам'ять торжественно празнуємо, святого отця нашого Івана Золотоустого, архиєпископа Константинополя, і святого, якого є храм, і всіх святих - помилує і спасе нас як благий і людинолюбний.","Священник: Христос, істинний Бог наш - молитвами пречистої Своєї Матері, святого, славного і всехвального апостола і євангелиста, дівственника, наперсника і возлюбленого учня Христового Івана Богослова, якого сьогодні чесного переставлення пам'ять торжественно празнуємо, і святого, якого є храм, і всіх святих - помилує і спасе нас як благий і людинолюбний.","Христос, істинний Бог наш - молитвами пречистої Своєї Матері, святого, славного і всехвального апостола і євангелиста, дівственника, наперсника і возлюбленого учня Христового Івана Богослова, якого сьогодні чесного переставлення пам'ять торжественно празнуємо, святого отця нашого Івана Золотоустого, архиєпископа Константинополя, і святого, якого є храм,"
Вересень,27.09,7,нд,"Неділя 18-та по Зісланні Святого Духа. Св. мч. Калістрата і тих, що з ним Прп. Ніла, основника й ігум. монастиря Гроттаферратського","святого мученика Калістрата і тих, що з ним, преподобного отця нашого Ніла, основника й ігумена монастиря Гроттаферратського",ні,,,,"Священник: Христос, що воскрес із мертвих, істинний Бог наш - молитвами пречистої Своєї Матері, святих славних і всехвальних апостолів, святого отця нашого Івана Золотоустого, архиєпископа Константинополя, і святого, якого є храм, і святого мученика Калістрата і тих, що з ним, преподобного отця нашого Ніла, основника й ігумена монастиря Гроттаферратського, і всіх святих - помилує і спасе нас як благий і людинолюбний.","Священник: Христос, що воскрес із мертвих, істинний Бог наш - молитвами пречистої Своєї Матері, святих славних і всехвальних апостолів, і святого, якого є храм, і святого мученика Калістрата і тих, що з ним, преподобного отця нашого Ніла, основника й ігумена монастиря Гроттаферратського, і всіх святих - помилує і спасе нас як благий і людинолюбний.",
Вересень,28.09,1,пн,"🕂 Прп. й ісп. Харитона Св. мц. Людмили і св. В’ячеслава, князя чеського Собор прпп. отців Печерських, що споч. у бл. печерах прп. Антонія Блаж. сщмч. Никити Будки, єп.","преподобного отця нашого й ісповідника Харитона, якого сьогодні пам'ять світло звершуємо, святої мучениці Людмили і святого В’ячеслава, князя чеського, собор преподобних отців Печерських, що спочивають у ближніх печерах преподобного Антонія, блаженного священномученика Никити, єпископа",так,свято,,,"Священник: Христос, істинний Бог наш - молитвами пречистої Своєї Матері, святих славних і всехвальних апостолів, святого отця нашого Івана Золотоустого, архиєпископа Константинополя, і святого, якого є храм, і преподобного отця нашого й ісповідника Харитона, якого сьогодні пам'ять світло звершуємо, святої мучениці Людмили і святого В’ячеслава, князя чеського, собор преподобних отців Печерських, що спочивають у ближніх печерах преподобного Антонія, блаженного священномученика Никити, єпископа, і всіх святих - помилує і спасе нас як благий і людинолюбний.","Священник: Христос, істинний Бог наш - молитвами пречистої Своєї Матері, святих славних і всехвальних апостолів, і святого, якого є храм, і преподобного отця нашого й ісповідника Харитона, якого сьогодні пам'ять світло звершуємо, святої мучениці Людмили і святого В’ячеслава, князя чеського, собор преподобних отців Печерських, що спочивають у ближніх печерах преподобного Антонія, блаженного священномученика Никити, єпископа, і всіх святих - помилує і спасе нас як благий і людинолюбний.","Христос, істинний Бог наш - молитвами пречистої Своєї Матері, святих славних і всехвальних апостолів, святого отця нашого Івана Золотоустого, архиєпископа Константинополя, і святого, якого є храм,"
Вересень,29.09,2,вв,"🕃 Прп. Киріака, самітника","преподобного отця нашого Киріака, самітника",ні,,,,"Священник: Христос, істинний Бог наш - молитвами пречистої Своєї Матері, чесного і славного пророка, предтечі і хрестителя Івана, святих славних і всехвальних апостолів, святого отця нашого Івана Золотоустого, архиєпископа Константинополя, і святого, якого є храм, і преподобного отця нашого Киріака, самітника, і всіх святих - помилує і спасе нас як благий і людинолюбний.","Священник: Христос, істинний Бог наш - молитвами пречистої Своєї Матері, чесного і славного пророка, предтечі і хрестителя Івана, святих славних і всехвальних апостолів, і святого, якого є храм, і преподобного отця нашого Киріака, самітника, і всіх святих - помилує і спасе нас як благий і людинолюбний.",
Вересень,30.09,3,ср,"🕃 Св. сщмч. Григорія, єп. Великої Вірменії","святого священномученика Григорія, єпископа Великої Вірменії",ні,,,,"Священник: Христос, істинний Бог наш - молитвами пречистої Своєї Матері, силою чесного і животворчого хреста, заступництвом святих славних і всехвальних апостолів, святого отця нашого Івана Золотоустого, архиєпископа Константинополя, і святого, якого є храм, і святого священномученика Григорія, єпископа Великої Вірменії, і всіх святих - помилує і спасе нас як благий і людинолюбний.","Священник: Христос, істинний Бог наш - молитвами пречистої Своєї Матері, силою чесного і животворчого хреста, заступництвом святих славних і всехвальних апостолів, і святого, якого є храм, і святого священномученика Григорія, єпископа Великої Вірменії, і всіх святих - помилує і спасе нас як благий і людинолюбний.",
Жовтень,01.10,4,чт,"🕀 Покров Пресвятої Богородиці Св. ап. Ананії, одного із сімдесятьох Прп. Романа Сладкопівця","святого апостола Ананії, одного із сімдесятьох, преподобного отця нашого Романа Сладкопівця",так,свято,,,"Священник: Христос, істинний Бог наш - молитвами пречистої Своєї Матері, якої Покрову сьогодні торжественне свято світло звершуємо, святих славних і всехвальних апостолів, святого отця нашого Івана Золотоустого, архиєпископа Константинополя, і святого апостола Ананії, одного із сімдесятьох, преподобного отця нашого Романа Сладкопівця, і всіх святих - помилує і спасе нас як благий і людинолюбний.","Священник: Христос, істинний Бог наш - молитвами пречистої Своєї Матері, якої Покрову сьогодні торжественне свято світло звершуємо, святих славних і всехвальних апостолів, і святого апостола Ананії, одного із сімдесятьох, преподобного отця нашого Романа Сладкопівця, і всіх святих - помилує і спасе нас як благий і людинолюбний.","Христос, істинний Бог наш - молитвами пречистої Своєї Матері, якої Покрову сьогодні торжественне свято світло звершуємо, святих славних і всехвальних апостолів, святого отця нашого Івана Золотоустого, архиєпископа Константинополя,"
Жовтень,02.10,5,пт,"🕃 Св. сщмч. Кипріана Св. мц. Юстини Св. Андрія, Христа ради юродивого","святого священномученика Кипріана, святої мучениці Юстини, святого Андрія, Христа ради юродивого",ні,,,,"Священник: Христос, істинний Бог наш - молитвами пречистої Своєї Матері, силою чесного і животворчого хреста, заступництвом святих славних і всехвальних апостолів, святого отця нашого Івана Золотоустого, архиєпископа Константинополя, і святого, якого є храм, і святого священномученика Кипріана, святої мучениці Юстини, святого Андрія, Христа ради юродивого, і всіх святих - помилує і спасе нас як благий і людинолюбний.","Священник: Христос, істинний Бог наш - молитвами пречистої Своєї Матері, силою чесного і животворчого хреста, заступництвом святих славних і всехвальних апостолів, і святого, якого є храм, і святого священномученика Кипріана, святої мучениці Юстини, святого Андрія, Христа ради юродивого, і всіх святих - помилує і спасе нас як благий і людинолюбний.",
Жовтень,03.10,6,сб,🕃 Св. сщмч. Діонісія Ареопагіта,святого священномученика Діонісія Ареопагіта,ні,,,,"Священник: Христос, істинний Бог наш - молитвами пречистої Своєї Матері, силою чесного і животворчого Хреста, заступництвом чесних небесних сил безтілесних, чесного і славного пророка, предтечі і хрестителя Івана, святих славних і всехвальних апостолів, святого отця нашого Миколая, архиєпископа Мир Ликійських, чудотворця, святих славних і переможних мучеників, преподобних і богоносних отців наших, святого отця нашого Івана Золотоустого, архиєпископа Константинополя, святих і праведних богоотців Йоакима й Анни, і святого, якого є храм, і святого священномученика Діонісія Ареопагіта, і всіх святих - помилує і спасе нас як благий і людинолюбний.","Священник: Христос, істинний Бог наш - молитвами пречистої Своєї Матері, силою чесного і животворчого Хреста, заступництвом чесних небесних сил безтілесних, чесного і славного пророка, предтечі і хрестителя Івана, святих славних і всехвальних апостолів, святого отця нашого Миколая, архиєпископа Мир Ликійських, чудотворця, святих славних і переможних мучеників, преподобних і богоносних отців наших, святих і праведних богоотців Йоакима й Анни, і святого, якого є храм, і святого священномученика Діонісія Ареопагіта, і всіх святих - помилує і спасе нас як благий і людинолюбний.",
Жовтень,04.10,7,нд,"Неділя 19-та по Зісланні Святого Духа. Св. сщмч. Єротея, єп. Атенського Прп. Франциска Асизького","святого священномученика Єротея, єпископа Атенського, преподобного отця нашого Франциска Асизького",ні,,,,"Священник: Христос, що воскрес із мертвих, істинний Бог наш - молитвами пречистої Своєї Матері, святих славних і всехвальних апостолів, святого отця нашого Івана Золотоустого, архиєпископа Константинополя, і святого, якого є храм, і святого священномученика Єротея, єпископа Атенського, преподобного отця нашого Франциска Асизького, і всіх святих - помилує і спасе нас як благий і людинолюбний.","Священник: Христос, що воскрес із мертвих, істинний Бог наш - молитвами пречистої Своєї Матері, святих славних і всехвальних апостолів, і святого, якого є храм, і святого священномученика Єротея, єпископа Атенського, преподобного отця нашого Франциска Асизького, і всіх святих - помилує і спасе нас як благий і людинолюбний.",
Жовтень,05.10,1,пн,Св. мц. Харитини,святої мучениці Харитини,ні,,,,"Священник: Христос, істинний Бог наш - молитвами пречистої Своєї Матері, заступництвом чесних небесних сил безтілесних, святих славних і всехвальних апостолів, святого отця нашого Івана Золотоустого, архиєпископа Константинополя, і святого, якого є храм, і святої мучениці Харитини, і всіх святих - помилує і спасе нас як благий і людинолюбний.","Священник: Христос, істинний Бог наш - молитвами пречистої Своєї Матері, заступництвом чесних небесних сил безтілесних, святих славних і всехвальних апостолів, і святого, якого є храм, і святої мучениці Харитини, і всіх святих - помилує і спасе нас як благий і людинолюбний.",
Жовтень,06.10,2,вв,🕂 Св. і славн. ап. Томи,"святого і славного апостола Томи, якого сьогодні пам'ять світло звершуємо",так,свято,,,"Священник: Христос, істинний Бог наш - молитвами пречистої Своєї Матері, святих славних і всехвальних апостолів, святого отця нашого Івана Золотоустого, архиєпископа Константинополя, і святого, якого є храм, і святого і славного апостола Томи, якого сьогодні пам'ять світло звершуємо, і всіх святих - помилує і спасе нас як благий і людинолюбний.","Священник: Христос, істинний Бог наш - молитвами пречистої Своєї Матері, святих славних і всехвальних апостолів, і святого, якого є храм, і святого і славного апостола Томи, якого сьогодні пам'ять світло звершуємо, і всіх святих - помилує і спасе нас як благий і людинолюбний.","Христос, істинний Бог наш - молитвами пречистої Своєї Матері, святих славних і всехвальних апостолів, святого отця нашого Івана Золотоустого, архиєпископа Константинополя, і святого, якого є храм,"
Жовтень,07.10,3,ср,🕃 Свв. мчч. Сергія і Вакха,святих мучеників Сергія і Вакха,ні,,,,"Священник: Христос, істинний Бог наш - молитвами пречистої Своєї Матері, силою чесного і животворчого хреста, заступництвом святих славних і всехвальних апостолів, святого отця нашого Івана Золотоустого, архиєпископа Константинополя, і святого, якого є храм, і святих мучеників Сергія і Вакха, і всіх святих - помилує і спасе нас як благий і людинолюбний.","Священник: Христос, істинний Бог наш - молитвами пречистої Своєї Матері, силою чесного і животворчого хреста, заступництвом святих славних і всехвальних апостолів, і святого, якого є храм, і святих мучеників Сергія і Вакха, і всіх святих - помилує і спасе нас як благий і людинолюбний.",
Жовтень,08.10,4,чт,Прп. Пелагії,преподобної матері нашої Пелагії,ні,,,,"Священник: Христос, істинний Бог наш - молитвами пречистої Своєї Матері, святих славних і всехвальних апостолів, святого отця нашого Миколая, архиєпископа Мир Ликійських, чудотворця, святого отця нашого Івана Золотоустого, архиєпископа Константинополя, і святого, якого є храм, і преподобної матері нашої Пелагії, і всіх святих - помилує і спасе нас як благий і людинолюбний.","Священник: Христос, істинний Бог наш - молитвами пречистої Своєї Матері, святих славних і всехвальних апостолів, святого отця нашого Миколая, архиєпископа Мир Ликійських, чудотворця, і святого, якого є храм, і преподобної матері нашої Пелагії, і всіх святих - помилує і спасе нас як благий і людинолюбний.",
Жовтень,09.10,5,пт,🕂 Св. ап. Якова Алфеєвого Прп. Андроніка і дружини його Атанасії,"святого апостола Якова Алфеєвого, якого сьогодні пам'ять світло звершуємо, преподобного отця нашого Андроніка і дружини його Атанасії",так,свято,,,"Священник: Христос, істинний Бог наш - молитвами пречистої Своєї Матері, святих славних і всехвальних апостолів, святого отця нашого Івана Золотоустого, архиєпископа Константинополя, і святого, якого є храм, і святого апостола Якова Алфеєвого, якого сьогодні пам'ять світло звершуємо, преподобного отця нашого Андроніка і дружини його Атанасії, і всіх святих - помилує і спасе нас як благий і людинолюбний.","Священник: Христос, істинний Бог наш - молитвами пречистої Своєї Матері, святих славних і всехвальних апостолів, і святого, якого є храм, і святого апостола Якова Алфеєвого, якого сьогодні пам'ять світло звершуємо, преподобного отця нашого Андроніка і дружини його Атанасії, і всіх святих - помилує і спасе нас як благий і людинолюбний.","Христос, істинний Бог наш - молитвами пречистої Своєї Матері, святих славних і всехвальних апостолів, святого отця нашого Івана Золотоустого, архиєпископа Константинополя, і святого, якого є храм,"
Жовтень,10.10,6,сб,Свв. мчч. Євлампія і Євлампії,святих мучеників Євлампія і Євлампії,ні,,,,"Священник: Христос, істинний Бог наш - молитвами пречистої Своєї Матері, силою чесного і животворчого Хреста, заступництвом чесних небесних сил безтілесних, чесного і славного пророка, предтечі і хрестителя Івана, святих славних і всехвальних апостолів, святого отця нашого Миколая, архиєпископа Мир Ликійських, чудотворця, святих славних і переможних мучеників, преподобних і богоносних отців наших, святого отця нашого Івана Золотоустого, архиєпископа Константинополя, святих і праведних богоотців Йоакима й Анни, і святого, якого є храм, і святих мучеників Євлампія і Євлампії, і всіх святих - помилує і спасе нас як благий і людинолюбний.","Священник: Христос, істинний Бог наш - молитвами пречистої Своєї Матері, силою чесного і животворчого Хреста, заступництвом чесних небесних сил безтілесних, чесного і славного пророка, предтечі і хрестителя Івана, святих славних і всехвальних апостолів, святого отця нашого Миколая, архиєпископа Мир Ликійських, чудотворця, святих славних і переможних мучеників, преподобних і богоносних отців наших, святих і праведних богоотців Йоакима й Анни, і святого, якого є храм, і святих мучеників Євлампія і Євлампії, і всіх святих - помилує і спасе нас як благий і людинолюбний.",
Жовтень,11.10,7,нд,"Неділя 19-та, cвятих отців Сьомого Вселенського Собору. Св. ап. Филипа, одного із семи дияконів Прп. Теофана Начертанного, єп. Нікейського і творця канонів","святого апостола Филипа, одного із семи дияконів, преподобного Теофана Начертанного, єпископа Нікейського і творця канонів",ні,,,,"Священник: Христос, що воскрес із мертвих, істинний Бог наш - молитвами пречистої Своєї Матері, святих славних і всехвальних апостолів, святого отця нашого Івана Золотоустого, архиєпископа Константинополя, і святого, якого є храм, і святого апостола Филипа, одного із семи дияконів, преподобного Теофана Начертанного, єпископа Нікейського і творця канонів, і всіх святих - помилує і спасе нас як благий і людинолюбний.","Священник: Христос, що воскрес із мертвих, істинний Бог наш - молитвами пречистої Своєї Матері, святих славних і всехвальних апостолів, і святого, якого є храм, і святого апостола Филипа, одного із семи дияконів, преподобного Теофана Начертанного, єпископа Нікейського і творця канонів, і всіх святих - помилує і спасе нас як благий і людинолюбний.",
Жовтень,12.10,1,пн,"Свв. мчч. Прова, Тараха й Андроніка Прп. Косми Святоградця, єп. Маюмського і творця канонів Пам’ять св. Мартина Милостивого, єп. Турського","святих мучеників Прова, Тараха й Андроніка, преподобного отця нашого Косми Святоградця, єпископа Маюмського і творця канонів, пам’ять святого отця нашого Мартина Милостивого, єпископа Турського, святих отців Сьомого Вселенського Собору",ні,,,,"Священник: Христос, істинний Бог наш - молитвами пречистої Своєї Матері, заступництвом чесних небесних сил безтілесних, святих славних і всехвальних апостолів, святого отця нашого Івана Золотоустого, архиєпископа Константинополя, і святого, якого є храм, і святих мучеників Прова, Тараха й Андроніка, преподобного отця нашого Косми Святоградця, єпископа Маюмського і творця канонів, пам’ять святого отця нашого Мартина Милостивого, єпископа Турського, святих отців Сьомого Вселенського Собору, і всіх святих - помилує і спасе нас як благий і людинолюбний.","Священник: Христос, істинний Бог наш - молитвами пречистої Своєї Матері, заступництвом чесних небесних сил безтілесних, святих славних і всехвальних апостолів, і святого, якого є храм, і святих мучеників Прова, Тараха й Андроніка, преподобного отця нашого Косми Святоградця, єпископа Маюмського і творця канонів, пам’ять святого отця нашого Мартина Милостивого, єпископа Турського, святих отців Сьомого Вселенського Собору, і всіх святих - помилує і спасе нас як благий і людинолюбний.",
Жовтень,13.10,2,вв,"Свв. мчч. Карпа, Папили й Агатоніки","святих мучеників Карпа, Папили й Агатоніки",ні,,,,"Священник: Христос, істинний Бог наш - молитвами пречистої Своєї Матері, чесного і славного пророка, предтечі і хрестителя Івана, святих славних і всехвальних апостолів, святого отця нашого Івана Золотоустого, архиєпископа Константинополя, і святого, якого є храм, і святих мучеників Карпа, Папили й Агатоніки, і всіх святих - помилує і спасе нас як благий і людинолюбний.","Священник: Христос, істинний Бог наш - молитвами пречистої Своєї Матері, чесного і славного пророка, предтечі і хрестителя Івана, святих славних і всехвальних апостолів, і святого, якого є храм, і святих мучеників Карпа, Папили й Агатоніки, і всіх святих - помилує і спасе нас як благий і людинолюбний.",
Жовтень,14.10,3,ср,"Свв. мчч. Назарія, Гервасія, Протасія й Келсія 🕃 Прп. Параскеви Терновської Блаж. сщмч. Романа Лиска, пресвіт.","святих мучеників Назарія, Гервасія, Протасія й Келсія, преподобної матері нашої Параскеви Терновської, блаженного священномученика Романа, пресвітера",ні,,,,"Священник: Христос, істинний Бог наш - молитвами пречистої Своєї Матері, силою чесного і животворчого хреста, заступництвом святих славних і всехвальних апостолів, святого отця нашого Івана Золотоустого, архиєпископа Константинополя, і святого, якого є храм, і святих мучеників Назарія, Гервасія, Протасія й Келсія, преподобної матері нашої Параскеви Терновської, блаженного священномученика Романа, пресвітера, і всіх святих - помилує і спасе нас як благий і людинолюбний.","Священник: Христос, істинний Бог наш - молитвами пречистої Своєї Матері, силою чесного і животворчого хреста, заступництвом святих славних і всехвальних апостолів, і святого, якого є храм, і святих мучеників Назарія, Гервасія, Протасія й Келсія, преподобної матері нашої Параскеви Терновської, блаженного священномученика Романа, пресвітера, і всіх святих - помилує і спасе нас як благий і людинолюбний.",
Жовтень,15.10,4,чт,"Прп. Євтимія Нового Св. прпмч. Лук’яна, пресвіт. Великої Антіохії","преподобного отця нашого Євтимія Нового, святого преподобномученика Лук’яна, пресвітера Великої Антіохії",ні,,,,"Священник: Христос, істинний Бог наш - молитвами пречистої Своєї Матері, святих славних і всехвальних апостолів, святого отця нашого Миколая, архиєпископа Мир Ликійських, чудотворця, святого отця нашого Івана Золотоустого, архиєпископа Константинополя, і святого, якого є храм, і преподобного отця нашого Євтимія Нового, святого преподобномученика Лук’яна, пресвітера Великої Антіохії, і всіх святих - помилує і спасе нас як благий і людинолюбний.","Священник: Христос, істинний Бог наш - молитвами пречистої Своєї Матері, святих славних і всехвальних апостолів, святого отця нашого Миколая, архиєпископа Мир Ликійських, чудотворця, і святого, якого є храм, і преподобного отця нашого Євтимія Нового, святого преподобномученика Лук’яна, пресвітера Великої Антіохії, і всіх святих - помилує і спасе нас як благий і людинолюбний.",
Жовтень,16.10,5,пт,"Св. мч. Лонгина, сотника","святого мученика Лонгина, сотника",ні,,,,"Священник: Христос, істинний Бог наш - молитвами пречистої Своєї Матері, силою чесного і животворчого хреста, заступництвом святих славних і всехвальних апостолів, святого отця нашого Івана Золотоустого, архиєпископа Константинополя, і святого, якого є храм, і святого мученика Лонгина, сотника, і всіх святих - помилує і спасе нас як благий і людинолюбний.","Священник: Христос, істинний Бог наш - молитвами пречистої Своєї Матері, силою чесного і животворчого хреста, заступництвом святих славних і всехвальних апостолів, і святого, якого є храм, і святого мученика Лонгина, сотника, і всіх святих - помилує і спасе нас як благий і людинолюбний.",
Жовтень,17.10,6,сб,Св. прор. Осії Св. прпмч. Андрія Критського,"святого пророка Осії, святого преподобномученика Андрія Критського",ні,,,,"Священник: Христос, істинний Бог наш - молитвами пречистої Своєї Матері, силою чесного і животворчого Хреста, заступництвом чесних небесних сил безтілесних, чесного і славного пророка, предтечі і хрестителя Івана, святих славних і всехвальних апостолів, святого отця нашого Миколая, архиєпископа Мир Ликійських, чудотворця, святих славних і переможних мучеників, преподобних і богоносних отців наших, святого отця нашого Івана Золотоустого, архиєпископа Константинополя, святих і праведних богоотців Йоакима й Анни, і святого, якого є храм, і святого пророка Осії, святого преподобномученика Андрія Критського, і всіх святих - помилує і спасе нас як благий і людинолюбний.","Священник: Христос, істинний Бог наш - молитвами пречистої Своєї Матері, силою чесного і животворчого Хреста, заступництвом чесних небесних сил безтілесних, чесного і славного пророка, предтечі і хрестителя Івана, святих славних і всехвальних апостолів, святого отця нашого Миколая, архиєпископа Мир Ликійських, чудотворця, святих славних і переможних мучеників, преподобних і богоносних отців наших, святих і праведних богоотців Йоакима й Анни, і святого, якого є храм, і святого пророка Осії, святого преподобномученика Андрія Критського, і всіх святих - помилує і спасе нас як благий і людинолюбний.",
Жовтень,18.10,7,нд,Неділя 21-ша по Зісланні Святого Духа. 🕂 Св. ап. і єв. Луки,"святого апостола і євангелиста Луки, якого сьогодні пам'ять світло звершуємо",так,свято,,,"Священник: Христос, що воскрес із мертвих, істинний Бог наш - молитвами пречистої Своєї Матері, святих славних і всехвальних апостолів, святого отця нашого Івана Золотоустого, архиєпископа Константинополя, і святого, якого є храм, і святого апостола і євангелиста Луки, якого сьогодні пам'ять світло звершуємо, і всіх святих - помилує і спасе нас як благий і людинолюбний.","Священник: Христос, що воскрес із мертвих, істинний Бог наш - молитвами пречистої Своєї Матері, святих славних і всехвальних апостолів, і святого, якого є храм, і святого апостола і євангелиста Луки, якого сьогодні пам'ять світло звершуємо, і всіх святих - помилує і спасе нас як благий і людинолюбний.","Христос, істинний Бог наш - молитвами пречистої Своєї Матері, святих славних і всехвальних апостолів, святого отця нашого Івана Золотоустого, архиєпископа Константинополя, і святого, якого є храм,"
Жовтень,19.10,1,пн,Св. прор. Йоїла Св. мч. Уара 🕃 Прп. Івана Рильського,"святого пророка Йоїла, святого мученика Уара, преподобного отця нашого Івана Рильського",ні,,,,"Священник: Христос, істинний Бог наш - молитвами пречистої Своєї Матері, заступництвом чесних небесних сил безтілесних, святих славних і всехвальних апостолів, святого отця нашого Івана Золотоустого, архиєпископа Константинополя, і святого, якого є храм, і святого пророка Йоїла, святого мученика Уара, преподобного отця нашого Івана Рильського, і всіх святих - помилує і спасе нас як благий і людинолюбний.","Священник: Христос, істинний Бог наш - молитвами пречистої Своєї Матері, заступництвом чесних небесних сил безтілесних, святих славних і всехвальних апостолів, і святого, якого є храм, і святого пророка Йоїла, святого мученика Уара, преподобного отця нашого Івана Рильського, і всіх святих - помилує і спасе нас як благий і людинолюбний.",
Жовтень,20.10,2,вв,🕃 Св. вмч. Артемія,святого великомученика Артемія,ні,,,,"Священник: Христос, істинний Бог наш - молитвами пречистої Своєї Матері, чесного і славного пророка, предтечі і хрестителя Івана, святих славних і всехвальних апостолів, святого отця нашого Івана Золотоустого, архиєпископа Константинополя, і святого, якого є храм, і святого великомученика Артемія, і всіх святих - помилує і спасе нас як благий і людинолюбний.","Священник: Христос, істинний Бог наш - молитвами пречистої Своєї Матері, чесного і славного пророка, предтечі і хрестителя Івана, святих славних і всехвальних апостолів, і святого, якого є храм, і святого великомученика Артемія, і всіх святих - помилує і спасе нас як благий і людинолюбний.",
Жовтень,21.10,3,ср,🕃 Прп. Іларіона Великого,преподобного отця нашого Іларіона Великого,ні,,,,"Священник: Христос, істинний Бог наш - молитвами пречистої Своєї Матері, силою чесного і животворчого хреста, заступництвом святих славних і всехвальних апостолів, святого отця нашого Івана Золотоустого, архиєпископа Константинополя, і святого, якого є храм, і преподобного отця нашого Іларіона Великого, і всіх святих - помилує і спасе нас як благий і людинолюбний.","Священник: Христос, істинний Бог наш - молитвами пречистої Своєї Матері, силою чесного і животворчого хреста, заступництвом святих славних і всехвальних апостолів, і святого, якого є храм, і преподобного отця нашого Іларіона Великого, і всіх святих - помилує і спасе нас як благий і людинолюбний.",
Жовтень,22.10,4,чт,"Св. Івана Павла ІІ, папи Св. рівноап. Аверкія, єп. Єрапольського, чудотв. Свв. сімох отроків, що в Ефесі","святого отця нашого Івана Павла ІІ, папи, святого рівноапостольного Аверкія, єпископа Єрапольського, чудотворця, святих сімох отроків, що в Ефесі",ні,,,,"Священник: Христос, істинний Бог наш - молитвами пречистої Своєї Матері, святих славних і всехвальних апостолів, святого отця нашого Миколая, архиєпископа Мир Ликійських, чудотворця, святого отця нашого Івана Золотоустого, архиєпископа Константинополя, і святого, якого є храм, і святого отця нашого Івана Павла ІІ, папи, святого рівноапостольного Аверкія, єпископа Єрапольського, чудотворця, святих сімох отроків, що в Ефесі, і всіх святих - помилує і спасе нас як благий і людинолюбний.","Священник: Христос, істинний Бог наш - молитвами пречистої Своєї Матері, святих славних і всехвальних апостолів, святого отця нашого Миколая, архиєпископа Мир Ликійських, чудотворця, і святого, якого є храм, і святого отця нашого Івана Павла ІІ, папи, святого рівноапостольного Аверкія, єпископа Єрапольського, чудотворця, святих сімох отроків, що в Ефесі, і всіх святих - помилує і спасе нас як благий і людинолюбний.",
Жовтень,23.10,5,пт,"🕃 Св. ап. Якова, брата Господнього","святого апостола Якова, брата Господнього",ні,,,,"Священник: Христос, істинний Бог наш - молитвами пречистої Своєї Матері, силою чесного і животворчого хреста, заступництвом святих славних і всехвальних апостолів, святого отця нашого Івана Золотоустого, архиєпископа Константинополя, і святого, якого є храм, і святого апостола Якова, брата Господнього, і всіх святих - помилує і спасе нас як благий і людинолюбний.","Священник: Христос, істинний Бог наш - молитвами пречистої Своєї Матері, силою чесного і животворчого хреста, заступництвом святих славних і всехвальних апостолів, і святого, якого є храм, і святого апостола Якова, брата Господнього, і всіх святих - помилує і спасе нас як благий і людинолюбний.",
Жовтень,24.10,6,сб,"Св. мч. Арети і тих, що з ним","святого мученика Арети і тих, що з ним",ні,,,,"Священник: Христос, істинний Бог наш - молитвами пречистої Своєї Матері, силою чесного і животворчого Хреста, заступництвом чесних небесних сил безтілесних, чесного і славного пророка, предтечі і хрестителя Івана, святих славних і всехвальних апостолів, святого отця нашого Миколая, архиєпископа Мир Ликійських, чудотворця, святих славних і переможних мучеників, преподобних і богоносних отців наших, святого отця нашого Івана Золотоустого, архиєпископа Константинополя, святих і праведних богоотців Йоакима й Анни, і святого, якого є храм, і святого мученика Арети і тих, що з ним, і всіх святих - помилує і спасе нас як благий і людинолюбний.","Священник: Христос, істинний Бог наш - молитвами пречистої Своєї Матері, силою чесного і животворчого Хреста, заступництвом чесних небесних сил безтілесних, чесного і славного пророка, предтечі і хрестителя Івана, святих славних і всехвальних апостолів, святого отця нашого Миколая, архиєпископа Мир Ликійських, чудотворця, святих славних і переможних мучеників, преподобних і богоносних отців наших, святих і праведних богоотців Йоакима й Анни, і святого, якого є храм, і святого мученика Арети і тих, що з ним, і всіх святих - помилує і спасе нас як благий і людинолюбний.",
Жовтень,25.10,7,нд,Неділя 22-га по Зісланні Святого Духа. Свв. мчч. і нотарів Маркіяна й Мартирія,святих мучеників і нотарів Маркіяна й Мартирія,ні,,,,"Священник: Христос, що воскрес із мертвих, істинний Бог наш - молитвами пречистої Своєї Матері, святих славних і всехвальних апостолів, святого отця нашого Івана Золотоустого, архиєпископа Константинополя, і святого, якого є храм, і святих мучеників і нотарів Маркіяна й Мартирія, і всіх святих - помилує і спасе нас як благий і людинолюбний.","Священник: Христос, що воскрес із мертвих, істинний Бог наш - молитвами пречистої Своєї Матері, святих славних і всехвальних апостолів, і святого, якого є храм, і святих мучеників і нотарів Маркіяна й Мартирія, і всіх святих - помилує і спасе нас як благий і людинолюбний.",
Жовтень,26.10,1,пн,🕁 Св. і славн. вмч. Димитрія Мироточця</i>,"святого і славного великомученика Димитрія Мироточця, якого сьогодні пам'ять світло звершуємо",так,свято,,,"Священник: Христос, істинний Бог наш - молитвами пречистої Своєї Матері, святих славних і всехвальних апостолів, святого отця нашого Івана Золотоустого, архиєпископа Константинополя, і святого, якого є храм, і святого і славного великомученика Димитрія Мироточця, якого сьогодні пам'ять світло звершуємо, і всіх святих - помилує і спасе нас як благий і людинолюбний.","Священник: Христос, істинний Бог наш - молитвами пречистої Своєї Матері, святих славних і всехвальних апостолів, і святого, якого є храм, і святого і славного великомученика Димитрія Мироточця, якого сьогодні пам'ять світло звершуємо, і всіх святих - помилує і спасе нас як благий і людинолюбний.","Христос, істинний Бог наш - молитвами пречистої Своєї Матері, святих славних і всехвальних апостолів, святого отця нашого Івана Золотоустого, архиєпископа Константинополя, і святого, якого є храм,"
Жовтень,27.10,2,вв,Св. мч. Нестора Свв. мцц. Капетоліни і рабині її Єротиїди,"святого мученика Нестора, святих мучениць Капетоліни і рабині її Єротиїди",ні,,,,"Священник: Христос, істинний Бог наш - молитвами пречистої Своєї Матері, чесного і славного пророка, предтечі і хрестителя Івана, святих славних і всехвальних апостолів, святого отця нашого Івана Золотоустого, архиєпископа Константинополя, і святого, якого є храм, і святого мученика Нестора, святих мучениць Капетоліни і рабині її Єротиїди, і всіх святих - помилує і спасе нас як благий і людинолюбний.","Священник: Христос, істинний Бог наш - молитвами пречистої Своєї Матері, чесного і славного пророка, предтечі і хрестителя Івана, святих славних і всехвальних апостолів, і святого, якого є храм, і святого мученика Нестора, святих мучениць Капетоліни і рабині її Єротиїди, і всіх святих - помилує і спасе нас як благий і людинолюбний.",
Жовтень,28.10,3,ср,"🕃 Св. мц. Параскеви, що в Іконії, названої «П’ятниця» Свв. мчч. Терентія й Неоніли Прп. Стефана Саваїта, творця канонів","святої мучениці Параскеви, що в Іконії, названої «П’ятниця», святих мучеників Терентія й Неоніли, преподобного отця нашого Стефана Саваїта, творця канонів",ні,,,,"Священник: Христос, істинний Бог наш - молитвами пречистої Своєї Матері, силою чесного і животворчого хреста, заступництвом святих славних і всехвальних апостолів, святого отця нашого Івана Золотоустого, архиєпископа Константинополя, і святого, якого є храм, і святої мучениці Параскеви, що в Іконії, названої «П’ятниця», святих мучеників Терентія й Неоніли, преподобного отця нашого Стефана Саваїта, творця канонів, і всіх святих - помилує і спасе нас як благий і людинолюбний.","Священник: Христос, істинний Бог наш - молитвами пречистої Своєї Матері, силою чесного і животворчого хреста, заступництвом святих славних і всехвальних апостолів, і святого, якого є храм, і святої мучениці Параскеви, що в Іконії, названої «П’ятниця», святих мучеників Терентія й Неоніли, преподобного отця нашого Стефана Саваїта, творця канонів, і всіх святих - помилує і спасе нас як благий і людинолюбний.",
Жовтень,29.10,4,чт,"Прп. Аврамія, архим., Ростовського чудотв. Св. прпмц. Анастасії Римлянки Прп. Аврамія Затворника","преподобного отця нашого Аврамія, архимандрита, Ростовського чудотворця, святої преподобномучениці Анастасії Римлянки, преподобного отця нашого Аврамія Затворника",ні,,,,"Священник: Христос, істинний Бог наш - молитвами пречистої Своєї Матері, святих славних і всехвальних апостолів, святого отця нашого Миколая, архиєпископа Мир Ликійських, чудотворця, святого отця нашого Івана Золотоустого, архиєпископа Константинополя, і святого, якого є храм, і преподобного отця нашого Аврамія, архимандрита, Ростовського чудотворця, святої преподобномучениці Анастасії Римлянки, преподобного отця нашого Аврамія Затворника, і всіх святих - помилує і спасе нас як благий і людинолюбний.","Священник: Христос, істинний Бог наш - молитвами пречистої Своєї Матері, святих славних і всехвальних апостолів, святого отця нашого Миколая, архиєпископа Мир Ликійських, чудотворця, і святого, якого є храм, і преподобного отця нашого Аврамія, архимандрита, Ростовського чудотворця, святої преподобномучениці Анастасії Римлянки, преподобного отця нашого Аврамія Затворника, і всіх святих - помилує і спасе нас як благий і людинолюбний.",
Жовтень,30.10,5,пт,"Свв. мчч. Зиновія й Зиновії, сестри його Блаж. сщмч. Олексія Зарицького, пресвіт.","святих мучеників Зиновія й Зиновії, сестри його, блаженного священномученика Олексія, пресвітера",ні,,,,"Священник: Христос, істинний Бог наш - молитвами пречистої Своєї Матері, силою чесного і животворчого хреста, заступництвом святих славних і всехвальних апостолів, святого отця нашого Івана Золотоустого, архиєпископа Константинополя, і святого, якого є храм, і святих мучеників Зиновія й Зиновії, сестри його, блаженного священномученика Олексія, пресвітера, і всіх святих - помилує і спасе нас як благий і людинолюбний.","Священник: Христос, істинний Бог наш - молитвами пречистої Своєї Матері, силою чесного і животворчого хреста, заступництвом святих славних і всехвальних апостолів, і святого, якого є храм, і святих мучеників Зиновія й Зиновії, сестри його, блаженного священномученика Олексія, пресвітера, і всіх святих - помилує і спасе нас як благий і людинолюбний.",
Жовтень,31.10,6,сб,"Свв. апп. Стахія, Амплія і тих, що з ними Св. мч. Єпімаха","святих апостолів Стахія, Амплія і тих, що з ними, святого мученика Єпімаха",ні,,,,"Священник: Христос, істинний Бог наш - молитвами пречистої Своєї Матері, силою чесного і животворчого Хреста, заступництвом чесних небесних сил безтілесних, чесного і славного пророка, предтечі і хрестителя Івана, святих славних і всехвальних апостолів, святого отця нашого Миколая, архиєпископа Мир Ликійських, чудотворця, святих славних і переможних мучеників, преподобних і богоносних отців наших, святого отця нашого Івана Золотоустого, архиєпископа Константинополя, святих і праведних богоотців Йоакима й Анни, і святого, якого є храм, і святих апостолів Стахія, Амплія і тих, що з ними, святого мученика Єпімаха, і всіх святих - помилує і спасе нас як благий і людинолюбний.","Священник: Христос, істинний Бог наш - молитвами пречистої Своєї Матері, силою чесного і животворчого Хреста, заступництвом чесних небесних сил безтілесних, чесного і славного пророка, предтечі і хрестителя Івана, святих славних і всехвальних апостолів, святого отця нашого Миколая, архиєпископа Мир Ликійських, чудотворця, святих славних і переможних мучеників, преподобних і богоносних отців наших, святих і праведних богоотців Йоакима й Анни, і святого, якого є храм, і святих апостолів Стахія, Амплія і тих, що з ними, святого мученика Єпімаха, і всіх святих - помилує і спасе нас як благий і людинолюбний.",
Листопад,01.11,6,сб,"Неділя 23-тя по Зісланні Святого Духа. 🕂 Сщмч. Теодора Ромжі, єп. Мукачівського 🕃 Свв. чудотв. і безср. Косми й Дам’яна","священномученика Теодора Ромжі, єпископа Мукачівського, якого сьогодні пам'ять світло звершуємо, cвятих чудотворців і безсрібників Косми й Дам’яна",так,свято,,,"Священник: Христос, істинний Бог наш - молитвами пречистої Своєї Матері, святих славних і всехвальних апостолів, святого отця нашого Івана Золотоустого, архиєпископа Константинополя, і святого, якого є храм, і священномученика Теодора Ромжі, єпископа Мукачівського, якого сьогодні пам'ять світло звершуємо, cвятих чудотворців і безсрібників Косми й Дам’яна, і всіх святих - помилує і спасе нас як благий і людинолюбний.","Священник: Христос, істинний Бог наш - молитвами пречистої Своєї Матері, святих славних і всехвальних апостолів, і святого, якого є храм, і священномученика Теодора Ромжі, єпископа Мукачівського, якого сьогодні пам'ять світло звершуємо, cвятих чудотворців і безсрібників Косми й Дам’яна, і всіх святих - помилує і спасе нас як благий і людинолюбний.","Христос, істинний Бог наш - молитвами пречистої Своєї Матері, святих славних і всехвальних апостолів, святого отця нашого Івана Золотоустого, архиєпископа Константинополя, і святого, якого є храм,"
Листопад,02.11,7,нд,"Свв. мчч. Акиндина, Пигасія, Афтонія, Єлпидифора й Анемподиста","святих мучеників Акиндина, Пигасія, Афтонія, Єлпидифора й Анемподиста",ні,,,,"Священник: Христос, що воскрес із мертвих, істинний Бог наш - молитвами пречистої Своєї Матері, святих славних і всехвальних апостолів, святого отця нашого Івана Золотоустого, архиєпископа Константинополя, і святого, якого є храм, і святих мучеників Акиндина, Пигасія, Афтонія, Єлпидифора й Анемподиста, і всіх святих - помилує і спасе нас як благий і людинолюбний.","Священник: Христос, що воскрес із мертвих, істинний Бог наш - молитвами пречистої Своєї Матері, святих славних і всехвальних апостолів, і святого, якого є храм, і святих мучеників Акиндина, Пигасія, Афтонія, Єлпидифора й Анемподиста, і всіх святих - помилує і спасе нас як благий і людинолюбний.",
Листопад,03.11,1,пн,"Свв. мчч. Акепсими, єп., Йосифа, пресвіт., і Аїтала, дияк. Оновлення храму св. вмч. Юрія, що в Лідді, де спочиває його чесне тіло","святих мучеників Акепсими, єпископа, Йосифа, пресвітера, і Аїтала, диякона, оновлення храму Святого великомученика Юрія, що в Лідді, де спочиває його чесне тіло",ні,,,,"Священник: Христос, істинний Бог наш - молитвами пречистої Своєї Матері, заступництвом чесних небесних сил безтілесних, святих славних і всехвальних апостолів, святого отця нашого Івана Золотоустого, архиєпископа Константинополя, і святого, якого є храм, і святих мучеників Акепсими, єпископа, Йосифа, пресвітера, і Аїтала, диякона, оновлення храму Святого великомученика Юрія, що в Лідді, де спочиває його чесне тіло, і всіх святих - помилує і спасе нас як благий і людинолюбний.","Священник: Христос, істинний Бог наш - молитвами пречистої Своєї Матері, заступництвом чесних небесних сил безтілесних, святих славних і всехвальних апостолів, і святого, якого є храм, і святих мучеників Акепсими, єпископа, Йосифа, пресвітера, і Аїтала, диякона, оновлення храму Святого великомученика Юрія, що в Лідді, де спочиває його чесне тіло, і всіх святих - помилує і спасе нас як благий і людинолюбний.",
Листопад,04.11,2,вв,"Прп. Йоанікія Великого Св. мч. Нікандра, єп. Мирського Св. Єрмея, пресвіт.","преподобного отця нашого Йоанікія Великого, святого мученика Нікандра, єпископа Мирського, святого Єрмея, пресвітера",ні,,,,"Священник: Христос, істинний Бог наш - молитвами пречистої Своєї Матері, чесного і славного пророка, предтечі і хрестителя Івана, святих славних і всехвальних апостолів, святого отця нашого Івана Золотоустого, архиєпископа Константинополя, і святого, якого є храм, і преподобного отця нашого Йоанікія Великого, святого мученика Нікандра, єпископа Мирського, святого Єрмея, пресвітера, і всіх святих - помилує і спасе нас як благий і людинолюбний.","Священник: Христос, істинний Бог наш - молитвами пречистої Своєї Матері, чесного і славного пророка, предтечі і хрестителя Івана, святих славних і всехвальних апостолів, і святого, якого є храм, і преподобного отця нашого Йоанікія Великого, святого мученика Нікандра, єпископа Мирського, святого Єрмея, пресвітера, і всіх святих - помилує і спасе нас як благий і людинолюбний.",
Листопад,05.11,3,ср,Свв. мчч. Галактіона і Єпістими,святих мучеників Галактіона і Єпістими,ні,,,,"Священник: Христос, істинний Бог наш - молитвами пречистої Своєї Матері, силою чесного і животворчого хреста, заступництвом святих славних і всехвальних апостолів, святого отця нашого Івана Золотоустого, архиєпископа Константинополя, і святого, якого є храм, і святих мучеників Галактіона і Єпістими, і всіх святих - помилує і спасе нас як благий і людинолюбний.","Священник: Христос, істинний Бог наш - молитвами пречистої Своєї Матері, силою чесного і животворчого хреста, заступництвом святих славних і всехвальних апостолів, і святого, якого є храм, і святих мучеників Галактіона і Єпістими, і всіх святих - помилує і спасе нас як благий і людинолюбний.",
Листопад,06.11,4,чт,"🕃 Св. Павла, архиєп. Царгородського, ісп.","святого Павла, архиєпископа Царгородського, ісповідника",ні,,,,"Священник: Христос, істинний Бог наш - молитвами пречистої Своєї Матері, святих славних і всехвальних апостолів, святого отця нашого Миколая, архиєпископа Мир Ликійських, чудотворця, святого отця нашого Івана Золотоустого, архиєпископа Константинополя, і святого, якого є храм, і святого Павла, архиєпископа Царгородського, ісповідника, і всіх святих - помилує і спасе нас як благий і людинолюбний.","Священник: Христос, істинний Бог наш - молитвами пречистої Своєї Матері, святих славних і всехвальних апостолів, святого отця нашого Миколая, архиєпископа Мир Ликійських, чудотворця, і святого, якого є храм, і святого Павла, архиєпископа Царгородського, ісповідника, і всіх святих - помилує і спасе нас як благий і людинолюбний.",
Листопад,07.11,5,пт,"Свв. тридцяти трьох мчч., що в Мелітині Прп. і чудотв. Лазаря, що постив на Галисійській горі","святих тридцяти трьох мучеників, що в Мелітині, преподобного отця нашого і чудотворця Лазаря, що постив на Галисійській горі",ні,,,,"Священник: Христос, істинний Бог наш - молитвами пречистої Своєї Матері, силою чесного і животворчого хреста, заступництвом святих славних і всехвальних апостолів, святого отця нашого Івана Золотоустого, архиєпископа Константинополя, і святого, якого є храм, і святих тридцяти трьох мучеників, що в Мелітині, преподобного отця нашого і чудотворця Лазаря, що постив на Галисійській горі, і всіх святих - помилує і спасе нас як благий і людинолюбний.","Священник: Христос, істинний Бог наш - молитвами пречистої Своєї Матері, силою чесного і животворчого хреста, заступництвом святих славних і всехвальних апостолів, і святого, якого є храм, і святих тридцяти трьох мучеників, що в Мелітині, преподобного отця нашого і чудотворця Лазаря, що постив на Галисійській горі, і всіх святих - помилує і спасе нас як благий і людинолюбний.",
Листопад,08.11,6,сб,Неділя 24-та по Зісланні Святого Духа. 🕁 Собор св. архистр. Михаїла та інших безтілесних сил</i>,собору святого архистратига Михаїла та інших безтілесних сил,так,свято,,,"Священник: Христос, істинний Бог наш - молитвами пречистої Своєї Матері, святих славних і всехвальних апостолів, святого отця нашого Івана Золотоустого, архиєпископа Константинополя, і святого, якого є храм, і собору святого архистратига Михаїла та інших безтілесних сил, і всіх святих - помилує і спасе нас як благий і людинолюбний.","Священник: Христос, істинний Бог наш - молитвами пречистої Своєї Матері, святих славних і всехвальних апостолів, і святого, якого є храм, і собору святого архистратига Михаїла та інших безтілесних сил, і всіх святих - помилує і спасе нас як благий і людинолюбний.","Христос, істинний Бог наш - молитвами пречистої Своєї Матері, святих славних і всехвальних апостолів, святого отця нашого Івана Золотоустого, архиєпископа Константинополя, і святого, якого є храм,"
Листопад,09.11,7,нд,"Свв. мчч. Онисифора й Порфирія Прп. Матрони Прп. Теоктисти, що з Лезви","святих мучеників Онисифора й Порфирія, преподобної матері нашої Матрони, преподобної Теоктисти, що з Лезви",ні,,,,"Священник: Христос, що воскрес із мертвих, істинний Бог наш - молитвами пречистої Своєї Матері, святих славних і всехвальних апостолів, святого отця нашого Івана Золотоустого, архиєпископа Константинополя, і святого, якого є храм, і святих мучеників Онисифора й Порфирія, преподобної матері нашої Матрони, преподобної Теоктисти, що з Лезви, і всіх святих - помилує і спасе нас як благий і людинолюбний.","Священник: Христос, що воскрес із мертвих, істинний Бог наш - молитвами пречистої Своєї Матері, святих славних і всехвальних апостолів, і святого, якого є храм, і святих мучеників Онисифора й Порфирія, преподобної матері нашої Матрони, преподобної Теоктисти, що з Лезви, і всіх святих - помилує і спасе нас як благий і людинолюбний.",
Листопад,10.11,1,пн,"Свв. апп. Ераста, Олімпа, Родіона і тих, що з ними","святих апостолів Ераста, Олімпа, Родіона і тих, що з ними",ні,,,,"Священник: Христос, істинний Бог наш - молитвами пречистої Своєї Матері, заступництвом чесних небесних сил безтілесних, святих славних і всехвальних апостолів, святого отця нашого Івана Золотоустого, архиєпископа Константинополя, і святого, якого є храм, і святих апостолів Ераста, Олімпа, Родіона і тих, що з ними, і всіх святих - помилує і спасе нас як благий і людинолюбний.","Священник: Христос, істинний Бог наш - молитвами пречистої Своєї Матері, заступництвом чесних небесних сил безтілесних, святих славних і всехвальних апостолів, і святого, якого є храм, і святих апостолів Ераста, Олімпа, Родіона і тих, що з ними, і всіх святих - помилує і спасе нас як благий і людинолюбний.",
Листопад,11.11,2,вв,"Свв. мчч. Мини, Віктора й Вінкентія Св. мц. Стефаніди Прп. й ісп. Теодора Студійського","святих мучеників Мини, Віктора й Вінкентія, святої мучениці Стефаніди, преподобного отця нашого й ісповідника Теодора Студійського",ні,,,,"Священник: Христос, істинний Бог наш - молитвами пречистої Своєї Матері, чесного і славного пророка, предтечі і хрестителя Івана, святих славних і всехвальних апостолів, святого отця нашого Івана Золотоустого, архиєпископа Константинополя, і святого, якого є храм, і святих мучеників Мини, Віктора й Вінкентія, святої мучениці Стефаніди, преподобного отця нашого й ісповідника Теодора Студійського, і всіх святих - помилує і спасе нас як благий і людинолюбний.","Священник: Христос, істинний Бог наш - молитвами пречистої Своєї Матері, чесного і славного пророка, предтечі і хрестителя Івана, святих славних і всехвальних апостолів, і святого, якого є храм, і святих мучеників Мини, Віктора й Вінкентія, святої мучениці Стефаніди, преподобного отця нашого й ісповідника Теодора Студійського, і всіх святих - помилує і спасе нас як благий і людинолюбний.",
Листопад,12.11,3,ср,"🕁 Св. сщмч. Йосафата, архиєп. Полоцького 🕃 Св. Івана Милостивого, патр. Олександрійського Прп. Ніла Блаж. сщмч. Григорія Лакоти, єп.","святого священномученика Йосафата, архиєпископа Полоцького, якого сьогодні пам'ять світло звершуємо, святого отця нашого Івана Милостивого, патріарха Олександрійського, преподобного отця нашого Ніла, блаженного священномученика Григорія Лакоти, єпископа",так,свято,,,"Священник: Христос, істинний Бог наш - молитвами пречистої Своєї Матері, святих славних і всехвальних апостолів, святого отця нашого Івана Золотоустого, архиєпископа Константинополя, і святого, якого є храм, і святого священномученика Йосафата, архиєпископа Полоцького, якого сьогодні пам'ять світло звершуємо, святого отця нашого Івана Милостивого, патріарха Олександрійського, преподобного отця нашого Ніла, блаженного священномученика Григорія Лакоти, єпископа, і всіх святих - помилує і спасе нас як благий і людинолюбний.","Священник: Христос, істинний Бог наш - молитвами пречистої Своєї Матері, святих славних і всехвальних апостолів, і святого, якого є храм, і святого священномученика Йосафата, архиєпископа Полоцького, якого сьогодні пам'ять світло звершуємо, святого отця нашого Івана Милостивого, патріарха Олександрійського, преподобного отця нашого Ніла, блаженного священномученика Григорія Лакоти, єпископа, і всіх святих - помилує і спасе нас як благий і людинолюбний.","Христос, істинний Бог наш - молитвами пречистої Своєї Матері, святих славних і всехвальних апостолів, святого отця нашого Івана Золотоустого, архиєпископа Константинополя, і святого, якого є храм,"
Листопад,13.11,4,чт,"🕂 Св. Івана Золотоустого, архиєп. Царгородського",,так,свято,"святого отця нашого Йоана Золотоустого, архиєпископа Константинополя","святого отця нашого Йоана Золотоустого, архиєпископа Константинополя, якого сьогодні пам'ять торжественно звершуємо","Священник: Христос, істинний Бог наш - молитвами пречистої Своєї Матері, святих славних і всехвальних апостолів, святого отця нашого Івана Золотоустого, архиєпископа Константинополя, якого сьогодні пам'ять світло звершуємо, і святого, якого є храм, і всіх святих - помилує і спасе нас як благий і людинолюбний.","Священник: Христос, істинний Бог наш - молитвами пречистої Своєї Матері, святих славних і всехвальних апостолів, якого сьогодні пам'ять світло звершуємо, і святого, якого є храм, і всіх святих - помилує і спасе нас як благий і людинолюбний.","Христос, істинний Бог наш - молитвами пречистої Своєї Матері, святих славних і всехвальних апостолів, святого отця нашого Івана Золотоустого, архиєпископа Константинополя, якого сьогодні пам'ять світло звершуємо, і святого, якого є храм,"
Листопад,14.11,5,пт,🕂 Св. і всехв. ап. Филипа,"святого і всехвального апостола Филипа, якого сьогодні пам'ять світло звершуємо",так,свято,,,"Священник: Христос, істинний Бог наш - молитвами пречистої Своєї Матері, святих славних і всехвальних апостолів, святого отця нашого Івана Золотоустого, архиєпископа Константинополя, і святого, якого є храм, і святого і всехвального апостола Филипа, якого сьогодні пам'ять світло звершуємо, і всіх святих - помилує і спасе нас як благий і людинолюбний.","Священник: Христос, істинний Бог наш - молитвами пречистої Своєї Матері, святих славних і всехвальних апостолів, і святого, якого є храм, і святого і всехвального апостола Филипа, якого сьогодні пам'ять світло звершуємо, і всіх святих - помилує і спасе нас як благий і людинолюбний.","Христос, істинний Бог наш - молитвами пречистої Своєї Матері, святих славних і всехвальних апостолів, святого отця нашого Івана Золотоустого, архиєпископа Константинополя, і святого, якого є храм,"
Листопад,15.11,6,сб,"Неділя 25-та по Зісланні Святого Духа. Свв. мчч. та ісп. Гурія, Самона й Авіва Початок Різдвяного посту</i>","святих мучеників та ісповідників Гурія, Самона й Авіва",ні,,,,"Священник: Христос, істинний Бог наш - молитвами пречистої Своєї Матері, силою чесного і животворчого Хреста, заступництвом чесних небесних сил безтілесних, чесного і славного пророка, предтечі і хрестителя Івана, святих славних і всехвальних апостолів, святого отця нашого Миколая, архиєпископа Мир Ликійських, чудотворця, святих славних і переможних мучеників, преподобних і богоносних отців наших, святого отця нашого Івана Золотоустого, архиєпископа Константинополя, святих і праведних богоотців Йоакима й Анни, і святого, якого є храм, і святих мучеників та ісповідників Гурія, Самона й Авіва, і всіх святих - помилує і спасе нас як благий і людинолюбний.","Священник: Христос, істинний Бог наш - молитвами пречистої Своєї Матері, силою чесного і животворчого Хреста, заступництвом чесних небесних сил безтілесних, чесного і славного пророка, предтечі і хрестителя Івана, святих славних і всехвальних апостолів, святого отця нашого Миколая, архиєпископа Мир Ликійських, чудотворця, святих славних і переможних мучеників, преподобних і богоносних отців наших, святих і праведних богоотців Йоакима й Анни, і святого, якого є храм, і святих мучеників та ісповідників Гурія, Самона й Авіва, і всіх святих - помилує і спасе нас як благий і людинолюбний.",
Листопад,16.11,7,нд,🕂 Св. ап. і єв. Матея,"святого апостола і євангелиста Матея, якого сьогодні пам'ять світло звершуємо",так,свято,,,"Священник: Христос, що воскрес із мертвих, істинний Бог наш - молитвами пречистої Своєї Матері, святих славних і всехвальних апостолів, святого отця нашого Івана Золотоустого, архиєпископа Константинополя, і святого, якого є храм, і святого апостола і євангелиста Матея, якого сьогодні пам'ять світло звершуємо, і всіх святих - помилує і спасе нас як благий і людинолюбний.","Священник: Христос, що воскрес із мертвих, істинний Бог наш - молитвами пречистої Своєї Матері, святих славних і всехвальних апостолів, і святого, якого є храм, і святого апостола і євангелиста Матея, якого сьогодні пам'ять світло звершуємо, і всіх святих - помилує і спасе нас як благий і людинолюбний.","Христос, істинний Бог наш - молитвами пречистої Своєї Матері, святих славних і всехвальних апостолів, святого отця нашого Івана Золотоустого, архиєпископа Константинополя, і святого, якого є храм,"
Листопад,17.11,1,пн,"Св. Григорія, єп. Неокесарійського, чудотв. Блаж. сщмч. Йосафата Коциловського, єп. Перемишльського","святого отця нашого Григорія, єпископа Неокесарійського, чудотворця, блаженного священномученика Йосафата (Коциловського), єпископа Перемишльського",ні,,,,"Священник: Христос, істинний Бог наш - молитвами пречистої Своєї Матері, заступництвом чесних небесних сил безтілесних, святих славних і всехвальних апостолів, святого отця нашого Івана Золотоустого, архиєпископа Константинополя, і святого, якого є храм, і святого отця нашого Григорія, єпископа Неокесарійського, чудотворця, блаженного священномученика Йосафата (Коциловського), єпископа Перемишльського, і всіх святих - помилує і спасе нас як благий і людинолюбний.","Священник: Христос, істинний Бог наш - молитвами пречистої Своєї Матері, заступництвом чесних небесних сил безтілесних, святих славних і всехвальних апостолів, і святого, якого є храм, і святого отця нашого Григорія, єпископа Неокесарійського, чудотворця, блаженного священномученика Йосафата (Коциловського), єпископа Перемишльського, і всіх святих - помилує і спасе нас як благий і людинолюбний.",
Листопад,18.11,2,вв,Свв. мчч. Платона й Романа,святих мучеників Платона й Романа,ні,,,,"Священник: Христос, істинний Бог наш - молитвами пречистої Своєї Матері, чесного і славного пророка, предтечі і хрестителя Івана, святих славних і всехвальних апостолів, святого отця нашого Івана Золотоустого, архиєпископа Константинополя, і святого, якого є храм, і святих мучеників Платона й Романа, і всіх святих - помилує і спасе нас як благий і людинолюбний.","Священник: Христос, істинний Бог наш - молитвами пречистої Своєї Матері, чесного і славного пророка, предтечі і хрестителя Івана, святих славних і всехвальних апостолів, і святого, якого є храм, і святих мучеників Платона й Романа, і всіх святих - помилує і спасе нас як благий і людинолюбний.",
Листопад,19.11,3,ср,Св. прор. Авдія Св. мч. Варлаама,"святого пророка Авдія, святого мученика Варлаама",ні,,,,"Священник: Христос, істинний Бог наш - молитвами пречистої Своєї Матері, силою чесного і животворчого хреста, заступництвом святих славних і всехвальних апостолів, святого отця нашого Івана Золотоустого, архиєпископа Константинополя, і святого, якого є храм, і святого пророка Авдія, святого мученика Варлаама, і всіх святих - помилує і спасе нас як благий і людинолюбний.","Священник: Христос, істинний Бог наш - молитвами пречистої Своєї Матері, силою чесного і животворчого хреста, заступництвом святих славних і всехвальних апостолів, і святого, якого є храм, і святого пророка Авдія, святого мученика Варлаама, і всіх святих - помилує і спасе нас як благий і людинолюбний.",
Листопад,20.11,4,чт,"🕂 Прп. Йосафати Гордашевської Передсвяття Введення у храм Пресвятої Богородиці Прп. Григорія Декаполіта Св. Прокла, архиєп. Царгородського","преподобної матері нашої Йосафати Гордашевської, якого сьогодні пам'ять світло звершуємо,  преподобного Григорія Декаполіта, святого отця нашого Прокла, архиєпископа Царгородського",так,свято,,,"Священник: Христос, істинний Бог наш - молитвами пречистої Своєї Матері, святих славних і всехвальних апостолів, святого отця нашого Івана Золотоустого, архиєпископа Константинополя, і святого, якого є храм, і преподобної матері нашої Йосафати Гордашевської, якого сьогодні пам'ять світло звершуємо,  преподобного Григорія Декаполіта, святого отця нашого Прокла, архиєпископа Царгородського, і всіх святих - помилує і спасе нас як благий і людинолюбний.","Священник: Христос, істинний Бог наш - молитвами пречистої Своєї Матері, святих славних і всехвальних апостолів, і святого, якого є храм, і преподобної матері нашої Йосафати Гордашевської, якого сьогодні пам'ять світло звершуємо,  преподобного Григорія Декаполіта, святого отця нашого Прокла, архиєпископа Царгородського, і всіх святих - помилує і спасе нас як благий і людинолюбний.","Христос, істинний Бог наш - молитвами пречистої Своєї Матері, святих славних і всехвальних апостолів, святого отця нашого Івана Золотоустого, архиєпископа Константинополя, і святого, якого є храм,"
Листопад,21.11,5,пт,🕀 Введення у храм Пресвятої Владичиці нашої Богородиці і Приснодіви Марії,,так,свято,,,"Священник: Христос, істинний Бог наш - молитвами пречистої Cвоєї Матері, якої Введення в храм сьогодні торжественне свято світло звершуємо, святих, славних і всехвальних апостолів, святого отця нашого Івана Золотоустого, архиєпископа Константинополя, і святого, якого є храм, і всіх святих - помилує і спасе нас як благий і людинолюбний.","Священник: Христос, істинний Бог наш - молитвами пречистої Cвоєї Матері, якої Введення в храм сьогодні торжественне свято світло звершуємо, святих, славних і всехвальних апостолів, і святого, якого є храм, і всіх святих - помилує і спасе нас як благий і людинолюбний.","Христос, істинний Бог наш - молитвами пречистої Cвоєї Матері, якої Введення в храм сьогодні торжественне свято світло звершуємо, святих, славних і всехвальних апостолів, святого отця нашого Івана Золотоустого, архиєпископа Константинополя, і святого, якого є храм,"
Листопад,22.11,6,сб,"Неділя 26-та по Зісланні Святого Духа. Св. ап. Филимона і тих, що з ним","святого апостола Филимона і тих, що з ним",так,посвяття,"молитвами пречистої своєї Матері, ","молитвами пречистої Своєї Матері, якої Введення в храм свято звершуємо, ","Священник: Христос, істинний Бог наш - молитвами пречистої Cвоєї Матері, якої Введення в храм свято звершуємо, святих, славних і всехвальних апостолів, святого отця нашого Івана Золотоустого, архиєпископа Константинополя, і святого, якого є храм, і святого апостола Филимона і тих, що з ним, і всіх святих - помилує і спасе нас як благий і людинолюбний.","Священник: Христос, істинний Бог наш - молитвами пречистої Cвоєї Матері, якої Введення в храм свято звершуємо, святих, славних і всехвальних апостолів, і святого, якого є храм, і святого апостола Филимона і тих, що з ним, і всіх святих - помилує і спасе нас як благий і людинолюбний.","Христос, істинний Бог наш - молитвами пречистої Cвоєї Матері, якої Введення в храм сьогодні торжественне свято світло звершуємо, святих, славних і всехвальних апостолів, святого отця нашого Івана Золотоустого, архиєпископа Константинополя, і святого, якого є храм, "
Листопад,23.11,7,нд,"Свв. Амфілохія, єп. Іконійського, і Григорія, єп. Акрагантійського","святих отців наших Амфілохія, єпископа Іконійського, і Григорія, єпископа Акрагантійського",так,посвяття,"молитвами пречистої своєї Матері, ","молитвами пречистої Своєї Матері, якої Введення в храм свято звершуємо, ","Священник: Христос, що воскрес із мертвих, істинний Бог наш - молитвами пречистої Cвоєї Матері, якої Введення в храм свято звершуємо, святих, славних і всехвальних апостолів, святого отця нашого Івана Золотоустого, архиєпископа Константинополя, і святого, якого є храм, і святих отців наших Амфілохія, єпископа Іконійського, і Григорія, єпископа Акрагантійського, і всіх святих - помилує і спасе нас як благий і людинолюбний.","Священник: Христос, що воскрес із мертвих, істинний Бог наш - молитвами пречистої Cвоєї Матері, якої Введення в храм свято звершуємо, святих, славних і всехвальних апостолів, і святого, якого є храм, і святих отців наших Амфілохія, єпископа Іконійського, і Григорія, єпископа Акрагантійського, і всіх святих - помилує і спасе нас як благий і людинолюбний.","Христос, істинний Бог наш - молитвами пречистої Cвоєї Матері, якої Введення в храм сьогодні торжественне свято світло звершуємо, святих, славних і всехвальних апостолів, святого отця нашого Івана Золотоустого, архиєпископа Константинополя, і святого, якого є храм, "
Листопад,24.11,1,пн,🕃 Св. вмц. Катерини Св. вмч. Меркурія,"святої великомучениці Катерини, святого великомученика Меркурія",так,посвяття,"молитвами пречистої своєї Матері, ","молитвами пречистої Своєї Матері, якої Введення в храм свято звершуємо, ","Священник: Христос, істинний Бог наш - молитвами пречистої Cвоєї Матері, якої Введення в храм свято звершуємо, святих, славних і всехвальних апостолів, святого отця нашого Івана Золотоустого, архиєпископа Константинополя, і святого, якого є храм, і святої великомучениці Катерини, святого великомученика Меркурія, і всіх святих - помилує і спасе нас як благий і людинолюбний.","Священник: Христос, істинний Бог наш - молитвами пречистої Cвоєї Матері, якої Введення в храм свято звершуємо, святих, славних і всехвальних апостолів, і святого, якого є храм, і святої великомучениці Катерини, святого великомученика Меркурія, і всіх святих - помилує і спасе нас як благий і людинолюбний.","Христос, істинний Бог наш - молитвами пречистої Cвоєї Матері, якої Введення в храм сьогодні торжественне свято світло звершуємо, святих, славних і всехвальних апостолів, святого отця нашого Івана Золотоустого, архиєпископа Константинополя, і святого, якого є храм, "
Листопад,25.11,2,вв,"Свв. сщмчч. Климента, папи Римського, і Петра, єп. Олександрійського Віддання Введення у храм Пресв. Богородиці</i>","святих отців наших і священномучеників Климента, папи Римського, і Петра, єпископа Олександрійського,",так,віддання,"молитвами пречистої своєї Матері, ","молитвами пречистої Своєї Матері, якої Введення в храм свято звершуємо, ","Священник: Христос, істинний Бог наш - молитвами пречистої Cвоєї Матері, якої Введення в храм свято звершуємо, святих, славних і всехвальних апостолів, святого отця нашого Івана Золотоустого, архиєпископа Константинополя, і святого, якого є храм, і святих отців наших і священномучеників Климента, папи Римського, і Петра, єпископа Олександрійського,, і всіх святих - помилує і спасе нас як благий і людинолюбний.","Священник: Христос, істинний Бог наш - молитвами пречистої Cвоєї Матері, якої Введення в храм свято звершуємо, святих, славних і всехвальних апостолів, і святого, якого є храм, і святих отців наших і священномучеників Климента, папи Римського, і Петра, єпископа Олександрійського,, і всіх святих - помилує і спасе нас як благий і людинолюбний.",
Листопад,26.11,3,ср,"Прп. Аліпія Стовпника Пам’ять посвячення храму Св. вмч. Юрія, що в Києві перед воротами Св. Софії","преподобного отця нашого Аліпія Стовпника, святого великомученика Юрія, що в його чесить у Києві перед воротами Святої Софії храму посвячення пам’ять творимо",ні,,,,"Священник: Христос, істинний Бог наш - молитвами пречистої Своєї Матері, силою чесного і животворчого хреста, заступництвом святих славних і всехвальних апостолів, святого отця нашого Івана Золотоустого, архиєпископа Константинополя, і святого, якого є храм, і преподобного отця нашого Аліпія Стовпника, святого великомученика Юрія, що в його чесить у Києві перед воротами Святої Софії храму посвячення пам’ять творимо, і всіх святих - помилує і спасе нас як благий і людинолюбний.","Священник: Христос, істинний Бог наш - молитвами пречистої Своєї Матері, силою чесного і животворчого хреста, заступництвом святих славних і всехвальних апостолів, і святого, якого є храм, і преподобного отця нашого Аліпія Стовпника, святого великомученика Юрія, що в його чесить у Києві перед воротами Святої Софії храму посвячення пам’ять творимо, і всіх святих - помилує і спасе нас як благий і людинолюбний.",
Листопад,27.11,4,чт,Св. вмч. Якова Перського Прп. Палладія,"святого великомученика Якова Перського, преподобного отця нашого Палладія",ні,,,,"Священник: Христос, істинний Бог наш - молитвами пречистої Своєї Матері, святих славних і всехвальних апостолів, святого отця нашого Миколая, архиєпископа Мир Ликійських, чудотворця, святого отця нашого Івана Золотоустого, архиєпископа Константинополя, і святого, якого є храм, і святого великомученика Якова Перського, преподобного отця нашого Палладія, і всіх святих - помилує і спасе нас як благий і людинолюбний.","Священник: Христос, істинний Бог наш - молитвами пречистої Своєї Матері, святих славних і всехвальних апостолів, святого отця нашого Миколая, архиєпископа Мир Ликійських, чудотворця, і святого, якого є храм, і святого великомученика Якова Перського, преподобного отця нашого Палладія, і всіх святих - помилує і спасе нас як благий і людинолюбний.",
Листопад,28.11,5,пт,🕃 Прпмч. Стефана Нового Св. мч. Іринарха,"преподобномученика Стефана Нового, святого мученика Іринарха",ні,,,,"Священник: Христос, істинний Бог наш - молитвами пречистої Своєї Матері, силою чесного і животворчого хреста, заступництвом святих славних і всехвальних апостолів, святого отця нашого Івана Золотоустого, архиєпископа Константинополя, і святого, якого є храм, і преподобномученика Стефана Нового, святого мученика Іринарха, і всіх святих - помилує і спасе нас як благий і людинолюбний.","Священник: Христос, істинний Бог наш - молитвами пречистої Своєї Матері, силою чесного і животворчого хреста, заступництвом святих славних і всехвальних апостолів, і святого, якого є храм, і преподобномученика Стефана Нового, святого мученика Іринарха, і всіх святих - помилує і спасе нас як благий і людинолюбний.",
Листопад,29.11,6,сб,"Неділя 27-ма по Зісланні Святого Духа. Св. мч. Парамона Св. мч. Філумена Прп. Акакія, що згадується в «Ліствиці»","святого мученика Парамона, святого мученика Філумена, преподобного Акакія, що згадується в «Ліствиці»",ні,,,,"Священник: Христос, істинний Бог наш - молитвами пречистої Своєї Матері, силою чесного і животворчого Хреста, заступництвом чесних небесних сил безтілесних, чесного і славного пророка, предтечі і хрестителя Івана, святих славних і всехвальних апостолів, святого отця нашого Миколая, архиєпископа Мир Ликійських, чудотворця, святих славних і переможних мучеників, преподобних і богоносних отців наших, святого отця нашого Івана Золотоустого, архиєпископа Константинополя, святих і праведних богоотців Йоакима й Анни, і святого, якого є храм, і святого мученика Парамона, святого мученика Філумена, преподобного Акакія, що згадується в «Ліствиці», і всіх святих - помилує і спасе нас як благий і людинолюбний.","Священник: Христос, істинний Бог наш - молитвами пречистої Своєї Матері, силою чесного і животворчого Хреста, заступництвом чесних небесних сил безтілесних, чесного і славного пророка, предтечі і хрестителя Івана, святих славних і всехвальних апостолів, святого отця нашого Миколая, архиєпископа Мир Ликійських, чудотворця, святих славних і переможних мучеників, преподобних і богоносних отців наших, святих і праведних богоотців Йоакима й Анни, і святого, якого є храм, і святого мученика Парамона, святого мученика Філумена, преподобного Акакія, що згадується в «Ліствиці», і всіх святих - помилує і спасе нас як благий і людинолюбний.",
Листопад,30.11,7,нд,🕂 Св. всехв. ап. Андрія Первозваного,"святого всехвального апостола Андрія Первозваного, якого сьогодні пам'ять світло звершуємо",так,свято,,,"Священник: Христос, що воскрес із мертвих, істинний Бог наш - молитвами пречистої Своєї Матері, святих славних і всехвальних апостолів, святого отця нашого Івана Золотоустого, архиєпископа Константинополя, і святого, якого є храм, і святого всехвального апостола Андрія Первозваного, якого сьогодні пам'ять світло звершуємо, і всіх святих - помилує і спасе нас як благий і людинолюбний.","Священник: Христос, що воскрес із мертвих, істинний Бог наш - молитвами пречистої Своєї Матері, святих славних і всехвальних апостолів, і святого, якого є храм, і святого всехвального апостола Андрія Первозваного, якого сьогодні пам'ять світло звершуємо, і всіх святих - помилує і спасе нас як благий і людинолюбний.","Христос, істинний Бог наш - молитвами пречистої Своєї Матері, святих славних і всехвальних апостолів, святого отця нашого Івана Золотоустого, архиєпископа Константинополя, і святого, якого є храм,"
Грудень,01.12,1,пн,Св. прор. Наума,святого пророка Наума,ні,,,,"Священник: Христос, істинний Бог наш - молитвами пречистої Своєї Матері, заступництвом чесних небесних сил безтілесних, святих славних і всехвальних апостолів, святого отця нашого Івана Золотоустого, архиєпископа Константинополя, і святого, якого є храм, і святого пророка Наума, і всіх святих - помилує і спасе нас як благий і людинолюбний.","Священник: Христос, істинний Бог наш - молитвами пречистої Своєї Матері, заступництвом чесних небесних сил безтілесних, святих славних і всехвальних апостолів, і святого, якого є храм, і святого пророка Наума, і всіх святих - помилує і спасе нас як благий і людинолюбний.",
Грудень,02.12,2,вв,"Св. прор. Аввакума Блаж. сщмч. Івана Слезюка, єп.","святого пророка Аввакума, блаженного священномученика Івана Слезюка, єпископа",ні,,,,"Священник: Христос, істинний Бог наш - молитвами пречистої Своєї Матері, чесного і славного пророка, предтечі і хрестителя Івана, святих славних і всехвальних апостолів, святого отця нашого Івана Золотоустого, архиєпископа Константинополя, і святого, якого є храм, і святого пророка Аввакума, блаженного священномученика Івана Слезюка, єпископа, і всіх святих - помилує і спасе нас як благий і людинолюбний.","Священник: Христос, істинний Бог наш - молитвами пречистої Своєї Матері, чесного і славного пророка, предтечі і хрестителя Івана, святих славних і всехвальних апостолів, і святого, якого є храм, і святого пророка Аввакума, блаженного священномученика Івана Слезюка, єпископа, і всіх святих - помилує і спасе нас як благий і людинолюбний.",
Грудень,03.12,3,ср,Св. прор. Софонії,святого пророка Софонії,ні,,,,"Священник: Христос, істинний Бог наш - молитвами пречистої Своєї Матері, силою чесного і животворчого хреста, заступництвом святих славних і всехвальних апостолів, святого отця нашого Івана Золотоустого, архиєпископа Константинополя, і святого, якого є храм, і святого пророка Софонії, і всіх святих - помилує і спасе нас як благий і людинолюбний.","Священник: Христос, істинний Бог наш - молитвами пречистої Своєї Матері, силою чесного і животворчого хреста, заступництвом святих славних і всехвальних апостолів, і святого, якого є храм, і святого пророка Софонії, і всіх святих - помилує і спасе нас як благий і людинолюбний.",
Грудень,04.12,4,чт,🕃 Св. вмц. Варвари Прп. Івана Дамаскина,"святої великомучениці Варвари, преподобного отця нашого Івана Дамаскина",ні,,,,"Священник: Христос, істинний Бог наш - молитвами пречистої Своєї Матері, святих славних і всехвальних апостолів, святого отця нашого Миколая, архиєпископа Мир Ликійських, чудотворця, святого отця нашого Івана Золотоустого, архиєпископа Константинополя, і святого, якого є храм, і святої великомучениці Варвари, преподобного отця нашого Івана Дамаскина, і всіх святих - помилує і спасе нас як благий і людинолюбний.","Священник: Христос, істинний Бог наш - молитвами пречистої Своєї Матері, святих славних і всехвальних апостолів, святого отця нашого Миколая, архиєпископа Мир Ликійських, чудотворця, і святого, якого є храм, і святої великомучениці Варвари, преподобного отця нашого Івана Дамаскина, і всіх святих - помилує і спасе нас як благий і людинолюбний.",
Грудень,05.12,5,пт,🕂 Прп. й богоносного Сави Освященного,"преподобного й богоносного отця нашого Сави Освященного, якого сьогодні пам'ять торжественно звершуємо",так,свято,,,"Священник: Христос, істинний Бог наш - молитвами пречистої Своєї Матері, святих славних і всехвальних апостолів, святого отця нашого Івана Золотоустого, архиєпископа Константинополя, і святого, якого є храм, і преподобного й богоносного отця нашого Сави Освященного, якого сьогодні пам'ять торжественно звершуємо, і всіх святих - помилує і спасе нас як благий і людинолюбний.","Священник: Христос, істинний Бог наш - молитвами пречистої Своєї Матері, святих славних і всехвальних апостолів, і святого, якого є храм, і преподобного й богоносного отця нашого Сави Освященного, якого сьогодні пам'ять торжественно звершуємо, і всіх святих - помилує і спасе нас як благий і людинолюбний.","Христос, істинний Бог наш - молитвами пречистої Своєї Матері, святих славних і всехвальних апостолів, святого отця нашого Івана Золотоустого, архиєпископа Константинополя, і святого, якого є храм,"
Грудень,06.12,6,сб,"Неділя 28-ма по Зісланні Святого Духа. 🕁 Св. Миколая, архиєп. Мир Ликійських, чудотв.","святого отця нашого Миколая, архиєпископа Мир Ликійських, чудотворця, якого сьогодні пам'ять торжественно звершуємо",так,свято,,,"Священник: Христос, істинний Бог наш - молитвами пречистої Своєї Матері, святих славних і всехвальних апостолів, святого отця нашого Івана Золотоустого, архиєпископа Константинополя, і святого, якого є храм, і святого отця нашого Миколая, архиєпископа Мир Ликійських, чудотворця, якого сьогодні пам'ять торжественно звершуємо, і всіх святих - помилує і спасе нас як благий і людинолюбний.","Священник: Христос, істинний Бог наш - молитвами пречистої Своєї Матері, святих славних і всехвальних апостолів, і святого, якого є храм, і святого отця нашого Миколая, архиєпископа Мир Ликійських, чудотворця, якого сьогодні пам'ять торжественно звершуємо, і всіх святих - помилує і спасе нас як благий і людинолюбний.","Христос, істинний Бог наш - молитвами пречистої Своєї Матері, святих славних і всехвальних апостолів, святого отця нашого Івана Золотоустого, архиєпископа Константинополя, і святого, якого є храм,"
Грудень,07.12,7,нд,"Св. Амвросія, єп. Медіоланського","святого отця нашого Амвросія, єпископа Медіоланського",ні,,,,"Священник: Христос, що воскрес із мертвих, істинний Бог наш - молитвами пречистої Своєї Матері, святих славних і всехвальних апостолів, святого отця нашого Івана Золотоустого, архиєпископа Константинополя, і святого, якого є храм, і святого отця нашого Амвросія, єпископа Медіоланського, і всіх святих - помилує і спасе нас як благий і людинолюбний.","Священник: Христос, що воскрес із мертвих, істинний Бог наш - молитвами пречистої Своєї Матері, святих славних і всехвальних апостолів, і святого, якого є храм, і святого отця нашого Амвросія, єпископа Медіоланського, і всіх святих - помилує і спасе нас як благий і людинолюбний.",
Грудень,08.12,1,пн,Прп. Патапія,преподобного отця нашого Патапія,ні,,,,"Священник: Христос, істинний Бог наш - молитвами пречистої Своєї Матері, заступництвом чесних небесних сил безтілесних, святих славних і всехвальних апостолів, святого отця нашого Івана Золотоустого, архиєпископа Константинополя, і святого, якого є храм, і преподобного отця нашого Патапія, і всіх святих - помилує і спасе нас як благий і людинолюбний.","Священник: Христос, істинний Бог наш - молитвами пречистої Своєї Матері, заступництвом чесних небесних сил безтілесних, святих славних і всехвальних апостолів, і святого, якого є храм, і преподобного отця нашого Патапія, і всіх святих - помилує і спасе нас як благий і людинолюбний.",
Грудень,09.12,2,вв,🕁 Непорочне Зачаття Пресв. Богородиці св. Анною,,так,свято,,,"Священник: Христос, істинний Бог наш - молитвами пречистої Своєї Матері, Непорочного Зачаття сьогодні торжественне свято світло звершуємо, святих славних і всехвальних апостолів, святого отця нашого Івана Золотоустого, архиєпископа Константинополя, і святого, якого є храм, і всіх святих - помилує і спасе нас як благий і людинолюбний.","Священник: Христос, істинний Бог наш - молитвами пречистої Своєї Матері, Непорочного Зачаття сьогодні торжественне свято світло звершуємо, святих славних і всехвальних апостолів, і святого, якого є храм, і всіх святих - помилує і спасе нас як благий і людинолюбний.","Христос, істинний Бог наш - молитвами пречистої Своєї Матері, Непорочного Зачаття сьогодні торжественне свято світло звершуємо, святих славних і всехвальних апостолів, святого отця нашого Івана Золотоустого, архиєпископа Константинополя, і святого, якого є храм,"
Грудень,10.12,3,ср,"Свв. мчч. Мини, Єрмогена і Євграфа","святих мучеників Мини, Єрмогена і Євграфа",ні,,,,"Священник: Христос, істинний Бог наш - молитвами пречистої Своєї Матері, силою чесного і животворчого хреста, заступництвом святих славних і всехвальних апостолів, святого отця нашого Івана Золотоустого, архиєпископа Константинополя, і святого, якого є храм, і святих мучеників Мини, Єрмогена і Євграфа, і всіх святих - помилує і спасе нас як благий і людинолюбний.","Священник: Христос, істинний Бог наш - молитвами пречистої Своєї Матері, силою чесного і животворчого хреста, заступництвом святих славних і всехвальних апостолів, і святого, якого є храм, і святих мучеників Мини, Єрмогена і Євграфа, і всіх святих - помилує і спасе нас як благий і людинолюбний.",
Грудень,11.12,4,чт,Прп. Даниїла Стовпника,преподобного отця нашого Даниїла Стовпника,ні,,,,"Священник: Христос, істинний Бог наш - молитвами пречистої Своєї Матері, святих славних і всехвальних апостолів, святого отця нашого Миколая, архиєпископа Мир Ликійських, чудотворця, святого отця нашого Івана Золотоустого, архиєпископа Константинополя, і святого, якого є храм, і преподобного отця нашого Даниїла Стовпника, і всіх святих - помилує і спасе нас як благий і людинолюбний.","Священник: Христос, істинний Бог наш - молитвами пречистої Своєї Матері, святих славних і всехвальних апостолів, святого отця нашого Миколая, архиєпископа Мир Ликійських, чудотворця, і святого, якого є храм, і преподобного отця нашого Даниїла Стовпника, і всіх святих - помилує і спасе нас як благий і людинолюбний.",
Грудень,12.12,5,пт,"🕃 Прп. Спиридона, чудотв., єп. Трімитійського","преподобного отця нашого Спиридона, чудотворця, єпископа Трімитійського",ні,,,,"Священник: Христос, істинний Бог наш - молитвами пречистої Своєї Матері, силою чесного і животворчого хреста, заступництвом святих славних і всехвальних апостолів, святого отця нашого Івана Золотоустого, архиєпископа Константинополя, і святого, якого є храм, і преподобного отця нашого Спиридона, чудотворця, єпископа Трімитійського, і всіх святих - помилує і спасе нас як благий і людинолюбний.","Священник: Христос, істинний Бог наш - молитвами пречистої Своєї Матері, силою чесного і животворчого хреста, заступництвом святих славних і всехвальних апостолів, і святого, якого є храм, і преподобного отця нашого Спиридона, чудотворця, єпископа Трімитійського, і всіх святих - помилує і спасе нас як благий і людинолюбний.",
Грудень,13.12,6,сб,"Неділя 29-та по Зісланні Святого Духа. 🕂 Свв. мчч. Євстратія, Авксентія, Євгенія, Мардарія й Ореста Св. мц. Лукії, діви","святих мучеників Євстратія, Авксентія, Євгенія, Мардарія й Ореста, яких сьогодні пам'ять торжественно звершуємо, святої мучениці Лукії, діви",так,свято,,,"Священник: Христос, істинний Бог наш - молитвами пречистої Своєї Матері, святих славних і всехвальних апостолів, святого отця нашого Івана Золотоустого, архиєпископа Константинополя, і святого, якого є храм, і святих мучеників Євстратія, Авксентія, Євгенія, Мардарія й Ореста, яких сьогодні пам'ять торжественно звершуємо, святої мучениці Лукії, діви, і всіх святих - помилує і спасе нас як благий і людинолюбний.","Священник: Христос, істинний Бог наш - молитвами пречистої Своєї Матері, святих славних і всехвальних апостолів, і святого, якого є храм, і святих мучеників Євстратія, Авксентія, Євгенія, Мардарія й Ореста, яких сьогодні пам'ять торжественно звершуємо, святої мучениці Лукії, діви, і всіх святих - помилує і спасе нас як благий і людинолюбний.","Христос, істинний Бог наш - молитвами пречистої Своєї Матері, святих славних і всехвальних апостолів, святого отця нашого Івана Золотоустого, архиєпископа Константинополя, і святого, якого є храм,"
Грудень,14.12,7,нд,"Свв. мчч. Тирса, Левкія, Филимона, Аполлонія й Каленика","святих мучеників Тирса, Левкія, Филимона, Аполлонія й Каленика",ні,,,,"Священник: Христос, що воскрес із мертвих, істинний Бог наш - молитвами пречистої Своєї Матері, святих славних і всехвальних апостолів, святого отця нашого Івана Золотоустого, архиєпископа Константинополя, і святого, якого є храм, і святих мучеників Тирса, Левкія, Филимона, Аполлонія й Каленика, і всіх святих - помилує і спасе нас як благий і людинолюбний.","Священник: Христос, що воскрес із мертвих, істинний Бог наш - молитвами пречистої Своєї Матері, святих славних і всехвальних апостолів, і святого, якого є храм, і святих мучеників Тирса, Левкія, Филимона, Аполлонія й Каленика, і всіх святих - помилує і спасе нас як благий і людинолюбний.",
Грудень,15.12,1,пн,"🕃 Св. Стефана ісп., архиєп. Сурозького Св. сщмч. Єлевтерія Прп. Павла, що в Латрі","святого отця нашого Стефана ісповідника, архиєпископа Сурозького, святого священномученика Єлевтерія, преподобного отця нашого Павла, що в Латрі",ні,,,,"Священник: Христос, істинний Бог наш - молитвами пречистої Своєї Матері, заступництвом чесних небесних сил безтілесних, святих славних і всехвальних апостолів, святого отця нашого Івана Золотоустого, архиєпископа Константинополя, і святого, якого є храм, і святого отця нашого Стефана ісповідника, архиєпископа Сурозького, святого священномученика Єлевтерія, преподобного отця нашого Павла, що в Латрі, і всіх святих - помилує і спасе нас як благий і людинолюбний.","Священник: Христос, істинний Бог наш - молитвами пречистої Своєї Матері, заступництвом чесних небесних сил безтілесних, святих славних і всехвальних апостолів, і святого, якого є храм, і святого отця нашого Стефана ісповідника, архиєпископа Сурозького, святого священномученика Єлевтерія, преподобного отця нашого Павла, що в Латрі, і всіх святих - помилує і спасе нас як благий і людинолюбний.",
Грудень,16.12,2,вв,Св. прор. Аггея,святого пророка Аггея,ні,,,,"Священник: Христос, істинний Бог наш - молитвами пречистої Своєї Матері, чесного і славного пророка, предтечі і хрестителя Івана, святих славних і всехвальних апостолів, святого отця нашого Івана Золотоустого, архиєпископа Константинополя, і святого, якого є храм, і святого пророка Аггея, і всіх святих - помилує і спасе нас як благий і людинолюбний.","Священник: Христос, істинний Бог наш - молитвами пречистої Своєї Матері, чесного і славного пророка, предтечі і хрестителя Івана, святих славних і всехвальних апостолів, і святого, якого є храм, і святого пророка Аггея, і всіх святих - помилує і спасе нас як благий і людинолюбний.",
Грудень,17.12,3,ср,"🕃 Св. прор. Даниїла Свв. трьох отроків: Ананії, Азарії й Мисаїла","святого пророка Даниїла, святих трьох отроків: Ананії, Азарії й Мисаїла",ні,,,,"Священник: Христос, істинний Бог наш - молитвами пречистої Своєї Матері, силою чесного і животворчого хреста, заступництвом святих славних і всехвальних апостолів, святого отця нашого Івана Золотоустого, архиєпископа Константинополя, і святого, якого є храм, і святого пророка Даниїла, святих трьох отроків: Ананії, Азарії й Мисаїла, і всіх святих - помилує і спасе нас як благий і людинолюбний.","Священник: Христос, істинний Бог наш - молитвами пречистої Своєї Матері, силою чесного і животворчого хреста, заступництвом святих славних і всехвальних апостолів, і святого, якого є храм, і святого пророка Даниїла, святих трьох отроків: Ананії, Азарії й Мисаїла, і всіх святих - помилує і спасе нас як благий і людинолюбний.",
Грудень,18.12,4,чт,"Св. мч. Севастіана і тих, що з ним","святого мученика Севастіана і тих, що з ним",ні,,,,"Священник: Христос, істинний Бог наш - молитвами пречистої Своєї Матері, святих славних і всехвальних апостолів, святого отця нашого Миколая, архиєпископа Мир Ликійських, чудотворця, святого отця нашого Івана Золотоустого, архиєпископа Константинополя, і святого, якого є храм, і святого мученика Севастіана і тих, що з ним, і всіх святих - помилує і спасе нас як благий і людинолюбний.","Священник: Христос, істинний Бог наш - молитвами пречистої Своєї Матері, святих славних і всехвальних апостолів, святого отця нашого Миколая, архиєпископа Мир Ликійських, чудотворця, і святого, якого є храм, і святого мученика Севастіана і тих, що з ним, і всіх святих - помилує і спасе нас як благий і людинолюбний.",
Грудень,19.12,5,пт,Субота перед Різдвом Св. мч. Боніфатія,святого мученика Боніфатія,ні,,,,"Священник: Христос, істинний Бог наш - молитвами пречистої Своєї Матері, силою чесного і животворчого хреста, заступництвом святих славних і всехвальних апостолів, святого отця нашого Івана Золотоустого, архиєпископа Константинополя, і святого, якого є храм, і святого мученика Боніфатія, і всіх святих - помилує і спасе нас як благий і людинолюбний.","Священник: Христос, істинний Бог наш - молитвами пречистої Своєї Матері, силою чесного і животворчого хреста, заступництвом святих славних і всехвальних апостолів, і святого, якого є храм, і святого мученика Боніфатія, і всіх святих - помилує і спасе нас як благий і людинолюбний.",
Грудень,20.12,6,сб,"Неділя перед Різдвом, святих Отців 🕃 Передсвяття Різдва Господа Бога і Спаса нашого Ісуса Христа Св. сщмч. Ігнатія Богоносця",святого священномученика Ігнатія Богоносця,ні,,,,"Священник: Христос, істинний Бог наш - молитвами пречистої Своєї Матері, силою чесного і животворчого Хреста, заступництвом чесних небесних сил безтілесних, чесного і славного пророка, предтечі і хрестителя Івана, святих славних і всехвальних апостолів, святого отця нашого Миколая, архиєпископа Мир Ликійських, чудотворця, святих славних і переможних мучеників, преподобних і богоносних отців наших, святого отця нашого Івана Золотоустого, архиєпископа Константинополя, святих і праведних богоотців Йоакима й Анни, і святого, якого є храм, і святого священномученика Ігнатія Богоносця, і всіх святих - помилує і спасе нас як благий і людинолюбний.","Священник: Христос, істинний Бог наш - молитвами пречистої Своєї Матері, силою чесного і животворчого Хреста, заступництвом чесних небесних сил безтілесних, чесного і славного пророка, предтечі і хрестителя Івана, святих славних і всехвальних апостолів, святого отця нашого Миколая, архиєпископа Мир Ликійських, чудотворця, святих славних і переможних мучеників, преподобних і богоносних отців наших, святих і праведних богоотців Йоакима й Анни, і святого, якого є храм, і святого священномученика Ігнатія Богоносця, і всіх святих - помилує і спасе нас як благий і людинолюбний.",
Грудень,21.12,7,нд,Передсвяття Різдва Христового Св. мц. Юліанії,святої мучениці Юліанії,ні,,,,"Священник: Христос, що воскрес із мертвих, істинний Бог наш - молитвами пречистої Своєї Матері, святих славних і всехвальних апостолів, святого отця нашого Івана Золотоустого, архиєпископа Константинополя, і святого, якого є храм, і святої мучениці Юліанії, і всіх святих - помилує і спасе нас як благий і людинолюбний.","Священник: Христос, що воскрес із мертвих, істинний Бог наш - молитвами пречистої Своєї Матері, святих славних і всехвальних апостолів, і святого, якого є храм, і святої мучениці Юліанії, і всіх святих - помилує і спасе нас як благий і людинолюбний.",
Грудень,22.12,1,пн,Передсвяття Різдва Христового Св. вмц. Анастасії,святої великомучениці Анастасії,ні,,,,"Священник: Христос, істинний Бог наш - молитвами пречистої Своєї Матері, заступництвом чесних небесних сил безтілесних, святих славних і всехвальних апостолів, святого отця нашого Івана Золотоустого, архиєпископа Константинополя, і святого, якого є храм, і святої великомучениці Анастасії, і всіх святих - помилує і спасе нас як благий і людинолюбний.","Священник: Христос, істинний Бог наш - молитвами пречистої Своєї Матері, заступництвом чесних небесних сил безтілесних, святих славних і всехвальних апостолів, і святого, якого є храм, і святої великомучениці Анастасії, і всіх святих - помилує і спасе нас як благий і людинолюбний.",
Грудень,23.12,2,вв,"Передсвяття Різдва Христового Свв. десятьох мчч., що в Криті","святих десятьох мучеників, що в Криті",ні,,,,"Священник: Христос, істинний Бог наш - молитвами пречистої Своєї Матері, чесного і славного пророка, предтечі і хрестителя Івана, святих славних і всехвальних апостолів, святого отця нашого Івана Золотоустого, архиєпископа Константинополя, і святого, якого є храм, і святих десятьох мучеників, що в Криті, і всіх святих - помилує і спасе нас як благий і людинолюбний.","Священник: Христос, істинний Бог наш - молитвами пречистої Своєї Матері, чесного і славного пророка, предтечі і хрестителя Івана, святих славних і всехвальних апостолів, і святого, якого є храм, і святих десятьох мучеників, що в Криті, і всіх святих - помилує і спасе нас як благий і людинолюбний.",
Грудень,24.12,3,ср,Навечір’я Різдва Христового Св. прпмц. Євгенії,святої преподобномучениці Євгенії,ні,,,,"Священник: Христос, істинний Бог наш - молитвами пречистої Своєї Матері, силою чесного і животворчого хреста, заступництвом святих славних і всехвальних апостолів, святого отця нашого Івана Золотоустого, архиєпископа Константинополя, і святого, якого є храм, і святої преподобномучениці Євгенії, і всіх святих - помилує і спасе нас як благий і людинолюбний.","Священник: Христос, істинний Бог наш - молитвами пречистої Своєї Матері, силою чесного і животворчого хреста, заступництвом святих славних і всехвальних апостолів, і святого, якого є храм, і святої преподобномучениці Євгенії, і всіх святих - помилує і спасе нас як благий і людинолюбний.",
Грудень,25.12,4,чт,🕀 Різдво Господа Бога і Спаса нашого Ісуса Христа,,так,свято,,,"Священник: Христос, істинний Бог наш, що народився у вертепі у Вифлеємі Юдейському і в яслах положився спасіння нашого ради - молитвами пречистої своєї Матері, святих славних і всехвальних апостолів, святого отця нашого Івана Золотоустого, архиєпископа Константинополя, і святого, якого є храм, і всіх святих - помилує і спасе нас як благий і людинолюбний.","Священник: Христос, істинний Бог наш, що народився у вертепі у Вифлеємі Юдейському і в яслах положився спасіння нашого ради - молитвами пречистої своєї Матері, святих славних і всехвальних апостолів, і святого, якого є храм, і всіх святих - помилує і спасе нас як благий і людинолюбний.","Христос, істинний Бог наш, що народився у вертепі у Вифлеємі Юдейському і в яслах положився спасіння нашого ради - молитвами пречистої своєї Матері, святих славних і всехвальних апостолів, святого отця нашого Івана Золотоустого, архиєпископа Константинополя, і святого, якого є храм,"
Грудень,26.12,5,пт,"Субота по Різдві 🕃 Собор Пресвятої Богородиці Св. сщмч. Євтимія, єп. Сардійського","святого священномученика Євтимія, єпископа Сардійського",так,свято,,,"Священник: Христос, істинний Бог наш, що народився у вертепі у Вифлеємі Юдейському і в яслах положився спасіння нашого ради - молитвами пречистої своєї Матері, якої пам'ять собору сьогодні святкуємо, святих, славних і всехвальних апостолів, святого отця нашого Івана Золотоустого, архиєпископа Константинополя, і святого, якого є храм, і святого священномученика Євтимія, єпископа Сардійського, і всіх святих - помилує і спасе нас як благий і людинолюбний.","Священник: Христос, істинний Бог наш, що народився у вертепі у Вифлеємі Юдейському і в яслах положився спасіння нашого ради - молитвами пречистої своєї Матері, якої пам'ять собору сьогодні святкуємо, святих, славних і всехвальних апостолів, і святого, якого є храм, і святого священномученика Євтимія, єпископа Сардійського, і всіх святих - помилує і спасе нас як благий і людинолюбний.","Христос, істинний Бог наш, що народився у вертепі у Вифлеємі Юдейському і в яслах положився спасіння нашого ради - молитвами пречистої своєї Матері, якої пам'ять собору сьогодні святкуємо, святих, славних і всехвальних апостолів, святого отця нашого Івана Золотоустого, архиєпископа Константинополя, і святого, якого є храм,"
Грудень,27.12,6,сб,"Неділя по Різдві. Пам’ять святих і праведних Йосифа Обручника, Давида, царя, і Якова, брата Божого 🕃 Св. ап., первмч. й архдияк. Стефана Прп. й ісп. Теодора Начертанного, брата Теофана, творця канонів","святого апостола, первомученика й архидиякона Стефана, преподобного отця нашого й ісповідника Теодора Начертанного, брата Теофана, творця канонів",так,свято,"істинний Бог наш,","істинний Бог наш, що народився в вертепі у Вифлеємі Юдейському і дав Себе покласти в ясла спасіння нашого ради,","Священник: Христос, істинний Бог наш, що народився у вертепі у Вифлеємі Юдейському і в яслах положився спасіння нашого ради - молитвами пречистої своєї Матері, святих славних і всехвальних апостолів, святого отця нашого Івана Золотоустого, архиєпископа Константинополя, і святого, якого є храм, і святого апостола, первомученика й архидиякона Стефана, преподобного отця нашого й ісповідника Теодора Начертанного, брата Теофана, творця канонів, і всіх святих - помилує і спасе нас як благий і людинолюбний.","Священник: Христос, істинний Бог наш, що народився у вертепі у Вифлеємі Юдейському і в яслах положився спасіння нашого ради - молитвами пречистої своєї Матері, святих славних і всехвальних апостолів, і святого, якого є храм, і святого апостола, первомученика й архидиякона Стефана, преподобного отця нашого й ісповідника Теодора Начертанного, брата Теофана, творця канонів, і всіх святих - помилує і спасе нас як благий і людинолюбний.","Христос, істинний Бог наш, що народився у вертепі у Вифлеємі Юдейському і в яслах положився спасіння нашого ради - молитвами пречистої своєї Матері, святих славних і всехвальних апостолів, святого отця нашого Івана Золотоустого, архиєпископа Константинополя, і святого, якого є храм,"
Грудень,28.12,7,нд,"Свв. двадцяти тисяч мчч., спалених у Нікомидії Блаж. сщмч. Григорія Хомишина, єп. Станіславівського","святих двадцяти тисяч мучеників, спалених у Нікомидії, блаженного священномученика Григорія, єпископа Станіславівського",так,посвяття,"істинний Бог наш,","істинний Бог наш, що народився в вертепі у Вифлеємі Юдейському і дав Себе покласти в ясла спасіння нашого ради,","Священник: Христос, що воскрес із мертвих, істинний Бог наш, що народився у вертепі у Вифлеємі Юдейському і в яслах положився спасіння нашого ради - молитвами пречистої своєї Матері, святих славних і всехвальних апостолів, святого отця нашого Івана Золотоустого, архиєпископа Константинополя, і святого, якого є храм, і святих двадцяти тисяч мучеників, спалених у Нікомидії, блаженного священномученика Григорія, єпископа Станіславівського, і всіх святих - помилує і спасе нас як благий і людинолюбний.","Священник: Христос, що воскрес із мертвих, істинний Бог наш, що народився у вертепі у Вифлеємі Юдейському і в яслах положився спасіння нашого ради - молитвами пречистої своєї Матері, святих славних і всехвальних апостолів, і святого, якого є храм, і святих двадцяти тисяч мучеників, спалених у Нікомидії, блаженного священномученика Григорія, єпископа Станіславівського, і всіх святих - помилує і спасе нас як благий і людинолюбний.","Христос, істинний Бог наш, що народився у вертепі у Вифлеємі Юдейському і в яслах положився спасіння нашого ради - молитвами пречистої своєї Матері, святих славних і всехвальних апостолів, святого отця нашого Івана Золотоустого, архиєпископа Константинополя, і святого, якого є храм, "
Грудень,29.12,1,пн,"Свв. немовлят, за Христа вбитих у Вифлеємі Прп. Маркелла, ігум. монастиря невсипущих","святих і праведних Йосифа Обручника, Давида царя і Якова, по плоті брата Господнього, святих немовлят, за Христа вбитих у Вифлеємі, преподобного отця нашого Маркелла, ігумена монастиря невсипущих",так,посвяття,"істинний Бог наш,","істинний Бог наш, що народився в вертепі у Вифлеємі Юдейському і дав Себе покласти в ясла спасіння нашого ради,","Священник: Христос, істинний Бог наш, що народився у вертепі у Вифлеємі Юдейському і в яслах положився спасіння нашого ради - молитвами пречистої своєї Матері, святих славних і всехвальних апостолів, святого отця нашого Івана Золотоустого, архиєпископа Константинополя, і святого, якого є храм, і святих і праведних Йосифа Обручника, Давида царя і Якова, по плоті брата Господнього, святих немовлят, за Христа вбитих у Вифлеємі, преподобного отця нашого Маркелла, ігумена монастиря невсипущих, і всіх святих - помилує і спасе нас як благий і людинолюбний.","Священник: Христос, істинний Бог наш, що народився у вертепі у Вифлеємі Юдейському і в яслах положився спасіння нашого ради - молитвами пречистої своєї Матері, святих славних і всехвальних апостолів, і святого, якого є храм, і святих і праведних Йосифа Обручника, Давида царя і Якова, по плоті брата Господнього, святих немовлят, за Христа вбитих у Вифлеємі, преподобного отця нашого Маркелла, ігумена монастиря невсипущих, і всіх святих - помилує і спасе нас як благий і людинолюбний.","Христос, істинний Бог наш, що народився у вертепі у Вифлеємі Юдейському і в яслах положився спасіння нашого ради - молитвами пречистої своєї Матері, святих славних і всехвальних апостолів, святого отця нашого Івана Золотоустого, архиєпископа Константинополя, і святого, якого є храм, "
Грудень,30.12,2,вв,"Св. мц. Анісії Прп. Зотика, пресвіт. і кормителя сиріт","святої мучениці Анісії, преподобного Зотика, пресвітера і кормителя сиріт",так,посвяття,"істинний Бог наш,","істинний Бог наш, що народився в вертепі у Вифлеємі Юдейському і дав Себе покласти в ясла спасіння нашого ради,","Священник: Христос, істинний Бог наш, що народився у вертепі у Вифлеємі Юдейському і в яслах положився спасіння нашого ради - молитвами пречистої своєї Матері, святих славних і всехвальних апостолів, святого отця нашого Івана Золотоустого, архиєпископа Константинополя, і святого, якого є храм, і святої мучениці Анісії, преподобного Зотика, пресвітера і кормителя сиріт, і всіх святих - помилує і спасе нас як благий і людинолюбний.","Священник: Христос, істинний Бог наш, що народився у вертепі у Вифлеємі Юдейському і в яслах положився спасіння нашого ради - молитвами пречистої своєї Матері, святих славних і всехвальних апостолів, і святого, якого є храм, і святої мучениці Анісії, преподобного Зотика, пресвітера і кормителя сиріт, і всіх святих - помилує і спасе нас як благий і людинолюбний.","Христос, істинний Бог наш, що народився у вертепі у Вифлеємі Юдейському і в яслах положився спасіння нашого ради - молитвами пречистої своєї Матері, святих славних і всехвальних апостолів, святого отця нашого Івана Золотоустого, архиєпископа Константинополя, і святого, якого є храм, "
Грудень,31.12,3,ср,Прп. Меланії Римлянки Віддання Різдва Христового,преподобної матері нашої Меланії Римлянки,так,віддання,"істинний Бог наш,","істинний Бог наш, що народився в вертепі у Вифлеємі Юдейському і дав Себе покласти в ясла спасіння нашого ради,","Священник: Христос, істинний Бог наш, що народився у вертепі у Вифлеємі Юдейському і в яслах положився спасіння нашого ради - молитвами пречистої своєї Матері, святих славних і всехвальних апостолів, святого отця нашого Івана Золотоустого, архиєпископа Константинополя, і святого, якого є храм, і преподобної матері нашої Меланії Римлянки, і всіх святих - помилує і спасе нас як благий і людинолюбний.","Священник: Христос, істинний Бог наш, що народився у вертепі у Вифлеємі Юдейському і в яслах положився спасіння нашого ради - молитвами пречистої своєї Матері, святих славних і всехвальних апостолів, і святого, якого є храм, і преподобної матері нашої Меланії Римлянки, і всіх святих - помилує і спасе нас як благий і людинолюбний.",
Січень,01.01,4,чт,"Неділя 5-та після Пасхи, самарянки 🕂 Переставл. прп. Теодосія, ігум. монастиря Печерського, спільного життя засновника Свв. мчч. Тимотея й Маври",,так,свято,,,#N/A,#N/A,#N/A
Січень,02.01,5,пт,Тиждень 5-ий після Пасхи Св. мц. Пелагії,"святого Сильвестра, папи Римського",ні,,,,"Священник: Христос, істинний Бог наш - молитвами пречистої Своєї Матері, силою чесного і животворчого хреста, заступництвом святих славних і всехвальних апостолів, святого отця нашого Івана Золотоустого, архиєпископа Константинополя, і святого, якого є храм, і святого Сильвестра, папи Римського, і всіх святих - помилує і спасе нас як благий і людинолюбний.","Священник: Христос, істинний Бог наш - молитвами пречистої Своєї Матері, силою чесного і животворчого хреста, заступництвом святих славних і всехвальних апостолів, і святого, якого є храм, і святого Сильвестра, папи Римського, і всіх святих - помилує і спасе нас як благий і людинолюбний.",
Січень,03.01,6,сб,"Св. і славн. мц. Ірини Прп. Никифора, ігум. монастиря Мидікійського","святого пророка Малахії, святого мученика Гордія",ні,,,,"Священник: Христос, істинний Бог наш - молитвами пречистої Своєї Матері, силою чесного і животворчого Хреста, заступництвом чесних небесних сил безтілесних, чесного і славного пророка, предтечі і хрестителя Івана, святих славних і всехвальних апостолів, святого отця нашого Миколая, архиєпископа Мир Ликійських, чудотворця, святих славних і переможних мучеників, преподобних і богоносних отців наших, святого отця нашого Івана Золотоустого, архиєпископа Константинополя, святих і праведних богоотців Йоакима й Анни, і святого, якого є храм, і святого пророка Малахії, святого мученика Гордія, і всіх святих - помилує і спасе нас як благий і людинолюбний.","Священник: Христос, істинний Бог наш - молитвами пречистої Своєї Матері, силою чесного і животворчого Хреста, заступництвом чесних небесних сил безтілесних, чесного і славного пророка, предтечі і хрестителя Івана, святих славних і всехвальних апостолів, святого отця нашого Миколая, архиєпископа Мир Ликійських, чудотворця, святих славних і переможних мучеників, преподобних і богоносних отців наших, святих і праведних богоотців Йоакима й Анни, і святого, якого є храм, і святого пророка Малахії, святого мученика Гордія, і всіх святих - помилує і спасе нас як благий і людинолюбний.",
Січень,04.01,7,нд,"Віддання свята Пeреполовення Св., і прав., і багатостражд. Йова","собор святих сімдесяти апостолів, преподобного отця нашого Теоктиста, ігумена, що в Кукумі Сікелійській",ні,,,,"Священник: Христос, що воскрес із мертвих, істинний Бог наш - молитвами пречистої Своєї Матері, святих славних і всехвальних апостолів, святого отця нашого Івана Золотоустого, архиєпископа Константинополя, і святого, якого є храм, і собор святих сімдесяти апостолів, преподобного отця нашого Теоктиста, ігумена, що в Кукумі Сікелійській, і всіх святих - помилує і спасе нас як благий і людинолюбний.","Священник: Христос, що воскрес із мертвих, істинний Бог наш - молитвами пречистої Своєї Матері, святих славних і всехвальних апостолів, і святого, якого є храм, і собор святих сімдесяти апостолів, преподобного отця нашого Теоктиста, ігумена, що в Кукумі Сікелійській, і всіх святих - помилує і спасе нас як благий і людинолюбний.",
Січень,05.01,1,пн,🕃 Спогад про явління на небі знамення чесного Хреста у св. місті Єрусалимі Св. мч. Акакія,"святих мучеників Теопемпта й Теони, преподобної Синклитікії Олександрійської",ні,,,,"Священник: Христос, істинний Бог наш - молитвами пречистої Своєї Матері, заступництвом чесних небесних сил безтілесних, святих славних і всехвальних апостолів, святого отця нашого Івана Золотоустого, архиєпископа Константинополя, і святого, якого є храм, і святих мучеників Теопемпта й Теони, преподобної Синклитікії Олександрійської, і всіх святих - помилує і спасе нас як благий і людинолюбний.","Священник: Христос, істинний Бог наш - молитвами пречистої Своєї Матері, заступництвом чесних небесних сил безтілесних, святих славних і всехвальних апостолів, і святого, якого є храм, і святих мучеників Теопемпта й Теони, преподобної Синклитікії Олександрійської, і всіх святих - помилує і спасе нас як благий і людинолюбний.",
Січень,06.01,2,вв,🕁 Св. ап. і єв. Івана Богослова Прп. Арсенія Великого,,так,свято,,,#N/A,#N/A,#N/A
Січень,07.01,3,ср,🕂 Перенесення чесних мощів св. Миколая Чудотворця з Мир до міста Барі Св. прор. Ісаї Св. мч. Христофора,"святого славного пророка, предтечі і хрестителя Господнього Івана, що його собору сьогодні пам'ять звершуємо",так,посвяття,"істинний Бог наш,","істинний Бог наш, що в Йордані христитися зволив від Йоана спасіння нашого ради,",#N/A,#N/A,#N/A
Січень,08.01,4,чт,"Неділя 6-та після Пасхи, сліпородженого 🕂 Св. ап. Симона Зилота","преподобного отця нашого Юрія Хозевіта, святого Еміліяна, ісповідника, преподобної матері нашої Домніки",так,посвяття,"істинний Бог наш,","істинний Бог наш, що в Йордані христитися зволив від Йоана спасіння нашого ради,",#N/A,#N/A,#N/A
Січень,09.01,5,пт,"Тиждень 6-ий після Пасхи 🕂 Свв. рівноапп. Кирила й Методія, учителів слов’янських Св. сщмч. Мокія",святого мученика Полієвкта,так,посвяття,"істинний Бог наш,","істинний Бог наш, що в Йордані христитися зволив від Йоана спасіння нашого ради,",#N/A,#N/A,#N/A
Січень,10.01,6,сб,"Свв. Епіфанія, єп. Кипрського, і Германа, патр. Царгородського","святого отця нашого Григорія, єпископа Ниського, преподобного Дометіяна, єпископа Мелітинського, преподобного Маркіяна, пресвітера й економа Великої Церкви",так,посвяття,"істинний Бог наш,","істинний Бог наш, що в Йордані христитися зволив від Йоана спасіння нашого ради,",#N/A,#N/A,#N/A
Січень,11.01,7,нд,Віддання Пасхи Св. мц. Гликерії,"преподобного отця нашого Теодосія, спільного життя засновника",так,посвяття,"істинний Бог наш,","істинний Бог наш, що в Йордані христитися зволив від Йоана спасіння нашого ради,",#N/A,#N/A,#N/A
Січень,12.01,1,пн,🕀 Вознесіння Господнє Св. мч. Ісидора,святої мучениці Тетяни,так,посвяття,"істинний Бог наш,","істинний Бог наш, що в Йордані христитися зволив від Йоана спасіння нашого ради,",#N/A,#N/A,#N/A
Січень,13.01,2,вв,🕃 Прп. Пахомія Великого,святих мучеників Єрмила і Стратоніка,так,посвяття,"істинний Бог наш,","істинний Бог наш, що в Йордані христитися зволив від Йоана спасіння нашого ради,",#N/A,#N/A,#N/A
Січень,14.01,3,ср,"Прп. Теодора Освященного, учня св. Пахомія Блаж. сщмчч. Северіана Бараника, Якима Сенківського, Віталія Байрака","преподобних отців наших, у Синаї і Раїті повбиваних, святої рівноапостольної Ніни, просвітительки Грузії",так,віддання,"істинний Бог наш,","істинний Бог наш, що в Йордані христитися зволив від Йоана спасіння нашого ради,",#N/A,#N/A,
Січень,15.01,4,чт,"Неділя 7-ма після Пасхи, свв. отців I-го Вселенського Собору Св. ап. Андроніка і тих, що з ним Блаж. сщмч. Івана Зятика",преподобних отців наших Павла Тивейського та Івана Кущника,ні,,,,"Священник: Христос, істинний Бог наш - молитвами пречистої Своєї Матері, святих славних і всехвальних апостолів, святого отця нашого Миколая, архиєпископа Мир Ликійських, чудотворця, святого отця нашого Івана Золотоустого, архиєпископа Константинополя, і святого, якого є храм, і преподобних отців наших Павла Тивейського та Івана Кущника, і всіх святих - помилує і спасе нас як благий і людинолюбний.","Священник: Христос, істинний Бог наш - молитвами пречистої Своєї Матері, святих славних і всехвальних апостолів, святого отця нашого Миколая, архиєпископа Мир Ликійських, чудотворця, і святого, якого є храм, і преподобних отців наших Павла Тивейського та Івана Кущника, і всіх святих - помилує і спасе нас як благий і людинолюбний.",
Січень,16.01,5,пт,"Тиждень 7-ий після Пасхи Св. мч. Теодота (Богдана), що в Анкирі Свв. мчч. Петра, Діонісія і тих, що з ними Свв. сімох дів","святого і всехвального апостола Петра, що його чесним оковам сьогодні поклін звершуємо",ні,,,,"Священник: Христос, істинний Бог наш - молитвами пречистої Своєї Матері, силою чесного і животворчого хреста, заступництвом святих славних і всехвальних апостолів, святого отця нашого Івана Золотоустого, архиєпископа Константинополя, і святого, якого є храм, і святого і всехвального апостола Петра, що його чесним оковам сьогодні поклін звершуємо, і всіх святих - помилує і спасе нас як благий і людинолюбний.","Священник: Христос, істинний Бог наш - молитвами пречистої Своєї Матері, силою чесного і животворчого хреста, заступництвом святих славних і всехвальних апостолів, і святого, якого є храм, і святого і всехвального апостола Петра, що його чесним оковам сьогодні поклін звершуємо, і всіх святих - помилує і спасе нас як благий і людинолюбний.",
Січень,17.01,6,сб,"Св. сщмч. Патрикія, єп. Пруського, і тих, що з ним","преподобного й богоносного отця нашого Антонія Великого, якого сьогодні пам'ять світло звершуємо",так,свято,,,#N/A,#N/A,#N/A
Січень,18.01,7,нд,Св. мч. Талалея,святих отців наших і архиєпископів Олександрійських Атанасія й Кирила,ні,,,,"Священник: Христос, що воскрес із мертвих, істинний Бог наш - молитвами пречистої Своєї Матері, святих славних і всехвальних апостолів, святого отця нашого Івана Золотоустого, архиєпископа Константинополя, і святого, якого є храм, і святих отців наших і архиєпископів Олександрійських Атанасія й Кирила, і всіх святих - помилує і спасе нас як благий і людинолюбний.","Священник: Христос, що воскрес із мертвих, істинний Бог наш - молитвами пречистої Своєї Матері, святих славних і всехвальних апостолів, і святого, якого є храм, і святих отців наших і архиєпископів Олександрійських Атанасія й Кирила, і всіх святих - помилує і спасе нас як благий і людинолюбний.",
Січень,19.01,1,пн,🕂 Свв. великих царів і рівноапп. Константина й Олени,преподобного отця нашого Макарія Єгипетського,ні,,,,"Священник: Христос, істинний Бог наш - молитвами пречистої Своєї Матері, заступництвом чесних небесних сил безтілесних, святих славних і всехвальних апостолів, святого отця нашого Івана Золотоустого, архиєпископа Константинополя, і святого, якого є храм, і преподобного отця нашого Макарія Єгипетського, і всіх святих - помилує і спасе нас як благий і людинолюбний.","Священник: Христос, істинний Бог наш - молитвами пречистої Своєї Матері, заступництвом чесних небесних сил безтілесних, святих славних і всехвальних апостолів, і святого, якого є храм, і преподобного отця нашого Макарія Єгипетського, і всіх святих - помилує і спасе нас як благий і людинолюбний.",
Січень,20.01,2,вв,Віддання Вознесіння Св. мч. Василіска,"прeподобного й богоносного отця нашого Євтимія Великого, якого сьогодні пам'ять світло звершуємо",так,свято,,,#N/A,#N/A,#N/A
Січень,21.01,3,ср,"Субота заупокійна Прп. Євфросинії Полоцької, ігум. монастиря Св. Спаса Прп. й ісп. Михаїла, єп. Синадського","преподобного отця нашого Максима Ісповідника, святого мученика Неофіта, святих мучеників Євгенія, Кандида, Валеріяна й Акили",ні,,,,"Священник: Христос, істинний Бог наш - молитвами пречистої Своєї Матері, силою чесного і животворчого хреста, заступництвом святих славних і всехвальних апостолів, святого отця нашого Івана Золотоустого, архиєпископа Константинополя, і святого, якого є храм, і преподобного отця нашого Максима Ісповідника, святого мученика Неофіта, святих мучеників Євгенія, Кандида, Валеріяна й Акили, і всіх святих - помилує і спасе нас як благий і людинолюбний.","Священник: Христос, істинний Бог наш - молитвами пречистої Своєї Матері, силою чесного і животворчого хреста, заступництвом святих славних і всехвальних апостолів, і святого, якого є храм, і преподобного отця нашого Максима Ісповідника, святого мученика Неофіта, святих мучеників Євгенія, Кандида, Валеріяна й Акили, і всіх святих - помилує і спасе нас як благий і людинолюбний.",
Січень,22.01,4,чт,"🕀 Зіслання Святого Духа. П’ятдесятниця 🕃 Прп. Микити, стовпника, переяславського чудотв. 🕃 Прп. Симеона, що на Дивній горі","святого апостола Тимотея, святого преподобномученика Анастасія Перського",ні,,,,"Священник: Христос, істинний Бог наш - молитвами пречистої Своєї Матері, святих славних і всехвальних апостолів, святого отця нашого Миколая, архиєпископа Мир Ликійських, чудотворця, святого отця нашого Івана Золотоустого, архиєпископа Константинополя, і святого, якого є храм, і святого апостола Тимотея, святого преподобномученика Анастасія Перського, і всіх святих - помилує і спасе нас як благий і людинолюбний.","Священник: Христос, істинний Бог наш - молитвами пречистої Своєї Матері, святих славних і всехвальних апостолів, святого отця нашого Миколая, архиєпископа Мир Ликійських, чудотворця, і святого, якого є храм, і святого апостола Тимотея, святого преподобномученика Анастасія Перського, і всіх святих - помилує і спасе нас як благий і людинолюбний.",
Січень,23.01,5,пт,"Понеділок Святого Духа 🕂 Третє віднайдення чесної голови св. і славн. прор., предтечі і хрестителя Господнього Івана Блаж. сщмч. Миколи Цегельського, пресвіт.","блаженних Пратулинських мучеників: Вінкентія, Микити, Івана, Константина, Михаїла, Онуфрія, Филипа, Максима, Даниїла, Константина, Вартоломея, Луки й Ігнатія, святого священномученика Климента, єпископа Анкирського, святого мученика Агатангела",ні,,,,"Священник: Христос, істинний Бог наш - молитвами пречистої Своєї Матері, силою чесного і животворчого хреста, заступництвом святих славних і всехвальних апостолів, святого отця нашого Івана Золотоустого, архиєпископа Константинополя, і святого, якого є храм, і блаженних Пратулинських мучеників: Вінкентія, Микити, Івана, Константина, Михаїла, Онуфрія, Филипа, Максима, Даниїла, Константина, Вартоломея, Луки й Ігнатія, святого священномученика Климента, єпископа Анкирського, святого мученика Агатангела, і всіх святих - помилує і спасе нас як благий і людинолюбний.","Священник: Христос, істинний Бог наш - молитвами пречистої Своєї Матері, силою чесного і животворчого хреста, заступництвом святих славних і всехвальних апостолів, і святого, якого є храм, і блаженних Пратулинських мучеників: Вінкентія, Микити, Івана, Константина, Михаїла, Онуфрія, Филипа, Максима, Даниїла, Константина, Вартоломея, Луки й Ігнатія, святого священномученика Климента, єпископа Анкирського, святого мученика Агатангела, і всіх святих - помилує і спасе нас як благий і людинолюбний.",
Січень,24.01,6,сб,"Св. ап. Карпа, одного із сімдесятьох",преподобної матері нашої Ксенії Римлянки,ні,,,,"Священник: Христос, істинний Бог наш - молитвами пречистої Своєї Матері, силою чесного і животворчого Хреста, заступництвом чесних небесних сил безтілесних, чесного і славного пророка, предтечі і хрестителя Івана, святих славних і всехвальних апостолів, святого отця нашого Миколая, архиєпископа Мир Ликійських, чудотворця, святих славних і переможних мучеників, преподобних і богоносних отців наших, святого отця нашого Івана Золотоустого, архиєпископа Константинополя, святих і праведних богоотців Йоакима й Анни, і святого, якого є храм, і преподобної матері нашої Ксенії Римлянки, і всіх святих - помилує і спасе нас як благий і людинолюбний.","Священник: Христос, істинний Бог наш - молитвами пречистої Своєї Матері, силою чесного і животворчого Хреста, заступництвом чесних небесних сил безтілесних, чесного і славного пророка, предтечі і хрестителя Івана, святих славних і всехвальних апостолів, святого отця нашого Миколая, архиєпископа Мир Ликійських, чудотворця, святих славних і переможних мучеників, преподобних і богоносних отців наших, святих і праведних богоотців Йоакима й Анни, і святого, якого є храм, і преподобної матері нашої Ксенії Римлянки, і всіх святих - помилує і спасе нас як благий і людинолюбний.",
Січень,25.01,7,нд,Св. сщмч. Терапонта,"святого отця нашого Григорія Богослова, архиєпископа Царгородського, якого сьогодні пам'ять світло звершуємо",так,свято,,,#VALUE!,#VALUE!,#N/A
Січень,26.01,1,пн,"Прп. Микити, єп. Халкедонського","преподобного отця нашого Ксенофонта, дружини його Марії",ні,,,,"Священник: Христос, істинний Бог наш - молитвами пречистої Своєї Матері, заступництвом чесних небесних сил безтілесних, святих славних і всехвальних апостолів, святого отця нашого Івана Золотоустого, архиєпископа Константинополя, і святого, якого є храм, і преподобного отця нашого Ксенофонта, дружини його Марії, і всіх святих - помилує і спасе нас як благий і людинолюбний.","Священник: Христос, істинний Бог наш - молитвами пречистої Своєї Матері, заступництвом чесних небесних сил безтілесних, святих славних і всехвальних апостолів, і святого, якого є храм, і преподобного отця нашого Ксенофонта, дружини його Марії, і всіх святих - помилує і спасе нас як благий і людинолюбний.",
Січень,27.01,2,вв,"Св. прпмц. Теодосії, діви",,так,свято,,,#N/A,"Священник: Христос, істинний Бог наш - молитвами пречистої Своєї Матері, святих славних і всехвальних апостолів, святого отця нашого Івана Золотоустого, архиєпископа Константинополя, що його чесних мощів перенесення сьогодні пам'ять звершуємо, і святого, якого є храм, і всіх святих - помилує і спасе нас як благий і людинолюбний.",#N/A
Січень,28.01,3,ср,"Прп. Ісаакія, ігум. обителі Далматської",преподобного отця нашого Єфрема Сирійця,ні,,,,"Священник: Христос, істинний Бог наш - молитвами пречистої Своєї Матері, силою чесного і животворчого хреста, заступництвом святих славних і всехвальних апостолів, святого отця нашого Івана Золотоустого, архиєпископа Константинополя, і святого, якого є храм, і преподобного отця нашого Єфрема Сирійця, і всіх святих - помилує і спасе нас як благий і людинолюбний.","Священник: Христос, істинний Бог наш - молитвами пречистої Своєї Матері, силою чесного і животворчого хреста, заступництвом святих славних і всехвальних апостолів, і святого, якого є храм, і преподобного отця нашого Єфрема Сирійця, і всіх святих - помилує і спасе нас як благий і людинолюбний.",
Січень,29.01,4,чт,Неділя 1-ша по Зісланні Святого Духа. Всіх святих Св. ап. Єрмія Св. мч. Єрмея,"святого священномученика Ігнатія Богоносця, що його мощів перенесення сьогодні пам'ять звершуємо",ні,,,,"Священник: Христос, істинний Бог наш - молитвами пречистої Своєї Матері, святих славних і всехвальних апостолів, святого отця нашого Миколая, архиєпископа Мир Ликійських, чудотворця, святого отця нашого Івана Золотоустого, архиєпископа Константинополя, і святого, якого є храм, і святого священномученика Ігнатія Богоносця, що його мощів перенесення сьогодні пам'ять звершуємо, і всіх святих - помилує і спасе нас як благий і людинолюбний.","Священник: Христос, істинний Бог наш - молитвами пречистої Своєї Матері, святих славних і всехвальних апостолів, святого отця нашого Миколая, архиєпископа Мир Ликійських, чудотворця, і святого, якого є храм, і святого священномученика Ігнатія Богоносця, що його мощів перенесення сьогодні пам'ять звершуємо, і всіх святих - помилує і спасе нас як благий і людинолюбний.",
Січень,30.01,5,пт,"Св. мч. Юстина, філософа, і тих, що з ним","святих трьох святителів, великих архиєреїв: Василія Великого, Григорія Богослова та Івана Золотоустого, яких сьогодні пам'ять світло звершуємо, святого священномученика Іполита",так,свято,,,#N/A,#N/A,#N/A
Січень,31.01,6,сб,"Св. Никифора, ісп.","святих чудотворців і безсрібників Кира й Івана, преподобного отця нашого Івана Боско",ні,,,,"Священник: Христос, істинний Бог наш - молитвами пречистої Своєї Матері, силою чесного і животворчого Хреста, заступництвом чесних небесних сил безтілесних, чесного і славного пророка, предтечі і хрестителя Івана, святих славних і всехвальних апостолів, святого отця нашого Миколая, архиєпископа Мир Ликійських, чудотворця, святих славних і переможних мучеників, преподобних і богоносних отців наших, святого отця нашого Івана Золотоустого, архиєпископа Константинополя, святих і праведних богоотців Йоакима й Анни, і святого, якого є храм, і святих чудотворців і безсрібників Кира й Івана, преподобного отця нашого Івана Боско, і всіх святих - помилує і спасе нас як благий і людинолюбний.","Священник: Христос, істинний Бог наш - молитвами пречистої Своєї Матері, силою чесного і животворчого Хреста, заступництвом чесних небесних сил безтілесних, чесного і славного пророка, предтечі і хрестителя Івана, святих славних і всехвальних апостолів, святого отця нашого Миколая, архиєпископа Мир Ликійських, чудотворця, святих славних і переможних мучеників, преподобних і богоносних отців наших, святих і праведних богоотців Йоакима й Анни, і святого, якого є храм, і святих чудотворців і безсрібників Кира й Івана, преподобного отця нашого Івана Боско, і всіх святих - помилує і спасе нас як благий і людинолюбний.",
Лютий,01.02,7,нд,"Св. мч. Лукиліяна і тих, що з ним",святого мученика Трифона,ні,,,,"Священник: Христос, що воскрес із мертвих, істинний Бог наш - молитвами пречистої Своєї Матері, святих славних і всехвальних апостолів, святого отця нашого Івана Золотоустого, архиєпископа Константинополя, і святого, якого є храм, і святого мученика Трифона, і всіх святих - помилує і спасе нас як благий і людинолюбний.","Священник: Христос, що воскрес із мертвих, істинний Бог наш - молитвами пречистої Своєї Матері, святих славних і всехвальних апостолів, і святого, якого є храм, і святого мученика Трифона, і всіх святих - помилує і спасе нас як благий і людинолюбний.",
Лютий,02.02,1,пн,"🕀 Торжественне поклоніння пречистим Тайнам Тіла і Крови Господа нашого Ісуса Христа Св. Митрофана, патр. Царгородського",,так,свято,,,"Священник: Христос, істинний Бог наш, що зволив спочити в обіймах праведного Симеона спасіння нашого ради - молитвами пречистої Своєї Матері, святих, славних і всехвальних апостолів, святого отця нашого Івана Золотоустого, архиєпископа Константинополя, і святого, якого є храм, і всіх святих - помилує і спасе нас як благий і людинолюбний.","Священник: Христос, істинний Бог наш, що зволив спочити в обіймах праведного Симеона спасіння нашого ради - молитвами пречистої Своєї Матері, святих, славних і всехвальних апостолів, і святого, якого є храм, і всіх святих - помилує і спасе нас як благий і людинолюбний.","Христос, істинний Бог наш, що зволив спочити в обіймах праведного Симеона спасіння нашого ради - молитвами пречистої Своєї Матері, святих, славних і всехвальних апостолів, святого отця нашого Івана Золотоустого, архиєпископа Константинополя, і святого, якого є храм,"
Лютий,03.02,2,вв,"Св. сщмч. Доротея, єп. Тирського Св. мч. Косми, пресвіт. вірменського","святого і праведного Симеона Богоприємця і Анни, пророчиці",так,посвяття,"істинний Бог наш,","істинний Бог наш, що зволив спочити в обіймах праведного Симеона спасіння нашого ради,","Священник: Христос, істинний Бог наш, що зволив спочити в обіймах праведного Симеона спасіння нашого ради - молитвами пречистої Своєї Матері, святих, славних і всехвальних апостолів, святого отця нашого Івана Золотоустого, архиєпископа Константинополя, і святого, якого є храм, і святого і праведного Симеона Богоприємця і Анни, пророчиці, і всіх святих - помилує і спасе нас як благий і людинолюбний.","Священник: Христос, істинний Бог наш, що зволив спочити в обіймах праведного Симеона спасіння нашого ради - молитвами пречистої Своєї Матері, святих, славних і всехвальних апостолів, і святого, якого є храм, і святого і праведного Симеона Богоприємця і Анни, пророчиці, і всіх святих - помилує і спасе нас як благий і людинолюбний.","Христос, істинний Бог наш, що зволив спочити в обіймах праведного Симеона спасіння нашого ради - молитвами пречистої Своєї Матері, святих, славних і всехвальних апостолів, святого отця нашого Івана Золотоустого, архиєпископа Константинополя, і святого, якого є храм, "
Лютий,04.02,3,ср,"Прп. Висаріона, чудотв. Прп. Іларіона Нового, ігум. Далматської обителі, ісп.",преподобного отця нашого Ісидора Пилусіотського,так,посвяття,"істинний Бог наш,","істинний Бог наш, що зволив спочити в обіймах праведного Симеона спасіння нашого ради,","Священник: Христос, істинний Бог наш, що зволив спочити в обіймах праведного Симеона спасіння нашого ради - молитвами пречистої Своєї Матері, святих, славних і всехвальних апостолів, святого отця нашого Івана Золотоустого, архиєпископа Константинополя, і святого, якого є храм, і преподобного отця нашого Ісидора Пилусіотського, і всіх святих - помилує і спасе нас як благий і людинолюбний.","Священник: Христос, істинний Бог наш, що зволив спочити в обіймах праведного Симеона спасіння нашого ради - молитвами пречистої Своєї Матері, святих, славних і всехвальних апостолів, і святого, якого є храм, і преподобного отця нашого Ісидора Пилусіотського, і всіх святих - помилує і спасе нас як благий і людинолюбний.","Христос, істинний Бог наш, що зволив спочити в обіймах праведного Симеона спасіння нашого ради - молитвами пречистої Своєї Матері, святих, славних і всехвальних апостолів, святого отця нашого Івана Золотоустого, архиєпископа Константинополя, і святого, якого є храм, "
Лютий,05.02,4,чт,"Неділя 2-га по Зісланні Святого Духа. Всіх святих українського народу. Св. сщмч. Теодота (Богдана), єп. Анкирського",святої мучениці Агафії,так,посвяття,"істинний Бог наш,","істинний Бог наш, що зволив спочити в обіймах праведного Симеона спасіння нашого ради,","Священник: Христос, істинний Бог наш, що зволив спочити в обіймах праведного Симеона спасіння нашого ради - молитвами пречистої Своєї Матері, святих, славних і всехвальних апостолів, святого отця нашого Івана Золотоустого, архиєпископа Константинополя, і святого, якого є храм, і святої мучениці Агафії, і всіх святих - помилує і спасе нас як благий і людинолюбний.","Священник: Христос, істинний Бог наш, що зволив спочити в обіймах праведного Симеона спасіння нашого ради - молитвами пречистої Своєї Матері, святих, славних і всехвальних апостолів, і святого, якого є храм, і святої мучениці Агафії, і всіх святих - помилує і спасе нас як благий і людинолюбний.","Христос, істинний Бог наш, що зволив спочити в обіймах праведного Симеона спасіння нашого ради - молитвами пречистої Своєї Матері, святих, славних і всехвальних апостолів, святого отця нашого Івана Золотоустого, архиєпископа Константинополя, і святого, якого є храм, "
Лютий,06.02,5,пт,🕃 Перенесення мощів св. вмч. Теодора Тирона,"преподобного отця нашого Вукола, єпископа Смирнського, святого священномученика Сілвана, єпископа Ємеського, і тих, що з ним",так,віддання,,,"Священник: Христос, істинний Бог наш, що зволив спочити в обіймах праведного Симеона спасіння нашого ради - молитвами пречистої Своєї Матері, святих, славних і всехвальних апостолів, святого отця нашого Івана Золотоустого, архиєпископа Константинополя, і святого, якого є храм, і преподобного отця нашого Вукола, єпископа Смирнського, святого священномученика Сілвана, єпископа Ємеського, і тих, що з ним, і всіх святих - помилує і спасе нас як благий і людинолюбний.","Священник: Христос, істинний Бог наш, що зволив спочити в обіймах праведного Симеона спасіння нашого ради - молитвами пречистої Своєї Матері, святих, славних і всехвальних апостолів, і святого, якого є храм, і преподобного отця нашого Вукола, єпископа Смирнського, святого священномученика Сілвана, єпископа Ємеського, і тих, що з ним, і всіх святих - помилує і спасе нас як благий і людинолюбний.",
Лютий,07.02,6,сб,"🕃 Св. Кирила, архиєп. Олександрійського","преподобного отця нашого Партенія, єпископа Лампсакійського, блаженного священномученика Петра Вергуна, пресвітера",ні,,,,"Священник: Христос, істинний Бог наш, що живими і мертвими володіє - молитвами пречистої Cвоєї Матері, святих славних і всехвальних апостолів, святого отця нашого Івана Золотоустого, архиєпископа Константинополя, преподобних і богоносних отців наших, і святого, якого є храм, і преподобного отця нашого Партенія, єпископа Лампсакійського, блаженного священномученика Петра Вергуна, пресвітера, і всіх святих - помилує і спасе нас як благий і людинолюбний.","Священник: Христос, істинний Бог наш, що живими і мертвими володіє - молитвами пречистої Cвоєї Матері, святих славних і всехвальних апостолів, преподобних і богоносних отців наших, і святого, якого є храм, і преподобного отця нашого Партенія, єпископа Лампсакійського, блаженного священномученика Петра Вергуна, пресвітера, і всіх святих - помилує і спасе нас як благий і людинолюбний.",
Лютий,08.02,7,нд,"Св. сщмч. Тимотея, єп. Пруського","святого великомученика Теодора Стратилата, святого пророка Захарії Серповидця",ні,,,,"Священник: Христос, що воскрес із мертвих, істинний Бог наш - молитвами пречистої Своєї Матері, святих славних і всехвальних апостолів, святого отця нашого Івана Золотоустого, архиєпископа Константинополя, і святого, якого є храм, і святого великомученика Теодора Стратилата, святого пророка Захарії Серповидця, і всіх святих - помилує і спасе нас як благий і людинолюбний.","Священник: Христос, що воскрес із мертвих, істинний Бог наш - молитвами пречистої Своєї Матері, святих славних і всехвальних апостолів, і святого, якого є храм, і святого великомученика Теодора Стратилата, святого пророка Захарії Серповидця, і всіх святих - помилує і спасе нас як благий і людинолюбний.",
Лютий,09.02,1,пн,🕂 Свв. апп. Вартоломея й Варнави,святого мученика Никифора,ні,,,,"Священник: Христос, істинний Бог наш - молитвами пречистої Своєї Матері, заступництвом чесних небесних сил безтілесних, святих славних і всехвальних апостолів, святого отця нашого Івана Золотоустого, архиєпископа Константинополя, і святого, якого є храм, і святого мученика Никифора, і всіх святих - помилує і спасе нас як благий і людинолюбний.","Священник: Христос, істинний Бог наш - молитвами пречистої Своєї Матері, заступництвом чесних небесних сил безтілесних, святих славних і всехвальних апостолів, і святого, якого є храм, і святого мученика Никифора, і всіх святих - помилує і спасе нас як благий і людинолюбний.",
Лютий,10.02,2,вв,🕀 Свято найсолодшого Господа Бога і Спаса нашого Ісуса Христа – Чоловіколюбця 🕃 Прп. Онуфрія Великого Прп. Петра Афонського,святого мученика Харалампія,ні,,,,"Священник: Христос, істинний Бог наш - молитвами пречистої Своєї Матері, чесного і славного пророка, предтечі і хрестителя Івана, святих славних і всехвальних апостолів, святого отця нашого Івана Золотоустого, архиєпископа Константинополя, і святого, якого є храм, і святого мученика Харалампія, і всіх святих - помилує і спасе нас як благий і людинолюбний.","Священник: Христос, істинний Бог наш - молитвами пречистої Своєї Матері, чесного і славного пророка, предтечі і хрестителя Івана, святих славних і всехвальних апостолів, і святого, якого є храм, і святого мученика Харалампія, і всіх святих - помилує і спасе нас як благий і людинолюбний.",
Лютий,11.02,3,ср,"🕃 Сострадання Пресвятої Богородиці Св. мц. Акилини Св. Трифилія, єп. Левкусії Кипрської Прп. Антонія Падуанського","святого священномученика Власія, єпископа Севастійського",ні,,,,"Священник: Христос, істинний Бог наш - молитвами пречистої Своєї Матері, силою чесного і животворчого хреста, заступництвом святих славних і всехвальних апостолів, святого отця нашого Івана Золотоустого, архиєпископа Константинополя, і святого, якого є храм, і святого священномученика Власія, єпископа Севастійського, і всіх святих - помилує і спасе нас як благий і людинолюбний.","Священник: Христос, істинний Бог наш - молитвами пречистої Своєї Матері, силою чесного і животворчого хреста, заступництвом святих славних і всехвальних апостолів, і святого, якого є храм, і святого священномученика Власія, єпископа Севастійського, і всіх святих - помилує і спасе нас як благий і людинолюбний.",
Лютий,12.02,4,чт,"Неділя 3-тя по Зісланні Святого Духа. Св. прор. Єлисея Св. Методія, патр. Царгородського","святого отця нашого Мелетія, архиєпископа Антіохійського",ні,,,,"Священник: Христос, істинний Бог наш - молитвами пречистої Своєї Матері, святих славних і всехвальних апостолів, святого отця нашого Миколая, архиєпископа Мир Ликійських, чудотворця, святого отця нашого Івана Золотоустого, архиєпископа Константинополя, і святого, якого є храм, і святого отця нашого Мелетія, архиєпископа Антіохійського, і всіх святих - помилує і спасе нас як благий і людинолюбний.","Священник: Христос, істинний Бог наш - молитвами пречистої Своєї Матері, святих славних і всехвальних апостолів, святого отця нашого Миколая, архиєпископа Мир Ликійських, чудотворця, і святого, якого є храм, і святого отця нашого Мелетія, архиєпископа Антіохійського, і всіх святих - помилує і спасе нас як благий і людинолюбний.",
Лютий,13.02,5,пт,"Св. прор. Амоса Прп. Єроніма, пресвіт. Стридонського","преподобного отця нашого Мартиніана, святих жінок Зої і Фотини",ні,,,,"Священник: Христос, істинний Бог наш - молитвами пречистої Своєї Матері, силою чесного і животворчого хреста, заступництвом святих славних і всехвальних апостолів, святого отця нашого Івана Золотоустого, архиєпископа Константинополя, і святого, якого є храм, і преподобного отця нашого Мартиніана, святих жінок Зої і Фотини, і всіх святих - помилує і спасе нас як благий і людинолюбний.","Священник: Христос, істинний Бог наш - молитвами пречистої Своєї Матері, силою чесного і животворчого хреста, заступництвом святих славних і всехвальних апостолів, і святого, якого є храм, і преподобного отця нашого Мартиніана, святих жінок Зої і Фотини, і всіх святих - помилує і спасе нас як благий і людинолюбний.",
Лютий,14.02,6,сб,Св. і чудотв. Тихона Аматунтського,"преподобного отця нашого Константина, філософа, у монахах Кирила, учителя слов’янського, преподобного отця нашого Авксентія, преподобного Марона, пустинника, чудотворця",ні,,,,"Священник: Христос, істинний Бог наш - молитвами пречистої Своєї Матері, силою чесного і животворчого Хреста, заступництвом чесних небесних сил безтілесних, чесного і славного пророка, предтечі і хрестителя Івана, святих славних і всехвальних апостолів, святого отця нашого Миколая, архиєпископа Мир Ликійських, чудотворця, святих славних і переможних мучеників, преподобних і богоносних отців наших, святого отця нашого Івана Золотоустого, архиєпископа Константинополя, святих і праведних богоотців Йоакима й Анни, і святого, якого є храм, і преподобного отця нашого Константина, філософа, у монахах Кирила, учителя слов’янського, преподобного отця нашого Авксентія, преподобного Марона, пустинника, чудотворця, і всіх святих - помилує і спасе нас як благий і людинолюбний.","Священник: Христос, істинний Бог наш - молитвами пречистої Своєї Матері, силою чесного і животворчого Хреста, заступництвом чесних небесних сил безтілесних, чесного і славного пророка, предтечі і хрестителя Івана, святих славних і всехвальних апостолів, святого отця нашого Миколая, архиєпископа Мир Ликійських, чудотворця, святих славних і переможних мучеників, преподобних і богоносних отців наших, святих і праведних богоотців Йоакима й Анни, і святого, якого є храм, і преподобного отця нашого Константина, філософа, у монахах Кирила, учителя слов’янського, преподобного отця нашого Авксентія, преподобного Марона, пустинника, чудотворця, і всіх святих - помилує і спасе нас як благий і людинолюбний.",
Лютий,15.02,7,нд,"Свв. мчч. Мануїла, Савела й Ісмаїла Прп. Іпатія, ігум. Руфеніанського",святого апостола Онисима,ні,,,,"Священник: Христос, що воскрес із мертвих, істинний Бог наш - молитвами пречистої Своєї Матері, святих славних і всехвальних апостолів, святого отця нашого Івана Золотоустого, архиєпископа Константинополя, і святого, якого є храм, і святого апостола Онисима, і всіх святих - помилує і спасе нас як благий і людинолюбний.","Священник: Христос, що воскрес із мертвих, істинний Бог наш - молитвами пречистої Своєї Матері, святих славних і всехвальних апостолів, і святого, якого є храм, і святого апостола Онисима, і всіх святих - помилує і спасе нас як благий і людинолюбний.",
Лютий,16.02,1,пн,Св. мч. Леонтія,"святих мучеників Памфила, єрея, Порфирія і тих, що з ними",ні,,,,"Священник: Христос, істинний Бог наш - молитвами пречистої Своєї Матері, заступництвом чесних небесних сил безтілесних, святих славних і всехвальних апостолів, святого отця нашого Івана Золотоустого, архиєпископа Константинополя, і святого, якого є храм, і святих мучеників Памфила, єрея, Порфирія і тих, що з ними, і всіх святих - помилує і спасе нас як благий і людинолюбний.","Священник: Христос, істинний Бог наш - молитвами пречистої Своєї Матері, заступництвом чесних небесних сил безтілесних, святих славних і всехвальних апостолів, і святого, якого є храм, і святих мучеників Памфила, єрея, Порфирія і тих, що з ними, і всіх святих - помилує і спасе нас як благий і людинолюбний.",
Лютий,17.02,2,вв,"🕂 Св. ап. Юди, брата Господнього",святого великомученика Теодора Тирона,ні,,,,"Священник: Христос, істинний Бог наш - молитвами пречистої Своєї Матері, чесного і славного пророка, предтечі і хрестителя Івана, святих славних і всехвальних апостолів, святого отця нашого Івана Золотоустого, архиєпископа Константинополя, і святого, якого є храм, і святого великомученика Теодора Тирона, і всіх святих - помилує і спасе нас як благий і людинолюбний.","Священник: Христос, істинний Бог наш - молитвами пречистої Своєї Матері, чесного і славного пророка, предтечі і хрестителя Івана, святих славних і всехвальних апостолів, і святого, якого є храм, і святого великомученика Теодора Тирона, і всіх святих - помилує і спасе нас як благий і людинолюбний.",
Лютий,18.02,3,ср,"Св. сщмч. Методія, єп. Патарського","святого отця нашого Лева, папи Римського",ні,,,,"Священник: Христос, істинний Бог наш - молитвами пречистої Своєї Матері, силою чесного і животворчого хреста, заступництвом святих славних і всехвальних апостолів, святого отця нашого Івана Золотоустого, архиєпископа Константинополя, і святого, якого є храм, і святого отця нашого Лева, папи Римського, і всіх святих - помилує і спасе нас як благий і людинолюбний.","Священник: Христос, істинний Бог наш - молитвами пречистої Своєї Матері, силою чесного і животворчого хреста, заступництвом святих славних і всехвальних апостолів, і святого, якого є храм, і святого отця нашого Лева, папи Римського, і всіх святих - помилує і спасе нас як благий і людинолюбний.",
Лютий,19.02,4,чт,Неділя 4-та по Зісланні Святого Духа. Св. мч. Юліана Тарсійського,святого апостола Архипа,ні,,,,"Священник: Христос, істинний Бог наш - молитвами пречистої Своєї Матері, святих славних і всехвальних апостолів, святого отця нашого Миколая, архиєпископа Мир Ликійських, чудотворця, святого отця нашого Івана Золотоустого, архиєпископа Константинополя, і святого, якого є храм, і святого апостола Архипа, і всіх святих - помилує і спасе нас як благий і людинолюбний.","Священник: Христос, істинний Бог наш - молитвами пречистої Своєї Матері, святих славних і всехвальних апостолів, святого отця нашого Миколая, архиєпископа Мир Ликійських, чудотворця, і святого, якого є храм, і святого апостола Архипа, і всіх святих - помилує і спасе нас як благий і людинолюбний.",
Лютий,20.02,5,пт,"Св. сщмч. Євсевія, єп. Самосатського","преподобного отця нашого Лева, єпископа Катанського",ні,,,,"Священник: Христос, істинний Бог наш - молитвами пречистої Своєї Матері, силою чесного і животворчого хреста, заступництвом святих славних і всехвальних апостолів, святого отця нашого Івана Золотоустого, архиєпископа Константинополя, і святого, якого є храм, і преподобного отця нашого Лева, єпископа Катанського, і всіх святих - помилує і спасе нас як благий і людинолюбний.","Священник: Христос, істинний Бог наш - молитвами пречистої Своєї Матері, силою чесного і животворчого хреста, заступництвом святих славних і всехвальних апостолів, і святого, якого є храм, і преподобного отця нашого Лева, єпископа Катанського, і всіх святих - помилує і спасе нас як благий і людинолюбний.",
Лютий,21.02,6,сб,Св. мц. Агрипіни,"преподобного отця нашого Тимотея, що в Символах, святого отця нашого Євстатія, архиєпископа Великої Антіохії",ні,,,,"Священник: Христос, істинний Бог наш - молитвами пречистої Своєї Матері, силою чесного і животворчого Хреста, заступництвом чесних небесних сил безтілесних, чесного і славного пророка, предтечі і хрестителя Івана, святих славних і всехвальних апостолів, святого отця нашого Миколая, архиєпископа Мир Ликійських, чудотворця, святих славних і переможних мучеників, преподобних і богоносних отців наших, святого отця нашого Івана Золотоустого, архиєпископа Константинополя, святих і праведних богоотців Йоакима й Анни, і святого, якого є храм, і преподобного отця нашого Тимотея, що в Символах, святого отця нашого Євстатія, архиєпископа Великої Антіохії, святого великомученика Теодора Тирона, і всіх святих - помилує і спасе нас як благий і людинолюбний.","Священник: Христос, істинний Бог наш - молитвами пречистої Своєї Матері, силою чесного і животворчого Хреста, заступництвом чесних небесних сил безтілесних, чесного і славного пророка, предтечі і хрестителя Івана, святих славних і всехвальних апостолів, святого отця нашого Миколая, архиєпископа Мир Ликійських, чудотворця, святих славних і переможних мучеників, преподобних і богоносних отців наших, святих і праведних богоотців Йоакима й Анни, і святого, якого є храм, і преподобного отця нашого Тимотея, що в Символах, святого отця нашого Євстатія, архиєпископа Великої Антіохії, святого великомученика Теодора Тирона, і всіх святих - помилує і спасе нас як благий і людинолюбний.",
Лютий,22.02,7,нд,"🕀 Різдво чесного і славн. прор., предтечі і хрестителя Господнього Івана","святих мучеників, що в Євгенії",ні,,,,"Священник: Христос, що воскрес із мертвих, істинний Бог наш - молитвами пречистої Своєї Матері, святих славних і всехвальних апостолів, святого отця нашого Івана Золотоустого, архиєпископа Константинополя, і святого, якого є храм, і святих мучеників, що в Євгенії, і всіх святих - помилує і спасе нас як благий і людинолюбний.","Священник: Христос, що воскрес із мертвих, істинний Бог наш - молитвами пречистої Своєї Матері, святих славних і всехвальних апостолів, і святого, якого є храм, і святих мучеників, що в Євгенії, і всіх святих - помилує і спасе нас як благий і людинолюбний.",
Лютий,23.02,1,пн,Св. прпмц. Февронії,"святого священномученика Полікарпа, єпископа Смирнського",ні,,,,"Священник: Христос, істинний Бог наш - молитвами пречистої Своєї Матері, заступництвом чесних небесних сил безтілесних, святих славних і всехвальних апостолів, святого отця нашого Івана Золотоустого, архиєпископа Константинополя, і святого, якого є храм, і святого священномученика Полікарпа, єпископа Смирнського, і всіх святих - помилує і спасе нас як благий і людинолюбний.","Священник: Христос, істинний Бог наш - молитвами пречистої Своєї Матері, заступництвом чесних небесних сил безтілесних, святих славних і всехвальних апостолів, і святого, якого є храм, і святого священномученика Полікарпа, єпископа Смирнського, і всіх святих - помилує і спасе нас як благий і людинолюбний.",
Лютий,24.02,2,вв,"Прп. Давида, що в Солуні Блаж. сщмч. Андрія Іщака, пресвіт. Блаж. сщмч. Миколи Конрада, пресвіт., і мч. Володимира Прийми, співця",,так,свято,,,"Священник: Христос, істинний Бог наш - молитвами пречистої Своєї Матері, чесного і славного пророка, предтечі і христителя Господнього Івана, якого чесної глави знайдення сьогодні пам'ять звершуємо, святого отця нашого Івана Золотоустого, архиєпископа Константинополя, і святого, якого є храм, і всіх святих - помилує і спасе нас як благий і людинолюбний.","Священник: Христос, істинний Бог наш - молитвами пречистої Своєї Матері, чесного і славного пророка, предтечі і христителя Господнього Івана, якого чесної глави знайдення сьогодні пам'ять звершуємо, і святого, якого є храм, і всіх святих - помилує і спасе нас як благий і людинолюбний.","Христос, істинний Бог наш - молитвами пречистої Своєї Матері, чесного і славного пророка, предтечі і христителя Господнього Івана, якого чесної глави знайдення сьогодні пам'ять звершуємо, святого отця нашого Івана Золотоустого, архиєпископа Константинополя, і святого, якого є храм,"
Лютий,25.02,3,ср,"🕁 Блаж. сщмч. Миколая Чарнецького і двадцяти чотирьох співмучеників; блаженного сщмч. Омеляна Ковча Прп. Сампсона, приятеля подорожніх й убогих","святого отця нашого Тарасія, архиєпископа Царгородського",ні,,,,"Священник: Христос, істинний Бог наш - молитвами пречистої Своєї Матері, силою чесного і животворчого хреста, заступництвом святих славних і всехвальних апостолів, святого отця нашого Івана Золотоустого, архиєпископа Константинополя, і святого, якого є храм, і святого отця нашого Тарасія, архиєпископа Царгородського, і всіх святих - помилує і спасе нас як благий і людинолюбний.","Священник: Христос, істинний Бог наш - молитвами пречистої Своєї Матері, силою чесного і животворчого хреста, заступництвом святих славних і всехвальних апостолів, і святого, якого є храм, і святого отця нашого Тарасія, архиєпископа Царгородського, і всіх святих - помилує і спасе нас як благий і людинолюбний.",
Лютий,26.02,4,чт,Неділя 5-та по Зісланні Святого Духа. 🕃 Перенесення мощів свв. безср. Кира і Івана,"святого отця нашого Порфирія, єпископа Газького, блаженної Едігни",ні,,,,"Священник: Христос, істинний Бог наш - молитвами пречистої Своєї Матері, святих славних і всехвальних апостолів, святого отця нашого Миколая, архиєпископа Мир Ликійських, чудотворця, святого отця нашого Івана Золотоустого, архиєпископа Константинополя, і святого, якого є храм, і святого отця нашого Порфирія, єпископа Газького, блаженної Едігни, і всіх святих - помилує і спасе нас як благий і людинолюбний.","Священник: Христос, істинний Бог наш - молитвами пречистої Своєї Матері, святих славних і всехвальних апостолів, святого отця нашого Миколая, архиєпископа Мир Ликійських, чудотворця, і святого, якого є храм, і святого отця нашого Порфирія, єпископа Газького, блаженної Едігни, і всіх святих - помилує і спасе нас як благий і людинолюбний.",
Лютий,27.02,5,пт,🕀 Свв. славних і всехвальних первоверховних апп. Петра й Павла,преподобного отця нашого й ісповідника Прокопія Декаполіта,ні,,,,"Священник: Христос, істинний Бог наш - молитвами пречистої Своєї Матері, силою чесного і животворчого хреста, заступництвом святих славних і всехвальних апостолів, святого отця нашого Івана Золотоустого, архиєпископа Константинополя, і святого, якого є храм, і преподобного отця нашого й ісповідника Прокопія Декаполіта, і всіх святих - помилує і спасе нас як благий і людинолюбний.","Священник: Христос, істинний Бог наш - молитвами пречистої Своєї Матері, силою чесного і животворчого хреста, заступництвом святих славних і всехвальних апостолів, і святого, якого є храм, і преподобного отця нашого й ісповідника Прокопія Декаполіта, і всіх святих - помилує і спасе нас як благий і людинолюбний.",
Лютий,28.02,6,сб,🕂 Собор свв. славних і всехвальних дванадцяти апп. Блаж. сщмч. Василія Величковського,"преподобного отця нашого й ісповідника Василія, співпосника Прокопового",ні,,,,"Священник: Христос, істинний Бог наш, що живими і мертвими володіє - молитвами пречистої Cвоєї Матері, святих славних і всехвальних апостолів, святого отця нашого Івана Золотоустого, архиєпископа Константинополя, преподобних і богоносних отців наших, і святого, якого є храм, і преподобного отця нашого й ісповідника Василія, співпосника Прокопового, і всіх святих - помилує і спасе нас як благий і людинолюбний.","Священник: Христос, істинний Бог наш, що живими і мертвими володіє - молитвами пречистої Cвоєї Матері, святих славних і всехвальних апостолів, преподобних і богоносних отців наших, і святого, якого є храм, і преподобного отця нашого й ісповідника Василія, співпосника Прокопового, і всіх святих - помилує і спасе нас як благий і людинолюбний.",
Лютий,29.02,4,чт,🕃 Свв. безср. і чудотв. Косми й Дам’яна,преподобного отця нашого Касіана,ні,,,,"Священник: Христос, істинний Бог наш - молитвами пречистої Своєї Матері, святих славних і всехвальних апостолів, святого отця нашого Миколая, архиєпископа Мир Ликійських, чудотворця, святого отця нашого Івана Золотоустого, архиєпископа Константинополя, і святого, якого є храм, і преподобного отця нашого Касіана, і всіх святих - помилує і спасе нас як благий і людинолюбний.","Священник: Христос, істинний Бог наш - молитвами пречистої Своєї Матері, святих славних і всехвальних апостолів, святого отця нашого Миколая, архиєпископа Мир Ликійських, чудотворця, і святого, якого є храм, і преподобного отця нашого Касіана, і всіх святих - помилує і спасе нас як благий і людинолюбний.",
Березень,01.03,7,нд,🕂 Положення чесної ризи Пресвятої Владичиці нашої Богородиці у Влахерні,святої преподобномучениці Євдокії,ні,,,,"Священник: Христос, що воскрес із мертвих, істинний Бог наш - молитвами пречистої Своєї Матері, святих славних і всехвальних апостолів, святого отця нашого Івана Золотоустого, архиєпископа Константинополя, і святого, якого є храм, і святої преподобномучениці Євдокії, і всіх святих - помилує і спасе нас як благий і людинолюбний.","Священник: Христос, що воскрес із мертвих, істинний Бог наш - молитвами пречистої Своєї Матері, святих славних і всехвальних апостолів, і святого, якого є храм, і святої преподобномучениці Євдокії, і всіх святих - помилує і спасе нас як благий і людинолюбний.",
Березень,02.03,1,пн,Св. мч. Якинта,"святого священномученика Теодота, єпископа Киринейського",ні,,,,"Священник: Христос, істинний Бог наш - молитвами пречистої Своєї Матері, заступництвом чесних небесних сил безтілесних, святих славних і всехвальних апостолів, святого отця нашого Івана Золотоустого, архиєпископа Константинополя, і святого, якого є храм, і святого священномученика Теодота, єпископа Киринейського, і всіх святих - помилує і спасе нас як благий і людинолюбний.","Священник: Христос, істинний Бог наш - молитвами пречистої Своєї Матері, заступництвом чесних небесних сил безтілесних, святих славних і всехвальних апостолів, і святого, якого є храм, і святого священномученика Теодота, єпископа Киринейського, і всіх святих - помилує і спасе нас як благий і людинолюбний.",
Березень,03.03,2,вв,"Св. Андрія, архиєп. Критського, єрусалимлянина Прп. Марти, матері св. Симеона Дивногорця","святих мучеників Євтропія, Клеоніка й Василиска",ні,,,,"Священник: Христос, істинний Бог наш - молитвами пречистої Своєї Матері, чесного і славного пророка, предтечі і хрестителя Івана, святих славних і всехвальних апостолів, святого отця нашого Івана Золотоустого, архиєпископа Константинополя, і святого, якого є храм, і святих мучеників Євтропія, Клеоніка й Василиска, і всіх святих - помилує і спасе нас як благий і людинолюбний.","Священник: Христос, істинний Бог наш - молитвами пречистої Своєї Матері, чесного і славного пророка, предтечі і хрестителя Івана, святих славних і всехвальних апостолів, і святого, якого є храм, і святих мучеників Євтропія, Клеоніка й Василиска, і всіх святих - помилує і спасе нас як благий і людинолюбний.",
Березень,04.03,3,ср,🕁 Свято Матері Божої Неустанної Помочі 🕂 Прп. Атанасія Афонського,"преподобного отця нашого Герасима, що на Йордані",ні,,,,"Священник: Христос, істинний Бог наш - молитвами пречистої Своєї Матері, силою чесного і животворчого хреста, заступництвом святих славних і всехвальних апостолів, святого отця нашого Івана Золотоустого, архиєпископа Константинополя, і святого, якого є храм, і преподобного отця нашого Герасима, що на Йордані, і всіх святих - помилує і спасе нас як благий і людинолюбний.","Священник: Христос, істинний Бог наш - молитвами пречистої Своєї Матері, силою чесного і животворчого хреста, заступництвом святих славних і всехвальних апостолів, і святого, якого є храм, і преподобного отця нашого Герасима, що на Йордані, і всіх святих - помилує і спасе нас як благий і людинолюбний.",
Березень,05.03,4,чт,Прп. Сисоя Великого,святого мученика Конона,ні,,,,"Священник: Христос, істинний Бог наш - молитвами пречистої Своєї Матері, святих славних і всехвальних апостолів, святого отця нашого Миколая, архиєпископа Мир Ликійських, чудотворця, святого отця нашого Івана Золотоустого, архиєпископа Константинополя, і святого, якого є храм, і святого мученика Конона, і всіх святих - помилує і спасе нас як благий і людинолюбний.","Священник: Христос, істинний Бог наш - молитвами пречистої Своєї Матері, святих славних і всехвальних апостолів, святого отця нашого Миколая, архиєпископа Мир Ликійських, чудотворця, і святого, якого є храм, і святого мученика Конона, і всіх святих - помилує і спасе нас як благий і людинолюбний.",
Березень,06.03,5,пт,"Прпп. Томи, що в Малеї, і Акакія, про якого згадує «Ліствиця»","святих сорока двох мучеників, що в Аморії",ні,,,,"Священник: Христос, істинний Бог наш - молитвами пречистої Своєї Матері, силою чесного і животворчого хреста, заступництвом святих славних і всехвальних апостолів, святого отця нашого Івана Золотоустого, архиєпископа Константинополя, і святого, якого є храм, і святих сорока двох мучеників, що в Аморії, і всіх святих - помилує і спасе нас як благий і людинолюбний.","Священник: Христос, істинний Бог наш - молитвами пречистої Своєї Матері, силою чесного і животворчого хреста, заступництвом святих славних і всехвальних апостолів, і святого, якого є храм, і святих сорока двох мучеників, що в Аморії, і всіх святих - помилує і спасе нас як благий і людинолюбний.",
Березень,07.03,6,сб,🕃 Св. вмч. Прокопія,"святих священномучеників, що були єпископами в Херсоні: Василія, Єфрема, Капітона, Євгенія, Етерія й інших, блаженного священномученика Леоніда-Леонтія Федорова",ні,,,,"Священник: Христос, істинний Бог наш, що живими і мертвими володіє - молитвами пречистої Cвоєї Матері, святих славних і всехвальних апостолів, святого отця нашого Івана Золотоустого, архиєпископа Константинополя, преподобних і богоносних отців наших, і святого, якого є храм, і святих священномучеників, що були єпископами в Херсоні: Василія, Єфрема, Капітона, Євгенія, Етерія й інших, блаженного священномученика Леоніда-Леонтія Федорова, і всіх святих - помилує і спасе нас як благий і людинолюбний.","Священник: Христос, істинний Бог наш, що живими і мертвими володіє - молитвами пречистої Cвоєї Матері, святих славних і всехвальних апостолів, преподобних і богоносних отців наших, і святого, якого є храм, і святих священномучеників, що були єпископами в Херсоні: Василія, Єфрема, Капітона, Євгенія, Етерія й інших, блаженного священномученика Леоніда-Леонтія Федорова, і всіх святих - помилує і спасе нас як благий і людинолюбний.",
Березень,08.03,7,нд,"Св. сщмч. Панкратія, єп. Тавроменійського","преподобного отця нашого й ісповідника Теофілакта, єпископа Нікомидійського, святого великомученика Теодора Тирона",ні,,,,"Священник: Христос, що воскрес із мертвих, істинний Бог наш - молитвами пречистої Своєї Матері, святих славних і всехвальних апостолів, святого отця нашого Івана Золотоустого, архиєпископа Константинополя, і святого, якого є храм, і преподобного отця нашого й ісповідника Теофілакта, єпископа Нікомидійського, святого великомученика Теодора Тирона, і всіх святих - помилує і спасе нас як благий і людинолюбний.","Священник: Христос, що воскрес із мертвих, істинний Бог наш - молитвами пречистої Своєї Матері, святих славних і всехвальних апостолів, і святого, якого є храм, і преподобного отця нашого й ісповідника Теофілакта, єпископа Нікомидійського, святого великомученика Теодора Тирона, і всіх святих - помилує і спасе нас як благий і людинолюбний.",
Березень,09.03,1,пн,"🕂 Прп. Антонія Печерського, Київського Свв. сорока п’ятьох мчч., що в Нікополі Вірменському Свв. братів-мчч. Франциска, Мутія і Рафаїла і тих, що з ними вбиті в Дамаску","святих сорока мучеників, замучених у Севастійському озері, яких сьогодні пам'ять світло звершуємо",так,свято,,,"Священник: Христос, істинний Бог наш - молитвами пречистої Своєї Матері, святих славних і всехвальних апостолів, святого отця нашого Івана Золотоустого, архиєпископа Константинополя, і святого, якого є храм, і святих сорока мучеників, замучених у Севастійському озері, яких сьогодні пам'ять світло звершуємо, і всіх святих - помилує і спасе нас як благий і людинолюбний.","Священник: Христос, істинний Бог наш - молитвами пречистої Своєї Матері, святих славних і всехвальних апостолів, і святого, якого є храм, і святих сорока мучеників, замучених у Севастійському озері, яких сьогодні пам'ять світло звершуємо, і всіх святих - помилує і спасе нас як благий і людинолюбний.","Христос, істинний Бог наш - молитвами пречистої Своєї Матері, святих славних і всехвальних апостолів, святого отця нашого Івана Золотоустого, архиєпископа Константинополя, і святого, якого є храм,"
Березень,10.03,2,вв,"🕂 Переставл. блаж. Ольги, княгині Київської, у хрещенні названої Оленою 🕃 Св. мц. і прехвальної Євфимії","святого мученика Кодрата і тих, що з ним: Кипріана, Ніки, Галини та інших",ні,,,,"Священник: Христос, істинний Бог наш - молитвами пречистої Своєї Матері, чесного і славного пророка, предтечі і хрестителя Івана, святих славних і всехвальних апостолів, святого отця нашого Івана Золотоустого, архиєпископа Константинополя, і святого, якого є храм, і святого мученика Кодрата і тих, що з ним: Кипріана, Ніки, Галини та інших, і всіх святих - помилує і спасе нас як благий і людинолюбний.","Священник: Христос, істинний Бог наш - молитвами пречистої Своєї Матері, чесного і славного пророка, предтечі і хрестителя Івана, святих славних і всехвальних апостолів, і святого, якого є храм, і святого мученика Кодрата і тих, що з ним: Кипріана, Ніки, Галини та інших, і всіх святих - помилує і спасе нас як благий і людинолюбний.",
Березень,11.03,3,ср,Неділя 7-ма по Зісланні Святого Духа. Свв. мчч. Прокла й Іларія Прп. Михаїла Малеїна,"святого отця нашого Софронія, патріарха Єрусалимського",ні,,,,"Священник: Христос, істинний Бог наш - молитвами пречистої Своєї Матері, силою чесного і животворчого хреста, заступництвом святих славних і всехвальних апостолів, святого отця нашого Івана Золотоустого, архиєпископа Константинополя, і святого, якого є храм, і святого отця нашого Софронія, патріарха Єрусалимського, і всіх святих - помилує і спасе нас як благий і людинолюбний.","Священник: Христос, істинний Бог наш - молитвами пречистої Своєї Матері, силою чесного і животворчого хреста, заступництвом святих славних і всехвальних апостолів, і святого, якого є храм, і святого отця нашого Софронія, патріарха Єрусалимського, і всіх святих - помилує і спасе нас як благий і людинолюбний.",
Березень,12.03,4,чт,"🕃 Собор св. архангела Гавриїла Прп. Стефана Савваїта Св. Юліана, єп. Кеноманійського","преподобного отця нашого й ісповідника Теофана Сигріанського, святого отця нашого Григорія Двоєслова, папи Римського",ні,,,,"Священник: Христос, істинний Бог наш - молитвами пречистої Своєї Матері, святих славних і всехвальних апостолів, святого отця нашого Миколая, архиєпископа Мир Ликійських, чудотворця, святого отця нашого Івана Золотоустого, архиєпископа Константинополя, і святого, якого є храм, і преподобного отця нашого й ісповідника Теофана Сигріанського, святого отця нашого Григорія Двоєслова, папи Римського, і всіх святих - помилує і спасе нас як благий і людинолюбний.","Священник: Христос, істинний Бог наш - молитвами пречистої Своєї Матері, святих славних і всехвальних апостолів, святого отця нашого Миколая, архиєпископа Мир Ликійських, чудотворця, і святого, якого є храм, і преподобного отця нашого й ісповідника Теофана Сигріанського, святого отця нашого Григорія Двоєслова, папи Римського, і всіх святих - помилує і спасе нас як благий і людинолюбний.",
Березень,13.03,5,пт,🕃 Св. ап. Акили,"перенесення мощів святого отця нашого Никифора, патріарха Царгородського",ні,,,,"Священник: Христос, істинний Бог наш - молитвами пречистої Своєї Матері, силою чесного і животворчого хреста, заступництвом святих славних і всехвальних апостолів, святого отця нашого Івана Золотоустого, архиєпископа Константинополя, і святого, якого є храм, і перенесення мощів святого отця нашого Никифора, патріарха Царгородського, і всіх святих - помилує і спасе нас як благий і людинолюбний.","Священник: Христос, істинний Бог наш - молитвами пречистої Своєї Матері, силою чесного і животворчого хреста, заступництвом святих славних і всехвальних апостолів, і святого, якого є храм, і перенесення мощів святого отця нашого Никифора, патріарха Царгородського, і всіх святих - помилує і спасе нас як благий і людинолюбний.",
Березень,14.03,6,сб,"🕁 Св. рівноап., вел. князя Володимира, у святому хрещенні названого Василієм Свв. мчч. Кирика і Юліти",преподобного отця нашого Венедикта,ні,,,,"Священник: Христос, істинний Бог наш, що живими і мертвими володіє - молитвами пречистої Cвоєї Матері, святих славних і всехвальних апостолів, святого отця нашого Івана Золотоустого, архиєпископа Константинополя, преподобних і богоносних отців наших, і святого, якого є храм, і преподобного отця нашого Венедикта, і всіх святих - помилує і спасе нас як благий і людинолюбний.","Священник: Христос, істинний Бог наш, що живими і мертвими володіє - молитвами пречистої Cвоєї Матері, святих славних і всехвальних апостолів, преподобних і богоносних отців наших, і святого, якого є храм, і преподобного отця нашого Венедикта, і всіх святих - помилує і спасе нас як благий і людинолюбний.",
Березень,15.03,7,нд,Св. сщмч. Атеногена і десятьох учнів його,"святого мученика Агапія і з ним шести мучеників, препoдобного отця нашого Івана, автора «Ліствиці»",ні,,,,"Священник: Христос, що воскрес із мертвих, істинний Бог наш - молитвами пречистої Своєї Матері, святих славних і всехвальних апостолів, святого отця нашого Івана Золотоустого, архиєпископа Константинополя, і святого, якого є храм, і святого мученика Агапія і з ним шести мучеників, препoдобного отця нашого Івана, автора «Ліствиці», і всіх святих - помилує і спасе нас як благий і людинолюбний.","Священник: Христос, що воскрес із мертвих, істинний Бог наш - молитвами пречистої Своєї Матері, святих славних і всехвальних апостолів, і святого, якого є храм, і святого мученика Агапія і з ним шести мучеників, препoдобного отця нашого Івана, автора «Ліствиці», і всіх святих - помилує і спасе нас як благий і людинолюбний.",
Березень,16.03,1,пн,"🕃 Св. вмц. Марини Блаж. сщмч. Павла Гойдича, єп. Пряшівського",святих мучеників Савина й Папи,ні,,,,"Священник: Христос, істинний Бог наш - молитвами пречистої Своєї Матері, заступництвом чесних небесних сил безтілесних, святих славних і всехвальних апостолів, святого отця нашого Івана Золотоустого, архиєпископа Константинополя, і святого, якого є храм, і святих мучеників Савина й Папи, і всіх святих - помилує і спасе нас як благий і людинолюбний.","Священник: Христос, істинний Бог наш - молитвами пречистої Своєї Матері, заступництвом чесних небесних сил безтілесних, святих славних і всехвальних апостолів, і святого, якого є храм, і святих мучеників Савина й Папи, і всіх святих - помилує і спасе нас як благий і людинолюбний.",
Березень,17.03,2,вв,"Св. мч. Якинта, що в Амастриді Св. мч. Еміліяна Блаж. прпмц. Тарсикії Мацьків","преподобного отця нашого Олексія, чоловіка Божого",ні,,,,"Священник: Христос, істинний Бог наш - молитвами пречистої Своєї Матері, чесного і славного пророка, предтечі і хрестителя Івана, святих славних і всехвальних апостолів, святого отця нашого Івана Золотоустого, архиєпископа Константинополя, і святого, якого є храм, і преподобного отця нашого Олексія, чоловіка Божого, і всіх святих - помилує і спасе нас як благий і людинолюбний.","Священник: Христос, істинний Бог наш - молитвами пречистої Своєї Матері, чесного і славного пророка, предтечі і хрестителя Івана, святих славних і всехвальних апостолів, і святого, якого є храм, і преподобного отця нашого Олексія, чоловіка Божого, і всіх святих - помилує і спасе нас як благий і людинолюбний.",
Березень,18.03,3,ср,"Неділя 7-та, святих отців шести Вселенських Соборів. Прп. Макрини, сестри св. Василія Великого Прп. Дія","святого отця нашого Кирила, архиєпископа Єрусалимського",ні,,,,"Священник: Христос, істинний Бог наш - молитвами пречистої Своєї Матері, силою чесного і животворчого хреста, заступництвом святих славних і всехвальних апостолів, святого отця нашого Івана Золотоустого, архиєпископа Константинополя, і святого, якого є храм, і святого отця нашого Кирила, архиєпископа Єрусалимського, і всіх святих - помилує і спасе нас як благий і людинолюбний.","Священник: Христос, істинний Бог наш - молитвами пречистої Своєї Матері, силою чесного і животворчого хреста, заступництвом святих славних і всехвальних апостолів, і святого, якого є храм, і святого отця нашого Кирила, архиєпископа Єрусалимського, і всіх святих - помилує і спасе нас як благий і людинолюбний.",
Березень,19.03,4,чт,🕁 Св. славн. прор. Іллі,святих мучеників Хризанта й Дарії,ні,,,,"Священник: Христос, істинний Бог наш - молитвами пречистої Своєї Матері, святих славних і всехвальних апостолів, святого отця нашого Миколая, архиєпископа Мир Ликійських, чудотворця, святого отця нашого Івана Золотоустого, архиєпископа Константинополя, і святого, якого є храм, і святих мучеників Хризанта й Дарії, і всіх святих - помилує і спасе нас як благий і людинолюбний.","Священник: Христос, істинний Бог наш - молитвами пречистої Своєї Матері, святих славних і всехвальних апостолів, святого отця нашого Миколая, архиєпископа Мир Ликійських, чудотворця, і святого, якого є храм, і святих мучеників Хризанта й Дарії, і всіх святих - помилує і спасе нас як благий і людинолюбний.",
Березень,20.03,5,пт,"Прпп. Симеона, Христа ради юродивого, та Івана, співпосника його Св. прор. Єзекиїла","преподобних отців наших, яких убили сарацини в обителі Святого Сави",ні,,,,"Священник: Христос, істинний Бог наш - молитвами пречистої Своєї Матері, силою чесного і животворчого хреста, заступництвом святих славних і всехвальних апостолів, святого отця нашого Івана Золотоустого, архиєпископа Константинополя, і святого, якого є храм, і преподобних отців наших, яких убили сарацини в обителі Святого Сави, і всіх святих - помилує і спасе нас як благий і людинолюбний.","Священник: Христос, істинний Бог наш - молитвами пречистої Своєї Матері, силою чесного і животворчого хреста, заступництвом святих славних і всехвальних апостолів, і святого, якого є храм, і преподобних отців наших, яких убили сарацини в обителі Святого Сави, і всіх святих - помилує і спасе нас як благий і людинолюбний.",
Березень,21.03,6,сб,🕃 Св. мироносиці й рівноап. Марії Магдалини Повернення мощів св. сщмч. Фоки,"преподобного отця нашого й ісповідника Якова, єпископа Катанського",ні,,,,"Священник: Христос, істинний Бог наш - молитвами пречистої Своєї Матері, силою чесного і животворчого Хреста, заступництвом чесних небесних сил безтілесних, чесного і славного пророка, предтечі і хрестителя Івана, святих славних і всехвальних апостолів, святого отця нашого Миколая, архиєпископа Мир Ликійських, чудотворця, святих славних і переможних мучеників, преподобних і богоносних отців наших, святого отця нашого Івана Золотоустого, архиєпископа Константинополя, святих і праведних богоотців Йоакима й Анни, і святого, якого є храм, і преподобного отця нашого й ісповідника Якова, єпископа Катанського, і всіх святих - помилує і спасе нас як благий і людинолюбний.","Священник: Христос, істинний Бог наш - молитвами пречистої Своєї Матері, силою чесного і животворчого Хреста, заступництвом чесних небесних сил безтілесних, чесного і славного пророка, предтечі і хрестителя Івана, святих славних і всехвальних апостолів, святого отця нашого Миколая, архиєпископа Мир Ликійських, чудотворця, святих славних і переможних мучеників, преподобних і богоносних отців наших, святих і праведних богоотців Йоакима й Анни, і святого, якого є храм, і преподобного отця нашого й ісповідника Якова, єпископа Катанського, і всіх святих - помилує і спасе нас як благий і людинолюбний.",
Березень,22.03,7,нд,"Свв. мчч. Трофима, Теофіла і тих, що з ними Блаж. сщмч. Василія Гопка, єп.","святого священномученика Василія, пресвітера Анкирського, преподобної матері нашої Марії Єгипетської",ні,,,,"Священник: Христос, що воскрес із мертвих, істинний Бог наш - молитвами пречистої Своєї Матері, святих славних і всехвальних апостолів, святого отця нашого Івана Золотоустого, архиєпископа Константинополя, і святого, якого є храм, і святого священномученика Василія, пресвітера Анкирського, преподобної матері нашої Марії Єгипетської, і всіх святих - помилує і спасе нас як благий і людинолюбний.","Священник: Христос, що воскрес із мертвих, істинний Бог наш - молитвами пречистої Своєї Матері, святих славних і всехвальних апостолів, і святого, якого є храм, і святого священномученика Василія, пресвітера Анкирського, преподобної матері нашої Марії Єгипетської, і всіх святих - помилує і спасе нас як благий і людинолюбний.",
Березень,23.03,1,пн,"🕂 Свв. мчч. Бориса і Гліба, у хрещенні названих Романом і Давидом 🕃 Св. вмц. Христини Прп. Шарбеля","святого преподобномученика Нікона і двохсот учнів його, з ним замучених",ні,,,,"Священник: Христос, істинний Бог наш - молитвами пречистої Своєї Матері, заступництвом чесних небесних сил безтілесних, святих славних і всехвальних апостолів, святого отця нашого Івана Золотоустого, архиєпископа Константинополя, і святого, якого є храм, і святого преподобномученика Нікона і двохсот учнів його, з ним замучених, і всіх святих - помилує і спасе нас як благий і людинолюбний.","Священник: Христос, істинний Бог наш - молитвами пречистої Своєї Матері, заступництвом чесних небесних сил безтілесних, святих славних і всехвальних апостолів, і святого, якого є храм, і святого преподобномученика Нікона і двохсот учнів його, з ним замучених, і всіх святих - помилує і спасе нас як благий і людинолюбний.",
Березень,24.03,2,вв,"🕂 Успіння св. Анни, матері Пресвятої Богородиці Пам’ять свв. жінок Олімпіади і Євпраксії","передсвяття Благовіщення Пресвятої Богородиці, преподобного отця нашого Захарії, святого отця нашого Артемона, єпископа Селевкії Пісідійської",ні,,,,"Священник: Христос, істинний Бог наш - молитвами пречистої Своєї Матері, чесного і славного пророка, предтечі і хрестителя Івана, святих славних і всехвальних апостолів, святого отця нашого Івана Золотоустого, архиєпископа Константинополя, і святого, якого є храм, і передсвяття Благовіщення Пресвятої Богородиці, преподобного отця нашого Захарії, святого отця нашого Артемона, єпископа Селевкії Пісідійської, і всіх святих - помилує і спасе нас як благий і людинолюбний.","Священник: Христос, істинний Бог наш - молитвами пречистої Своєї Матері, чесного і славного пророка, предтечі і хрестителя Івана, святих славних і всехвальних апостолів, і святого, якого є храм, і передсвяття Благовіщення Пресвятої Богородиці, преподобного отця нашого Захарії, святого отця нашого Артемона, єпископа Селевкії Пісідійської, і всіх святих - помилує і спасе нас як благий і людинолюбний.",
Березень,25.03,3,ср,"Неділя 9-та по Зісланні Святого Духа. Св. сщмч. Єрмолая і тих, що з ним Св. прпмц. Параскеви","блаженного священномученика Омеляна Ковча, пресвітера",так,свято,,,"Священник: Христос, істинний Бог наш - молитвами пречистої Cвоєї Матері, якої Благовіщення сьогодні торжественне свято світло звершуємо, святих славних і всехвальних апостолів, святого отця нашого Івана Золотоустого, архиєпископа Константинополя, і святого, якого є храм, і блаженного священномученика Омеляна Ковча, пресвітера, і всіх святих - помилує і спасе нас як благий і людинолюбний.","Священник: Христос, істинний Бог наш - молитвами пречистої Cвоєї Матері, якої Благовіщення сьогодні торжественне свято світло звершуємо, святих славних і всехвальних апостолів, і святого, якого є храм, і блаженного священномученика Омеляна Ковча, пресвітера, і всіх святих - помилує і спасе нас як благий і людинолюбний.","Христос, істинний Бог наш - молитвами пречистої Cвоєї Матері, якої Благовіщення сьогодні торжественне свято світло звершуємо, святих славних і всехвальних апостолів, святого отця нашого Івана Золотоустого, архиєпископа Константинополя, і святого, якого є храм,"
Березень,26.03,4,чт,"🕂 Св. вмч. й цілителя Пантелеймона Св. Климента, архиєп. Охридського, чудотв.","святого архангела Гавриїла, що його собору пам'ять сьогодні звершуємо",так,віддання,,,"Священник: Христос, істинний Бог наш - молитвами пречистої Cвоєї Матері, якої Благовіщення свято звершуємо, святих славних і всехвальних апостолів, святого отця нашого Івана Золотоустого, архиєпископа Константинополя, і святого, якого є храм, і святого архангела Гавриїла, що його собору пам'ять звершуємо, і всіх святих - помилує і спасе нас як благий і людинолюбний.","Священник: Христос, істинний Бог наш - молитвами пречистої Cвоєї Матері, якої Благовіщення свято звершуємо, святих славних і всехвальних апостолів, і святого, якого є храм, і святого архангела Гавриїла, що його собору пам'ять звершуємо, і всіх святих - помилує і спасе нас як благий і людинолюбний.",
Березень,27.03,5,пт,"Свв. апп. і дияконів Прохора, Никанора, Тимона й Пармена","святої матері нашої Матрони, що в Солуні",ні,,,,"Священник: Христос, істинний Бог наш - молитвами пречистої Своєї Матері, силою чесного і животворчого хреста, заступництвом святих славних і всехвальних апостолів, святого отця нашого Івана Золотоустого, архиєпископа Константинополя, і святого, якого є храм, і святої матері нашої Матрони, що в Солуні, і всіх святих - помилує і спасе нас як благий і людинолюбний.","Священник: Христос, істинний Бог наш - молитвами пречистої Своєї Матері, силою чесного і животворчого хреста, заступництвом святих славних і всехвальних апостолів, і святого, якого є храм, і святої матері нашої Матрони, що в Солуні, і всіх святих - помилує і спасе нас як благий і людинолюбний.",
Березень,28.03,6,сб,Св. мч. Каленика,"преподобного отця нашого Іларіона Нового, святого Стефана, чудотворця",ні,,,,"Священник: Христос, істинний Бог наш, що прийшов у Витанію воскресити праведного Лазаря спасіння нашого ради - молитвами пречистої Своєї Матері, святих, славних і всехвальних апостолів, святого отця нашого Йоана Золотоустого, архиєпископа Константинополя, і святого, якого є храм, і преподобного отця нашого Іларіона Нового, святого Стефана, чудотворця, і всіх святих - помилує і спасе нас як благий і людинолюбний.","Священник: Христос, істинний Бог наш, що прийшов у Витанію воскресити праведного Лазаря спасіння нашого ради - молитвами пречистої Своєї Матері, святих, славних і всехвальних апостолів, святого отця нашого Йоана Золотоустого, архиєпископа Константинополя, і святого, якого є храм, і преподобного отця нашого Іларіона Нового, святого Стефана, чудотворця, і всіх святих - помилує і спасе нас як благий і людинолюбний.",
Березень,29.03,7,нд,"Свв. апп. Сили й Силуана і тих, що з ними","преподобного отця нашого Марка, єпископа Аретусійського, і Кирила диякона, та інших, що з ним постраждали при Юліані, мучителеві",ні,,,,"Священник: Христос, істинний Бог наш, що на осля сісти і до Єрусалиму прийти зволив, і від дітей єврейських хвалу прийняв спасіння нашого ради - молитвами пречистої Своєї Матері, святих, славних і всехвальних апостолів, святого отця нашого Івана Золотоустого, архиєпископа Константинополя, і святого, якого є храм, і преподобного отця нашого Марка, єпископа Аретусійського, і Кирила диякона, та інших, що з ним постраждали при Юліані, мучителеві, і всіх святих - помилує і спасе нас як благий і людинолюбний.","Священник: Христос, істинний Бог наш, що на осля сісти і до Єрусалиму прийти зволив, і від дітей єврейських хвалу прийняв спасіння нашого ради - молитвами пречистої Своєї Матері, святих, славних і всехвальних апостолів, і святого, якого є храм, і преподобного отця нашого Марка, єпископа Аретусійського, і Кирила диякона, та інших, що з ним постраждали при Юліані, мучителеві, і всіх святих - помилує і спасе нас як благий і людинолюбний.",
Березень,30.03,1,пн,🕃 Передсвяття походу з чесним і животворним Хрестом Господнім Св. і прав. Євдокима,"препoдобного отця нашого Івана, автора «Ліствиці»",ні,,,,"Священник: Господь, що гряде на вольну страсть спасіння нашого ради – Христос, істинний Бог наш, молитвами пречистої Своєї Матері, святих славних і всехвальних Апостолів, преподобних і богоносних отців наших, і святого, якого є храм, і препoдобного отця нашого Івана, автора «Ліствиці», і всіх святих - помилує і спасе нас як благий і людинолюбний.","Священник: Господь, що гряде на вольну страсть спасіння нашого ради – Христос, істинний Бог наш, молитвами пречистої Своєї Матері, святих славних і всехвальних Апостолів, преподобних і богоносних отців наших, і святого, якого є храм, і препoдобного отця нашого Івана, автора «Ліствиці», і всіх святих - помилує і спасе нас як благий і людинолюбний.",
Березень,31.03,2,вв,"🕃 Похід із чесним Деревом чесного і животворного Хреста Свв. сімох мчч. Макавеїв, і матері їх Соломії, і старця Єлеазара Прп. Альфонса Лігуорі Початок Успенського посту</i>","преподобного отця нашого Іпатія, єпископа Гангренського",ні,,,,"Священник: Господь, що гряде на вольну страсть спасіння нашого ради – Христос, істинний Бог наш, молитвами пречистої Своєї Матері, святих славних і всехвальних Апостолів, преподобних і богоносних отців наших, і святого, якого є храм, і преподобного отця нашого Іпатія, єпископа Гангренського, і всіх святих - помилує і спасе нас як благий і людинолюбний.","Священник: Господь, що гряде на вольну страсть спасіння нашого ради – Христос, істинний Бог наш, молитвами пречистої Своєї Матері, святих славних і всехвальних Апостолів, преподобних і богоносних отців наших, і святого, якого є храм, і преподобного отця нашого Іпатія, єпископа Гангренського, і всіх святих - помилує і спасе нас як благий і людинолюбний.",
Квітень,01.04,3,ср,Неділя 10-та по Зісланні Святого Духа. 🕃 Перенесення мощів св. первмч. й архдияк. Стефана,преподобної матері нашої Марії Єгипетської,ні,,,,"Священник: Господь, що гряде на вольну страсть спасіння нашого ради – Христос, істинний Бог наш, молитвами пречистої Своєї Матері, святих славних і всехвальних Апостолів, преподобних і богоносних отців наших, і святого, якого є храм, і преподобної матері нашої Марії Єгипетської, і всіх святих - помилує і спасе нас як благий і людинолюбний.","Священник: Господь, що гряде на вольну страсть спасіння нашого ради – Христос, істинний Бог наш, молитвами пречистої Своєї Матері, святих славних і всехвальних Апостолів, преподобних і богоносних отців наших, і святого, якого є храм, і преподобної матері нашої Марії Єгипетської, і всіх святих - помилує і спасе нас як благий і людинолюбний.",
Квітень,02.04,4,чт,"Прпп. Ісаакія, Далмата й Фавста","преподобного отця нашого Тита, чудотворця",ні,,,,"Священник: Господь, що гряде на вольну страсть спасіння нашого ради – Христос, істинний Бог наш, молитвами пречистої Своєї Матері, святих славних і всехвальних Апостолів, преподобних і богоносних отців наших, і святого, якого є храм, і преподобного отця нашого Тита, чудотворця, і всіх святих - помилує і спасе нас як благий і людинолюбний.","Священник: Господь, що гряде на вольну страсть спасіння нашого ради – Христос, істинний Бог наш, молитвами пречистої Своєї Матері, святих славних і всехвальних Апостолів, преподобних і богоносних отців наших, і святого, якого є храм, і преподобного отця нашого Тита, чудотворця, і всіх святих - помилує і спасе нас як благий і людинолюбний.",
Квітень,03.04,5,пт,"Свв. сімох отроків, що в Ефесі Св. прпмц. Євдокії","преподобного отця нашого й ісповідника Микити, ігумена обителі Мидикійської",ні,,,,"Священник: Христос, істинний Бог наш, що за спасіння світу витерпів знущання і катування, хрест і смерть, молитвами пречистої своєї Матері, святих славних і всехвальних апостолів, преподобних і богоносних отців наших, і святого, якого є храм, і преподобного отця нашого й ісповідника Микити, ігумена обителі Мидикійської, і всіх святих - помилує і спасе нас як благий і людинолюбний.","Священник: Христос, істинний Бог наш, що за спасіння світу витерпів знущання і катування, хрест і смерть, молитвами пречистої своєї Матері, святих славних і всехвальних апостолів, преподобних і богоносних отців наших, і святого, якого є храм, і преподобного отця нашого й ісповідника Микити, ігумена обителі Мидикійської, і всіх святих - помилує і спасе нас як благий і людинолюбний.",
Квітень,04.04,6,сб,🕃 Передсвяття Переображення Господа нашого Ісуса Христа Св. мч. Євсигнія,"преподобних отців наших Йосифа, піснописця, і Юрія, що в Малеї",ні,,,,"Священник: Христос, істинний Бог наш, що задля нас людей і нашого ради спасення волею плоттю положився у гробі і зійшов на ад - молитвами пречистої своєї Матері, і святого, якого є храм, і преподобних отців наших Йосифа, піснописця, і Юрія, що в Малеї, і всіх святих - помилує і спасе нас як благий і людинолюбний.","Священник: Христос, істинний Бог наш, що задля нас людей і нашого ради спасення волею плоттю положився у гробі і зійшов на ад - молитвами пречистої своєї Матері, і святого, якого є храм, і преподобних отців наших Йосифа, піснописця, і Юрія, що в Малеї, і всіх святих - помилує і спасе нас як благий і людинолюбний.",
Квітень,05.04,7,нд,🕀 Святе Переображення Господа Бога і Спаса нашого Ісуса Христа,"святих мучеників Теодула й Агатопода, і тих, що з ними",ні,,,,"Священник: Христос, що воскрес із мертвих, смертю смерть подолав і тим, що в гробах, життя дарував, істинний Бог наш - молитвами пречистої Своєї Матері, святих, славних і всехвальних апостолів, святого отця нашого Івана Золотоустого, архиєпископа Константинополя, і святого, якого є храм, і святих мучеників Теодула й Агатопода, і тих, що з ними, і всіх святих - помилує і спасе нас як благий і людинолюбний.","Священник: Христос, що воскрес із мертвих, смертю смерть подолав і тим, що в гробах, життя дарував, істинний Бог наш - молитвами пречистої Своєї Матері, святих, славних і всехвальних апостолів, і святого, якого є храм, і святих мучеників Теодула й Агатопода, і тих, що з ними, і всіх святих - помилує і спасе нас як благий і людинолюбний.",
Квітень,06.04,1,пн,Св. прпмч. Дометія,"переставлення святого отця нашого Методія, учителя слов’янського, якого сьогодні пам'ять світло звершуємо, святого отця нашого Євтихія, архиєпископа Царгородського",ні,,,,"Священник: Христос, що воскрес із мертвих, смертю смерть подолав і тим, що в гробах, життя дарував, істинний Бог наш - молитвами пречистої Своєї Матері, святих, славних і всехвальних апостолів, святого отця нашого Івана Золотоустого, архиєпископа Константинополя, і святого, якого є храм, і переставлення святого отця нашого Методія, учителя слов’янського, якого сьогодні пам'ять світло звершуємо, святого отця нашого Євтихія, архиєпископа Царгородського, і всіх святих - помилує і спасе нас як благий і людинолюбний.","Священник: Христос, що воскрес із мертвих, смертю смерть подолав і тим, що в гробах, життя дарував, істинний Бог наш - молитвами пречистої Своєї Матері, святих, славних і всехвальних апостолів, і святого, якого є храм, і переставлення святого отця нашого Методія, учителя слов’янського, якого сьогодні пам'ять світло звершуємо, святого отця нашого Євтихія, архиєпископа Царгородського, і всіх святих - помилує і спасе нас як благий і людинолюбний.",
Квітень,07.04,2,вв,"Св. Еміліяна, ісп., єп. Кизицького","преподобного отця нашого Юрія, єпископа Мітилинського",ні,,,,"Священник: Христос, що воскрес із мертвих, смертю смерть подолав і тим, що в гробах, життя дарував, істинний Бог наш - молитвами пречистої Своєї Матері, святих, славних і всехвальних апостолів, святого отця нашого Івана Золотоустого, архиєпископа Константинополя, і святого, якого є храм, і преподобного отця нашого Юрія, єпископа Мітилинського, і всіх святих - помилує і спасе нас як благий і людинолюбний.","Священник: Христос, що воскрес із мертвих, смертю смерть подолав і тим, що в гробах, життя дарував, істинний Бог наш - молитвами пречистої Своєї Матері, святих, славних і всехвальних апостолів, і святого, якого є храм, і преподобного отця нашого Юрія, єпископа Мітилинського, і всіх святих - помилує і спасе нас як благий і людинолюбний.",
Квітень,08.04,3,ср,Неділя 11-та по Зісланні Святого Духа. 🕂 Св. ап. Матія,"святих апостолів Іродіона, Агава, Руфа, Асинкріта, Флегонта і Єрма",ні,,,,"Священник: Христос, що воскрес із мертвих, смертю смерть подолав і тим, що в гробах, життя дарував, істинний Бог наш - молитвами пречистої Своєї Матері, святих, славних і всехвальних апостолів, святого отця нашого Івана Золотоустого, архиєпископа Константинополя, і святого, якого є храм, і святих апостолів Іродіона, Агава, Руфа, Асинкріта, Флегонта і Єрма, і всіх святих - помилує і спасе нас як благий і людинолюбний.","Священник: Христос, що воскрес із мертвих, смертю смерть подолав і тим, що в гробах, життя дарував, істинний Бог наш - молитвами пречистої Своєї Матері, святих, славних і всехвальних апостолів, і святого, якого є храм, і святих апостолів Іродіона, Агава, Руфа, Асинкріта, Флегонта і Єрма, і всіх святих - помилує і спасе нас як благий і людинолюбний.",
Квітень,09.04,4,чт,Св. мч. й архдияк. Лаврентія,святого мученика Євпсихія,ні,,,,"Священник: Христос, що воскрес із мертвих, смертю смерть подолав і тим, що в гробах, життя дарував, істинний Бог наш - молитвами пречистої Своєї Матері, святих, славних і всехвальних апостолів, святого отця нашого Івана Золотоустого, архиєпископа Константинополя, і святого, якого є храм, і святого мученика Євпсихія, і всіх святих - помилує і спасе нас як благий і людинолюбний.","Священник: Христос, що воскрес із мертвих, смертю смерть подолав і тим, що в гробах, життя дарував, істинний Бог наш - молитвами пречистої Своєї Матері, святих, славних і всехвальних апостолів, і святого, якого є храм, і святого мученика Євпсихія, і всіх святих - помилує і спасе нас як благий і людинолюбний.",
Квітень,10.04,5,пт,Св. мч. й архдияк. Євпла,"святих мучеників Терентія, Помпія і тих, що з ними",ні,,,,"Священник: Христос, що воскрес із мертвих, смертю смерть подолав і тим, що в гробах, життя дарував, істинний Бог наш - молитвами пречистої Своєї Матері, святих, славних і всехвальних апостолів, святого отця нашого Івана Золотоустого, архиєпископа Константинополя, і святого, якого є храм, і святих мучеників Терентія, Помпія і тих, що з ними, і всіх святих - помилує і спасе нас як благий і людинолюбний.","Священник: Христос, що воскрес із мертвих, смертю смерть подолав і тим, що в гробах, життя дарував, істинний Бог наш - молитвами пречистої Своєї Матері, святих, славних і всехвальних апостолів, і святого, якого є храм, і святих мучеників Терентія, Помпія і тих, що з ними, і всіх святих - помилує і спасе нас як благий і людинолюбний.",
Квітень,11.04,6,сб,Свв. мчч. Фотія й Аникити,"святого священномученика Антипи, єпископа Пергаму Азійського",ні,,,,"Священник: Христос, що воскрес із мертвих, смертю смерть подолав і тим, що в гробах, життя дарував, істинний Бог наш - молитвами пречистої Своєї Матері, святих, славних і всехвальних апостолів, святого отця нашого Івана Золотоустого, архиєпископа Константинополя, і святого, якого є храм, і святого священномученика Антипи, єпископа Пергаму Азійського, і всіх святих - помилує і спасе нас як благий і людинолюбний.","Священник: Христос, що воскрес із мертвих, смертю смерть подолав і тим, що в гробах, життя дарував, істинний Бог наш - молитвами пречистої Своєї Матері, святих, славних і всехвальних апостолів, і святого, якого є храм, і святого священномученика Антипи, єпископа Пергаму Азійського, і всіх святих - помилує і спасе нас як благий і людинолюбний.",
Квітень,12.04,7,нд,Прп. Максима Ісповідника Віддання Переображення</i>,"преподобного отця нашого й ісповідника Василія, єпископа Парійського",ні,,,,"Священник: Христос, істинний Бог наш, що прийшов до учнів замкненими дверми і Тому у вірі утвердив спасіння нашого ради - молитвами пречистої Своєї Матері, святих, славних і всехвальних апостолів, святого отця нашого Івана Золотоустого, архиєпископа Константинополя, і святого, якого є храм, і преподобного отця нашого й ісповідника Василія, єпископа Парійського, і всіх святих - помилує і спасе нас як благий і людинолюбний.","Священник: Христос, істинний Бог наш, що прийшов до учнів замкненими дверми і Тому у вірі утвердив спасіння нашого ради - молитвами пречистої Своєї Матері, святих, славних і всехвальних апостолів, і святого, якого є храм, і преподобного отця нашого й ісповідника Василія, єпископа Парійського, і всіх святих - помилує і спасе нас як благий і людинолюбний.",
Квітень,13.04,1,пн,"🕂 Перенесення чесних мощів прп. Теодосія, ігум. Печерського 🕃 Передсвяття Успіння Пресвятої Богородиці Св. прор. Міхея","святого священномученика Артемона і тих, що з ним",ні,,,,"Священник: Христос, істинний Бог наш, що прийшов до учнів замкненими дверми і Тому у вірі утвердив спасіння нашого ради - молитвами пречистої Своєї Матері, святих, славних і всехвальних апостолів, святого отця нашого Івана Золотоустого, архиєпископа Константинополя, і святого, якого є храм, і святого священномученика Артемона і тих, що з ним, і всіх святих - помилує і спасе нас як благий і людинолюбний.","Священник: Христос, істинний Бог наш, що прийшов до учнів замкненими дверми і Тому у вірі утвердив спасіння нашого ради - молитвами пречистої Своєї Матері, святих, славних і всехвальних апостолів, і святого, якого є храм, і святого священномученика Артемона і тих, що з ним, і всіх святих - помилує і спасе нас як благий і людинолюбний.",
Квітень,14.04,2,вв,🕀 Успіння Пресвятої Владичиці нашої Богородиці і Приснодіви Марії,"святого отця нашого Мартина Ісповідника, папи Римського, святих мучеників Віленських: Антонія, Івана і Євстатія",ні,,,,"Священник: Христос, істинний Бог наш, що прийшов до учнів замкненими дверми і Тому у вірі утвердив спасіння нашого ради - молитвами пречистої Своєї Матері, святих, славних і всехвальних апостолів, святого отця нашого Івана Золотоустого, архиєпископа Константинополя, і святого, якого є храм, і святого отця нашого Мартина Ісповідника, папи Римського, святих мучеників Віленських: Антонія, Івана і Євстатія, і всіх святих - помилує і спасе нас як благий і людинолюбний.","Священник: Христос, істинний Бог наш, що прийшов до учнів замкненими дверми і Тому у вірі утвердив спасіння нашого ради - молитвами пречистої Своєї Матері, святих, славних і всехвальних апостолів, і святого, якого є храм, і святого отця нашого Мартина Ісповідника, папи Римського, святих мучеників Віленських: Антонія, Івана і Євстатія, і всіх святих - помилує і спасе нас як благий і людинолюбний.",
Квітень,15.04,3,ср,"Неділя 12-та по Зісланні Святого Духа. 🕃 Перенесення з Едеси до Царгороду нерукотв. образа Господа Бога і Спаса нашого Ісуса Христа, названого святим обрусом Св. мч. Діомида","святих апостолів Аристарха, Пуда і Трофима",ні,,,,"Священник: Христос, істинний Бог наш, що прийшов до учнів замкненими дверми і Тому у вірі утвердив спасіння нашого ради - молитвами пречистої Своєї Матері, святих, славних і всехвальних апостолів, святого отця нашого Івана Золотоустого, архиєпископа Константинополя, і святого, якого є храм, і святих апостолів Аристарха, Пуда і Трофима, і всіх святих - помилує і спасе нас як благий і людинолюбний.","Священник: Христос, істинний Бог наш, що прийшов до учнів замкненими дверми і Тому у вірі утвердив спасіння нашого ради - молитвами пречистої Своєї Матері, святих, славних і всехвальних апостолів, і святого, якого є храм, і святих апостолів Аристарха, Пуда і Трофима, і всіх святих - помилує і спасе нас як благий і людинолюбний.",
Квітень,16.04,4,чт,Св. мч. Мирона,"святих мучениць-дів Агапії, Ірини й Хіонії",ні,,,,"Священник: Христос, істинний Бог наш, що прийшов до учнів замкненими дверми і Тому у вірі утвердив спасіння нашого ради - молитвами пречистої Своєї Матері, святих, славних і всехвальних апостолів, святого отця нашого Івана Золотоустого, архиєпископа Константинополя, і святого, якого є храм, і святих мучениць-дів Агапії, Ірини й Хіонії, і всіх святих - помилує і спасе нас як благий і людинолюбний.","Священник: Христос, істинний Бог наш, що прийшов до учнів замкненими дверми і Тому у вірі утвердив спасіння нашого ради - молитвами пречистої Своєї Матері, святих, славних і всехвальних апостолів, і святого, якого є храм, і святих мучениць-дів Агапії, Ірини й Хіонії, і всіх святих - помилує і спасе нас як благий і людинолюбний.",
Квітень,17.04,5,пт,🕂 Спомин освяч. Патріаршого собору Воскресіння Христового в Києві Свв. мчч. Флора й Лавра,"преподобного отця нашого Симеона, що в Персиді, преподобного отця нашого Акакія, єпископа Мелітинського",ні,,,,"Священник: Христос, істинний Бог наш, що прийшов до учнів замкненими дверми і Тому у вірі утвердив спасіння нашого ради - молитвами пречистої Своєї Матері, святих, славних і всехвальних апостолів, святого отця нашого Івана Золотоустого, архиєпископа Константинополя, і святого, якого є храм, і преподобного отця нашого Симеона, що в Персиді, преподобного отця нашого Акакія, єпископа Мелітинського, і всіх святих - помилує і спасе нас як благий і людинолюбний.","Священник: Христос, істинний Бог наш, що прийшов до учнів замкненими дверми і Тому у вірі утвердив спасіння нашого ради - молитвами пречистої Своєї Матері, святих, славних і всехвальних апостолів, і святого, якого є храм, і преподобного отця нашого Симеона, що в Персиді, преподобного отця нашого Акакія, єпископа Мелітинського, і всіх святих - помилує і спасе нас як благий і людинолюбний.",
Квітень,18.04,6,сб,"Св. мч. Андрія Стратопедарха – сотника, і тих, що з ним","преподобного отця нашого Івана, учня святого Григорія Декаполіта",ні,,,,"Священник: Христос, істинний Бог наш, що прийшов до учнів замкненими дверми і Тому у вірі утвердив спасіння нашого ради - молитвами пречистої Своєї Матері, святих, славних і всехвальних апостолів, святого отця нашого Івана Золотоустого, архиєпископа Константинополя, і святого, якого є храм, і преподобного отця нашого Івана, учня святого Григорія Декаполіта, і всіх святих - помилує і спасе нас як благий і людинолюбний.","Священник: Христос, істинний Бог наш, що прийшов до учнів замкненими дверми і Тому у вірі утвердив спасіння нашого ради - молитвами пречистої Своєї Матері, святих, славних і всехвальних апостолів, і святого, якого є храм, і преподобного отця нашого Івана, учня святого Григорія Декаполіта, і всіх святих - помилує і спасе нас як благий і людинолюбний.",
Квітень,19.04,7,нд,Св. прор. Самуїла,"преподобного отця нашого Івана, старопечерника",ні,,,,"Священник: Христос, що воскрес із мертвих, істинний Бог наш - молитвами пречистої Своєї Матері, святих, славних і всехвальних апостолів, святого отця нашого Івана Золотоустого, архиєпископа Константинополя, і святого, якого є храм, і преподобного отця нашого Івана, старопечерника, і всіх святих - помилує і спасе нас як благий і людинолюбний.","Священник: Христос, що воскрес із мертвих, істинний Бог наш - молитвами пречистої Своєї Матері, святих, славних і всехвальних апостолів, і святого, якого є храм, і преподобного отця нашого Івана, старопечерника, і всіх святих - помилує і спасе нас як благий і людинолюбний.",
Квітень,20.04,1,пн,Св. ап. Тадея Св. мц. Васси,преподобного отця нашого Теодора Трихіни,ні,,,,"Священник: Христос, що воскрес із мертвих, істинний Бог наш - молитвами пречистої Своєї Матері, святих, славних і всехвальних апостолів, святого отця нашого Івана Золотоустого, архиєпископа Константинополя, і святого, якого є храм, і преподобного отця нашого Теодора Трихіни, і всіх святих - помилує і спасе нас як благий і людинолюбний.","Священник: Христос, що воскрес із мертвих, істинний Бог наш - молитвами пречистої Своєї Матері, святих, славних і всехвальних апостолів, і святого, якого є храм, і преподобного отця нашого Теодора Трихіни, і всіх святих - помилує і спасе нас як благий і людинолюбний.",
Квітень,21.04,2,вв,"Св. мч. Агатоніка і тих, що з ним Блаж. сщмч. Симеона Лукача","святого священномученика Януарія і тих, що з ним, святого мученика Теодора, що в Пергії",ні,,,,"Священник: Христос, що воскрес із мертвих, істинний Бог наш - молитвами пречистої Своєї Матері, святих, славних і всехвальних апостолів, святого отця нашого Івана Золотоустого, архиєпископа Константинополя, і святого, якого є храм, і святого священномученика Януарія і тих, що з ним, святого мученика Теодора, що в Пергії, і всіх святих - помилує і спасе нас як благий і людинолюбний.","Священник: Христос, що воскрес із мертвих, істинний Бог наш - молитвами пречистої Своєї Матері, святих, славних і всехвальних апостолів, і святого, якого є храм, і святого священномученика Януарія і тих, що з ним, святого мученика Теодора, що в Пергії, і всіх святих - помилує і спасе нас як благий і людинолюбний.",
Квітень,22.04,3,ср,"Неділя 13-та по Зісланні Святого Духа. Св. мч. Луппа Св. сщмч. Іринея, єп. Ліонського Віддання Успіння Пресв. Богородиці</i>",преподобного отця нашого Теодора Сикеота,ні,,,,"Священник: Христос, що воскрес із мертвих, істинний Бог наш - молитвами пречистої Своєї Матері, святих, славних і всехвальних апостолів, святого отця нашого Івана Золотоустого, архиєпископа Константинополя, і святого, якого є храм, і преподобного отця нашого Теодора Сикеота, і всіх святих - помилує і спасе нас як благий і людинолюбний.","Священник: Христос, що воскрес із мертвих, істинний Бог наш - молитвами пречистої Своєї Матері, святих, славних і всехвальних апостолів, і святого, якого є храм, і преподобного отця нашого Теодора Сикеота, і всіх святих - помилує і спасе нас як благий і людинолюбний.",
Квітень,23.04,4,чт,Св. сщмч. Євтиха,"святого славного великомученика, переможця й чудотворця Юрія, якого сьогодні пам'ять світло звершуємо",ні,,,,"Священник: Христос, що воскрес із мертвих, істинний Бог наш - молитвами пречистої Своєї Матері, святих, славних і всехвальних апостолів, святого отця нашого Івана Золотоустого, архиєпископа Константинополя, і святого, якого є храм, і святого славного великомученика, переможця й чудотворця Юрія, якого сьогодні пам'ять світло звершуємо, і всіх святих - помилує і спасе нас як благий і людинолюбний.","Священник: Христос, що воскрес із мертвих, істинний Бог наш - молитвами пречистої Своєї Матері, святих, славних і всехвальних апостолів, і святого, якого є храм, і святого славного великомученика, переможця й чудотворця Юрія, якого сьогодні пам'ять світло звершуємо, і всіх святих - помилує і спасе нас як благий і людинолюбний.",
Квітень,24.04,5,пт,🕃 Повернення мощів св. ап. Вартоломея Св. ап. Тита,"святого мученика Сави Стратилата, воєводи,",ні,,,,"Священник: Христос, що воскрес із мертвих, істинний Бог наш - молитвами пречистої Своєї Матері, святих, славних і всехвальних апостолів, святого отця нашого Івана Золотоустого, архиєпископа Константинополя, і святого, якого є храм, і святого мученика Сави Стратилата, воєводи,, і всіх святих - помилує і спасе нас як благий і людинолюбний.","Священник: Христос, що воскрес із мертвих, істинний Бог наш - молитвами пречистої Своєї Матері, святих, славних і всехвальних апостолів, і святого, якого є храм, і святого мученика Сави Стратилата, воєводи,, і всіх святих - помилує і спасе нас як благий і людинолюбний.",
Квітень,25.04,6,сб,Свв. мчч. Адріана й Наталії,"святого апостола і євангелиста Марка, якого сьогодні пам'ять світло звершуємо",ні,,,,"Священник: Христос, що воскрес із мертвих, істинний Бог наш - молитвами пречистої Своєї Матері, святих, славних і всехвальних апостолів, святого отця нашого Івана Золотоустого, архиєпископа Константинополя, і святого, якого є храм, і святого апостола і євангелиста Марка, якого сьогодні пам'ять світло звершуємо, і всіх святих - помилує і спасе нас як благий і людинолюбний.","Священник: Христос, що воскрес із мертвих, істинний Бог наш - молитвами пречистої Своєї Матері, святих, славних і всехвальних апостолів, і святого, якого є храм, і святого апостола і євангелиста Марка, якого сьогодні пам'ять світло звершуємо, і всіх святих - помилує і спасе нас як благий і людинолюбний.",
Квітень,26.04,7,нд,Прп. Пімена Блаж. прпмцц. Лаврентії Герасимів і Олімпії Біди,"святого священномученика Василія, єпископа Амасійського",ні,,,,"Священник: Христос, що воскрес із мертвих, істинний Бог наш - молитвами пречистої Своєї Матері, святих, славних і всехвальних апостолів, святого отця нашого Івана Золотоустого, архиєпископа Константинополя, і святого, якого є храм, і святого священномученика Василія, єпископа Амасійського, і всіх святих - помилує і спасе нас як благий і людинолюбний.","Священник: Христос, що воскрес із мертвих, істинний Бог наш - молитвами пречистої Своєї Матері, святих, славних і всехвальних апостолів, і святого, якого є храм, і святого священномученика Василія, єпископа Амасійського, і всіх святих - помилує і спасе нас як благий і людинолюбний.",
Квітень,27.04,1,пн,"Собор прпп. отців Печерських, що споч. у дальніх печерах Прп. Мойсея Мурина Св. Августина, єп. Іппонського Св. мч. Гебре Михаїла, пресвіт. ефіопського","святого священномученика Симеона, родича Господнього, преподобного отця нашого Стефана, єпископа Володимирського",ні,,,,"Священник: Христос, що воскрес із мертвих, істинний Бог наш - молитвами пречистої Своєї Матері, святих, славних і всехвальних апостолів, святого отця нашого Івана Золотоустого, архиєпископа Константинополя, і святого, якого є храм, і святого священномученика Симеона, родича Господнього, преподобного отця нашого Стефана, єпископа Володимирського, і всіх святих - помилує і спасе нас як благий і людинолюбний.","Священник: Христос, що воскрес із мертвих, істинний Бог наш - молитвами пречистої Своєї Матері, святих, славних і всехвальних апостолів, і святого, якого є храм, і святого священномученика Симеона, родича Господнього, преподобного отця нашого Стефана, єпископа Володимирського, і всіх святих - помилує і спасе нас як благий і людинолюбний.",
Квітень,28.04,2,вв,"🕀 Усікновення чесної голови чесного і славн. прор., предтечі і хрестителя Івана","святих апостолів Ясона й Сосіпатра, святих мучеників Дади, Максима й Кинтиліана, святого отця нашого Кирила, єпископа Турівського",ні,,,,"Священник: Христос, що воскрес із мертвих, істинний Бог наш - молитвами пречистої Своєї Матері, святих, славних і всехвальних апостолів, святого отця нашого Івана Золотоустого, архиєпископа Константинополя, і святого, якого є храм, і святих апостолів Ясона й Сосіпатра, святих мучеників Дади, Максима й Кинтиліана, святого отця нашого Кирила, єпископа Турівського, і всіх святих - помилує і спасе нас як благий і людинолюбний.","Священник: Христос, що воскрес із мертвих, істинний Бог наш - молитвами пречистої Своєї Матері, святих, славних і всехвальних апостолів, і святого, якого є храм, і святих апостолів Ясона й Сосіпатра, святих мучеників Дади, Максима й Кинтиліана, святого отця нашого Кирила, єпископа Турівського, і всіх святих - помилує і спасе нас як благий і людинолюбний.",
Квітень,29.04,3,ср,"Неділя 14-та по Зісланні Святого Духа. Свв. патр. Царгородських: Олександра, Івана й Павла Нового","святих дев’ятьох мучеників, що в Кизиці, преподобного Мемнона, чудотворця",ні,,,,"Священник: Христос, що воскрес із мертвих, істинний Бог наш - молитвами пречистої Своєї Матері, святих, славних і всехвальних апостолів, святого отця нашого Івана Золотоустого, архиєпископа Константинополя, і святого, якого є храм, і святих дев’ятьох мучеників, що в Кизиці, преподобного Мемнона, чудотворця, і всіх святих - помилує і спасе нас як благий і людинолюбний.","Священник: Христос, що воскрес із мертвих, істинний Бог наш - молитвами пречистої Своєї Матері, святих, славних і всехвальних апостолів, і святого, якого є храм, і святих дев’ятьох мучеників, що в Кизиці, преподобного Мемнона, чудотворця, і всіх святих - помилує і спасе нас як благий і людинолюбний.",
Квітень,30.04,4,чт,🕂 Положення чесного пояса Пресвятої Владичиці нашої Богородиці,"святого апостола Якова, брата святого Івана Богослова, якого сьогодні пам'ять світло звершуємо",ні,,,,"Священник: Христос, що воскрес із мертвих, істинний Бог наш - молитвами пречистої Своєї Матері, святих, славних і всехвальних апостолів, святого отця нашого Івана Золотоустого, архиєпископа Константинополя, і святого, якого є храм, і святого апостола Якова, брата святого Івана Богослова, якого сьогодні пам'ять світло звершуємо, і всіх святих - помилує і спасе нас як благий і людинолюбний.","Священник: Христос, що воскрес із мертвих, істинний Бог наш - молитвами пречистої Своєї Матері, святих, славних і всехвальних апостолів, і святого, якого є храм, і святого апостола Якова, брата святого Івана Богослова, якого сьогодні пам'ять світло звершуємо, і всіх святих - помилує і спасе нас як благий і людинолюбний.",
Травень,01.05,5,пт,"🕂 Початок індикту, нового року Пам’ять прп. Симеона Стовпника і матері його Марти Собор Пресв. Богородиці, що в Міясинах","святого пророка Єремії, блаженного священномученика Климентія Шептицького, архимандрита Унівського,",ні,,,,"Священник: Христос, що воскрес із мертвих, істинний Бог наш - молитвами пречистої Своєї Матері, святих, славних і всехвальних апостолів, святого отця нашого Івана Золотоустого, архиєпископа Константинополя, і святого, якого є храм, і святого пророка Єремії, блаженного священномученика Климентія Шептицького, архимандрита Унівського,, і всіх святих - помилує і спасе нас як благий і людинолюбний.","Священник: Христос, що воскрес із мертвих, істинний Бог наш - молитвами пречистої Своєї Матері, святих, славних і всехвальних апостолів, і святого, якого є храм, і святого пророка Єремії, блаженного священномученика Климентія Шептицького, архимандрита Унівського,, і всіх святих - помилує і спасе нас як благий і людинолюбний.",
Травень,02.05,6,сб,"Св. мч. Маманта Прп. Івана Посника, патр. Царгородського","святого отця Атанасія Великого, архиєпископа Олександрійського,",ні,,,,"Священник: Христос, що воскрес із мертвих, істинний Бог наш - молитвами пречистої Своєї Матері, святих, славних і всехвальних апостолів, святого отця нашого Івана Золотоустого, архиєпископа Константинополя, і святого, якого є храм, і святого отця Атанасія Великого, архиєпископа Олександрійського,, і всіх святих - помилує і спасе нас як благий і людинолюбний.","Священник: Христос, що воскрес із мертвих, істинний Бог наш - молитвами пречистої Своєї Матері, святих, славних і всехвальних апостолів, і святого, якого є храм, і святого отця Атанасія Великого, архиєпископа Олександрійського,, і всіх святих - помилує і спасе нас як благий і людинолюбний.",
Травень,03.05,7,нд,"Св. сщмч. Антима, єп. Нікомидійського Прп. Теоктиста, співпосника вел. Євтимія","преподобного отця нашого Теодосія, ігумена монастиря Печерського, спільного життя засновника, якого сьогодні пам'ять світло звершуємо, святих мучеників Тимотея й Маври",ні,,,,"Священник: Христос, що воскрес із мертвих, істинний Бог наш - молитвами пречистої Своєї Матері, святих, славних і всехвальних апостолів, святого отця нашого Івана Золотоустого, архиєпископа Константинополя, і святого, якого є храм, і преподобного отця нашого Теодосія, ігумена монастиря Печерського, спільного життя засновника, якого сьогодні пам'ять світло звершуємо, святих мучеників Тимотея й Маври, і всіх святих - помилує і спасе нас як благий і людинолюбний.","Священник: Христос, що воскрес із мертвих, істинний Бог наш - молитвами пречистої Своєї Матері, святих, славних і всехвальних апостолів, і святого, якого є храм, і преподобного отця нашого Теодосія, ігумена монастиря Печерського, спільного життя засновника, якого сьогодні пам'ять світло звершуємо, святих мучеників Тимотея й Маври, і всіх святих - помилує і спасе нас як благий і людинолюбний.",
Травень,04.05,1,пн,"Св. сщмч. Вавили, єп. Антіохійського Св. прор. й боговидця Мойсея",святої мучениці Пелагії,ні,,,,"Священник: Христос, що воскрес із мертвих, істинний Бог наш - молитвами пречистої Своєї Матері, святих, славних і всехвальних апостолів, святого отця нашого Івана Золотоустого, архиєпископа Константинополя, і святого, якого є храм, і святої мучениці Пелагії, і всіх святих - помилує і спасе нас як благий і людинолюбний.","Священник: Христос, що воскрес із мертвих, істинний Бог наш - молитвами пречистої Своєї Матері, святих, славних і всехвальних апостолів, і святого, якого є храм, і святої мучениці Пелагії, і всіх святих - помилує і спасе нас як благий і людинолюбний.",
Травень,05.05,2,вв,"🕃 Свв. прор. Захарії та прав. Єлисавети, батьків чесного Івана Предтечі Прп. Терези з Калькутти","святої і славної мучениці Ірини, преподобного отця нашого Никифора, ігумена монастиря Мидікійського,",ні,,,,"Священник: Христос, що воскрес із мертвих, істинний Бог наш - молитвами пречистої Своєї Матері, святих, славних і всехвальних апостолів, святого отця нашого Івана Золотоустого, архиєпископа Константинополя, і святого, якого є храм, і святої і славної мучениці Ірини, преподобного отця нашого Никифора, ігумена монастиря Мидікійського,, і всіх святих - помилує і спасе нас як благий і людинолюбний.","Священник: Христос, що воскрес із мертвих, істинний Бог наш - молитвами пречистої Своєї Матері, святих, славних і всехвальних апостолів, і святого, якого є храм, і святої і славної мучениці Ірини, преподобного отця нашого Никифора, ігумена монастиря Мидікійського,, і всіх святих - помилує і спасе нас як благий і людинолюбний.",
Травень,06.05,3,ср,"Неділя 15-та по Зісланні Святого Духа. 🕃 Спогад про чудо, яке було в Колосах, тобто в Хонах, від архистр. Михаїла Св. мч. Євдоксія і тих, що з ним Прп. Архипа","святого, і праведного, і багатостраждального Йова",ні,,,,"Священник: Христос, що воскрес із мертвих, істинний Бог наш - молитвами пречистої Своєї Матері, святих, славних і всехвальних апостолів, святого отця нашого Івана Золотоустого, архиєпископа Константинополя, і святого, якого є храм, і святого, і праведного, і багатостраждального Йова, і всіх святих - помилує і спасе нас як благий і людинолюбний.","Священник: Христос, що воскрес із мертвих, істинний Бог наш - молитвами пречистої Своєї Матері, святих, славних і всехвальних апостолів, і святого, якого є храм, і святого, і праведного, і багатостраждального Йова, і всіх святих - помилує і спасе нас як благий і людинолюбний.",
Травень,07.05,4,чт,🕃 Передсвяття Різдва Пресвятої Богородиці Св. мч. Созонта,"силою чесного і животворного Хреста, якого знамення явління на небі у святому місті Єрусалимі сьогодні пам'ять звершуємо, святого мученика Акакія",ні,,,,"Священник: Христос, що воскрес із мертвих, істинний Бог наш - молитвами пречистої Своєї Матері, святих, славних і всехвальних апостолів, святого отця нашого Івана Золотоустого, архиєпископа Константинополя, і святого, якого є храм, і силою чесного і животворного Хреста, якого знамення явління на небі у святому місті Єрусалимі сьогодні пам'ять звершуємо, святого мученика Акакія, і всіх святих - помилує і спасе нас як благий і людинолюбний.","Священник: Христос, що воскрес із мертвих, істинний Бог наш - молитвами пречистої Своєї Матері, святих, славних і всехвальних апостолів, і святого, якого є храм, і силою чесного і животворного Хреста, якого знамення явління на небі у святому місті Єрусалимі сьогодні пам'ять звершуємо, святого мученика Акакія, і всіх святих - помилує і спасе нас як благий і людинолюбний.",
Травень,08.05,5,пт,🕀 Різдво Пресвятої Владичиці нашої Богородиці і Приснодіви Марії,"святого апостола і євангелиста Івана Богослова, якого сьогодні пам'ять світло звершуємо, преподобного отця нашого Арсенія Великого",ні,,,,"Священник: Христос, що воскрес із мертвих, істинний Бог наш - молитвами пречистої Своєї Матері, святих, славних і всехвальних апостолів, святого отця нашого Івана Золотоустого, архиєпископа Константинополя, і святого, якого є храм, і святого апостола і євангелиста Івана Богослова, якого сьогодні пам'ять світло звершуємо, преподобного отця нашого Арсенія Великого, і всіх святих - помилує і спасе нас як благий і людинолюбний.","Священник: Христос, що воскрес із мертвих, істинний Бог наш - молитвами пречистої Своєї Матері, святих, славних і всехвальних апостолів, і святого, якого є храм, і святого апостола і євангелиста Івана Богослова, якого сьогодні пам'ять світло звершуємо, преподобного отця нашого Арсенія Великого, і всіх святих - помилує і спасе нас як благий і людинолюбний.",
Травень,09.05,6,сб,🕃 Свв. і правв. богоотців Йоакима й Анни Св. мч. Северіана,"святого отця нашого Миколая Чудотворця з Мир до міста Барі, якого чесних мощів перенесення сьогодні пам'ять світло звершуємо, святого пророка Ісаї, святого мученика Христофора",ні,,,,"Священник: Христос, що воскрес із мертвих, істинний Бог наш - молитвами пречистої Своєї Матері, святих, славних і всехвальних апостолів, святого отця нашого Івана Золотоустого, архиєпископа Константинополя, і святого, якого є храм, і святого отця нашого Миколая Чудотворця з Мир до міста Барі, якого чесних мощів перенесення сьогодні пам'ять світло звершуємо, святого пророка Ісаї, святого мученика Христофора, і всіх святих - помилує і спасе нас як благий і людинолюбний.","Священник: Христос, що воскрес із мертвих, істинний Бог наш - молитвами пречистої Своєї Матері, святих, славних і всехвальних апостолів, і святого, якого є храм, і святого отця нашого Миколая Чудотворця з Мир до міста Барі, якого чесних мощів перенесення сьогодні пам'ять світло звершуємо, святого пророка Ісаї, святого мученика Христофора, і всіх святих - помилує і спасе нас як благий і людинолюбний.",
Травень,10.05,7,нд,"Свв. мцц. Минодори, Митродори й Німфодори","святого апостола Симона Зилота, якого сьогодні пам'ять світло звершуємо,",ні,,істинний Бог наш,"істинний Бог наш, що у славі вознісся від нас на небо і сів праворуч Бога й Отця спасіння нашого ради","Священник: Христос, що воскрес із мертвих, істинний Бог наш - молитвами пречистої Своєї Матері, святих, славних і всехвальних апостолів, святого отця нашого Івана Золотоустого, архиєпископа Константинополя, і святого, якого є храм, і святого апостола Симона Зилота, якого сьогодні пам'ять світло звершуємо,, і всіх святих - помилує і спасе нас як благий і людинолюбний.","Священник: Христос, що воскрес із мертвих, істинний Бог наш - молитвами пречистої Своєї Матері, святих, славних і всехвальних апостолів, і святого, якого є храм, і святого апостола Симона Зилота, якого сьогодні пам'ять світло звершуємо,, і всіх святих - помилує і спасе нас як благий і людинолюбний.",
Травень,11.05,1,пн,Прп. Теодори Олександрійської,"святих рівноапостольних Кирила й Методія, учителів слов’янських, яких сьогодні пам'ять світло звершуємо, святого священномученика Мокія",ні,,істинний Бог наш,"істинний Бог наш, що у славі вознісся від нас на небо і сів праворуч Бога й Отця спасіння нашого ради","Священник: Христос, що воскрес із мертвих, істинний Бог наш - молитвами пречистої Своєї Матері, святих, славних і всехвальних апостолів, святого отця нашого Івана Золотоустого, архиєпископа Константинополя, і святого, якого є храм, і святих рівноапостольних Кирила й Методія, учителів слов’янських, яких сьогодні пам'ять світло звершуємо, святого священномученика Мокія, і всіх святих - помилує і спасе нас як благий і людинолюбний.","Священник: Христос, що воскрес із мертвих, істинний Бог наш - молитвами пречистої Своєї Матері, святих, славних і всехвальних апостолів, і святого, якого є храм, і святих рівноапостольних Кирила й Методія, учителів слов’янських, яких сьогодні пам'ять світло звершуємо, святого священномученика Мокія, і всіх святих - помилує і спасе нас як благий і людинолюбний.",
Травень,12.05,2,вв,Субота перед Воздвиженям Св. сщмч. Автонома Віддання Різдва Пресв. Богородиці</i>,"святих отців наших Епіфанія, єпископа Кипрського, і Германа, патріарха Царгородського,",ні,,істинний Бог наш,"істинний Бог наш, що у славі вознісся від нас на небо і сів праворуч Бога й Отця спасіння нашого ради","Священник: Христос, що воскрес із мертвих, істинний Бог наш - молитвами пречистої Своєї Матері, святих, славних і всехвальних апостолів, святого отця нашого Івана Золотоустого, архиєпископа Константинополя, і святого, якого є храм, і святих отців наших Епіфанія, єпископа Кипрського, і Германа, патріарха Царгородського,, і всіх святих - помилує і спасе нас як благий і людинолюбний.","Священник: Христос, що воскрес із мертвих, істинний Бог наш - молитвами пречистої Своєї Матері, святих, славних і всехвальних апостолів, і святого, якого є храм, і святих отців наших Епіфанія, єпископа Кипрського, і Германа, патріарха Царгородського,, і всіх святих - помилує і спасе нас як благий і людинолюбний.",
Травень,13.05,3,ср,"Неділя перед Воздвиженям 🕃 Пам’ять оновл. храму Св. Воскресіння Христа і Бога нашого Предсвяття Воздвиження чесного й животворного Хреста Св. сщмч. Корнилія, сотника",святої мучениці Гликерії,ні,,істинний Бог наш,"істинний Бог наш, що у славі вознісся від нас на небо і сів праворуч Бога й Отця спасіння нашого ради","Священник: Христос, що воскрес із мертвих, істинний Бог наш - молитвами пречистої Своєї Матері, святих, славних і всехвальних апостолів, святого отця нашого Івана Золотоустого, архиєпископа Константинополя, і святого, якого є храм, і святої мучениці Гликерії, і всіх святих - помилує і спасе нас як благий і людинолюбний.","Священник: Христос, що воскрес із мертвих, істинний Бог наш - молитвами пречистої Своєї Матері, святих, славних і всехвальних апостолів, і святого, якого є храм, і святої мучениці Гликерії, і всіх святих - помилує і спасе нас як благий і людинолюбний.",
Травень,14.05,4,чт,🕀 Всесвітнє Воздвиження чесного й животворчого Хреста,святого мученика Ісидора,ні,,істинний Бог наш,"істинний Бог наш, що у славі вознісся від нас на небо і сів праворуч Бога й Отця спасіння нашого ради","Священник: Христос, істинний Бог наш, що у славі вознісся від нас на небо і сів праворуч Бога й Отця спасіння нашого ради - молитвами пречистої Своєї Матері, святих, славних і всехвальних апостолів, святого отця нашого Івана Золотоустого, архиєпископа Константинополя, і святого, якого є храм, і святого мученика Ісидора, і всіх святих - помилує і спасе нас як благий і людинолюбний.","Священник: Христос, істинний Бог наш, що у славі вознісся від нас на небо і сів праворуч Бога й Отця спасіння нашого ради - молитвами пречистої Своєї Матері, святих, славних і всехвальних апостолів, і святого, якого є храм, і святого мученика Ісидора, і всіх святих - помилує і спасе нас як благий і людинолюбний.",
Травень,15.05,5,пт,🕃 Св. вмч. Микити,преподобного отця нашого Пахомія Великого,ні,,істинний Бог наш,"істинний Бог наш, що у славі вознісся від нас на небо і сів праворуч Бога й Отця спасіння нашого ради","Священник: Христос, істинний Бог наш, що у славі вознісся від нас на небо і сів праворуч Бога й Отця спасіння нашого ради - молитвами пречистої Своєї Матері, святих, славних і всехвальних апостолів, святого отця нашого Івана Золотоустого, архиєпископа Константинополя, і святого, якого є храм, і преподобного отця нашого Пахомія Великого, і всіх святих - помилує і спасе нас як благий і людинолюбний.","Священник: Христос, істинний Бог наш, що у славі вознісся від нас на небо і сів праворуч Бога й Отця спасіння нашого ради - молитвами пречистої Своєї Матері, святих, славних і всехвальних апостолів, і святого, якого є храм, і преподобного отця нашого Пахомія Великого, і всіх святих - помилує і спасе нас як благий і людинолюбний.",
Травень,16.05,6,сб,🕃 Св. вмц. Євфимії всехвальної,"преподобного отця нашого Теодора Освященного, учня святого Пахомія, блаженних священномучеників Северіана Бараника, Якима Сенківського, Віталія Байрака",ні,,істинний Бог наш,"істинний Бог наш, що у славі вознісся від нас на небо і сів праворуч Бога й Отця спасіння нашого ради","Священник: Христос, істинний Бог наш, що у славі вознісся від нас на небо і сів праворуч Бога й Отця спасіння нашого ради - молитвами пречистої Своєї Матері, святих, славних і всехвальних апостолів, святого отця нашого Івана Золотоустого, архиєпископа Константинополя, і святого, якого є храм, і преподобного отця нашого Теодора Освященного, учня святого Пахомія, блаженних священномучеників Северіана Бараника, Якима Сенківського, Віталія Байрака, і всіх святих - помилує і спасе нас як благий і людинолюбний.","Священник: Христос, істинний Бог наш, що у славі вознісся від нас на небо і сів праворуч Бога й Отця спасіння нашого ради - молитвами пречистої Своєї Матері, святих, славних і всехвальних апостолів, і святого, якого є храм, і преподобного отця нашого Теодора Освященного, учня святого Пахомія, блаженних священномучеників Северіана Бараника, Якима Сенківського, Віталія Байрака, і всіх святих - помилує і спасе нас як благий і людинолюбний.",
Травень,17.05,7,нд,"Св. мц. Софії і трьох її дочок: Віри, Надії й Любові","святого апостола Андроніка і тих, що з ним, блаженного священномученика Івана Зятика",ні,,,,"Священник: Христос, істинний Бог наш, що у славі вознісся від нас на небо і сів праворуч Бога й Отця спасіння нашого ради - молитвами пречистої Своєї Матері, святих, славних і всехвальних апостолів, святого отця нашого Івана Золотоустого, архиєпископа Константинополя, і святого, якого є храм, і святого апостола Андроніка і тих, що з ним, блаженного священномученика Івана Зятика, і всіх святих - помилує і спасе нас як благий і людинолюбний.","Священник: Христос, істинний Бог наш, що у славі вознісся від нас на небо і сів праворуч Бога й Отця спасіння нашого ради - молитвами пречистої Своєї Матері, святих, славних і всехвальних апостолів, і святого, якого є храм, і святого апостола Андроніка і тих, що з ним, блаженного священномученика Івана Зятика, і всіх святих - помилує і спасе нас як благий і людинолюбний.",
Травень,18.05,1,пн,"Прп. Євменія, єп. Гортинського, чудотв.","святого мученика Теодота, що в Анкирі, святих мучеників Петра, Діонісія і тих, що з ними, святих сімох дів",ні,,,,"Священник: Христос, істинний Бог наш, що у славі вознісся від нас на небо і сів праворуч Бога й Отця спасіння нашого ради - молитвами пречистої Своєї Матері, святих, славних і всехвальних апостолів, святого отця нашого Івана Золотоустого, архиєпископа Константинополя, і святого, якого є храм, і святого мученика Теодота, що в Анкирі, святих мучеників Петра, Діонісія і тих, що з ними, святих сімох дів, і всіх святих - помилує і спасе нас як благий і людинолюбний.","Священник: Христос, істинний Бог наш, що у славі вознісся від нас на небо і сів праворуч Бога й Отця спасіння нашого ради - молитвами пречистої Своєї Матері, святих, славних і всехвальних апостолів, і святого, якого є храм, і святого мученика Теодота, що в Анкирі, святих мучеників Петра, Діонісія і тих, що з ними, святих сімох дів, і всіх святих - помилує і спасе нас як благий і людинолюбний.",
Травень,19.05,2,вв,"Субота по Воздвиженні Свв. мчч. Трофима, Савватія й Доримедонта","святого священномученика Патрикія, єпископа Пруського, і тих, що з ним,",ні,,,,"Священник: Христос, істинний Бог наш, що у славі вознісся від нас на небо і сів праворуч Бога й Отця спасіння нашого ради - молитвами пречистої Своєї Матері, святих, славних і всехвальних апостолів, святого отця нашого Івана Золотоустого, архиєпископа Константинополя, і святого, якого є храм, і святого священномученика Патрикія, єпископа Пруського, і тих, що з ним,, і всіх святих - помилує і спасе нас як благий і людинолюбний.","Священник: Христос, істинний Бог наш, що у славі вознісся від нас на небо і сів праворуч Бога й Отця спасіння нашого ради - молитвами пречистої Своєї Матері, святих, славних і всехвальних апостолів, і святого, якого є храм, і святого священномученика Патрикія, єпископа Пруського, і тих, що з ним,, і всіх святих - помилує і спасе нас як благий і людинолюбний.",
Травень,20.05,3,ср,"Неділя по Воздвиженні 🕃 Свв. мчч. та іспп. – вел. князя Михаїла та боярина його Теодора, чернігівських чудотв. 🕃 Св. вмч. Євстатія і тих, що з ним",святого мученика Талалея,ні,,істинний Бог наш,"істинний Бог наш, що в огненних язиках з неба зіслав Пресвятого Духа на святиї Своїх учнів і апостолів спасіння нашого ради","Священник: Христос, істинний Бог наш, що у славі вознісся від нас на небо і сів праворуч Бога й Отця спасіння нашого ради - молитвами пречистої Своєї Матері, святих, славних і всехвальних апостолів, святого отця нашого Івана Золотоустого, архиєпископа Константинополя, і святого, якого є храм, і святого мученика Талалея, і всіх святих - помилує і спасе нас як благий і людинолюбний.","Священник: Христос, істинний Бог наш, що у славі вознісся від нас на небо і сів праворуч Бога й Отця спасіння нашого ради - молитвами пречистої Своєї Матері, святих, славних і всехвальних апостолів, і святого, якого є храм, і святого мученика Талалея, і всіх святих - помилує і спасе нас як благий і людинолюбний.",
Травень,21.05,4,чт,"Св. ап. Кодрата, що в Магнисії Віддання Воздвиження чесного й животворного Хреста</i>","святих великих царів і рівноапостольних Константина й Олени, яких сьогодні пам'ять світло звершуємо,",ні,,істинний Бог наш,"істинний Бог наш, що в огненних язиках з неба зіслав Пресвятого Духа на святиї Своїх учнів і апостолів спасіння нашого ради","Священник: Христос, істинний Бог наш, що у славі вознісся від нас на небо і сів праворуч Бога й Отця спасіння нашого ради - молитвами пречистої Своєї Матері, святих, славних і всехвальних апостолів, святого отця нашого Івана Золотоустого, архиєпископа Константинополя, і святого, якого є храм, і святих великих царів і рівноапостольних Константина й Олени, яких сьогодні пам'ять світло звершуємо,, і всіх святих - помилує і спасе нас як благий і людинолюбний.","Священник: Христос, істинний Бог наш, що у славі вознісся від нас на небо і сів праворуч Бога й Отця спасіння нашого ради - молитвами пречистої Своєї Матері, святих, славних і всехвальних апостолів, і святого, якого є храм, і святих великих царів і рівноапостольних Константина й Олени, яких сьогодні пам'ять світло звершуємо,, і всіх святих - помилує і спасе нас як благий і людинолюбний.",
Травень,22.05,5,пт,"Св. сщмч. Фоки, єп. Синопійського Св. прор. Йони Прп. Йони, пресвіт.",святого мученика Василіска,ні,,істинний Бог наш,"істинний Бог наш, що в огненних язиках з неба зіслав Пресвятого Духа на святиї Своїх учнів і апостолів спасіння нашого ради","Священник: Христос, істинний Бог наш, що у славі вознісся від нас на небо і сів праворуч Бога й Отця спасіння нашого ради - молитвами пречистої Своєї Матері, святих, славних і всехвальних апостолів, святого отця нашого Івана Золотоустого, архиєпископа Константинополя, і святого, якого є храм, і святого мученика Василіска, і всіх святих - помилує і спасе нас як благий і людинолюбний.","Священник: Христос, істинний Бог наш, що у славі вознісся від нас на небо і сів праворуч Бога й Отця спасіння нашого ради - молитвами пречистої Своєї Матері, святих, славних і всехвальних апостолів, і святого, якого є храм, і святого мученика Василіска, і всіх святих - помилує і спасе нас як благий і людинолюбний.",
Травень,23.05,6,сб,"🕃 Зачаття чесного славн. прор., предтечі і хрестителя Господнього Івана","преподобної Євфросинії Полоцької, ігумені монастиря Святого Спаса, преподобного отця нашого й ісповідника Михаїла, єпископа Синадського,",ні,,істинний Бог наш,"істинний Бог наш, що в огненних язиках з неба зіслав Пресвятого Духа на святиї Своїх учнів і апостолів спасіння нашого ради","Священник: Христос, істинний Бог наш, що живими і мертвими володіє - молитвами пречистої Cвоєї Матері, святих славних і всехвальних апостолів, святого отця нашого Івана Золотоустого, архиєпископа Константинополя, преподобних і богоносних отців наших, і святого, якого є храм, і преподобної Євфросинії Полоцької, ігумені монастиря Святого Спаса, преподобного отця нашого й ісповідника Михаїла, єпископа Синадського,, і всіх святих - помилує і спасе нас як благий і людинолюбний.","Священник: Христос, істинний Бог наш, що живими і мертвими володіє - молитвами пречистої Cвоєї Матері, святих славних і всехвальних апостолів, преподобних і богоносних отців наших, і святого, якого є храм, і преподобної Євфросинії Полоцької, ігумені монастиря Святого Спаса, преподобного отця нашого й ісповідника Михаїла, єпископа Синадського,, і всіх святих - помилує і спасе нас як благий і людинолюбний.",
Травень,24.05,7,нд,🕃 Св. первмц. й рівноап. Теклі,"преподобного отця нашого Микити, стовпника, переяславського чудотворця, преподобного отця нашого Симеона, що на Дивній горі,",ні,,істинний Бог наш,"істинний Бог наш, що в огненних язиках з неба зіслав Пресвятого Духа на святиї Своїх учнів і апостолів спасіння нашого ради","Священник: Христос, істинний Бог наш, що в огненних язиках з неба зіслав Пресвятого Духа на святих Своїх учнів і апостолів спасіння нашого ради - молитвами пречистої Своєї Матері, святих, славних і всехвальних апостолів, святого отця нашого Івана Золотоустого, архиєпископа Константинополя, і преподобного отця нашого Микити, стовпника, переяславського чудотворця, преподобного отця нашого Симеона, що на Дивній горі,, і всіх святих - помилує і спасе нас як благий і людинолюбний.","Священник: Христос, істинний Бог наш, що в огненних язиках з неба зіслав Пресвятого Духа на святих Своїх учнів і апостолів спасіння нашого ради - молитвами пречистої Своєї Матері, святих, славних і всехвальних апостолів, і преподобного отця нашого Микити, стовпника, переяславського чудотворця, преподобного отця нашого Симеона, що на Дивній горі,, і всіх святих - помилує і спасе нас як благий і людинолюбний.",
Травень,25.05,1,пн,Прп. Євфросинії,"чéсного і слáвного прорóка, предтéчі і хрестителя Госпóднього Івáна, якóго трéтього віднáйдення чéсноï голови пáм’ять сьогóдні свíтло звéршуємо, блаженного священномученика Миколи Цегельського, пресвітера,",ні,,,,"Священник: Христос, істинний Бог наш, що в огненних язиках з неба зіслав Пресвятого Духа на святих Своїх учнів і апостолів спасіння нашого ради - молитвами пречистої Своєї Матері, святих, славних і всехвальних апостолів, святого отця нашого Івана Золотоустого, архиєпископа Константинополя, і чéсного і слáвного прорóка, предтéчі і хрестителя Госпóднього Івáна, якóго трéтього віднáйдення чéсноï голови пáм’ять сьогóдні свíтло звéршуємо, блаженного священномученика Миколи Цегельського, пресвітера,, і всіх святих - помилує і спасе нас як благий і людинолюбний.","Священник: Христос, істинний Бог наш, що в огненних язиках з неба зіслав Пресвятого Духа на святих Своїх учнів і апостолів спасіння нашого ради - молитвами пречистої Своєї Матері, святих, славних і всехвальних апостолів, і чéсного і слáвного прорóка, предтéчі і хрестителя Госпóднього Івáна, якóго трéтього віднáйдення чéсноï голови пáм’ять сьогóдні свíтло звéршуємо, блаженного священномученика Миколи Цегельського, пресвітера,, і всіх святих - помилує і спасе нас як благий і людинолюбний.",
Травень,26.05,2,вв,🕁 Переставл. св. ап. і єв. Івана Богослова,"святого апостола Карпа, одного із сімдесятьох,",ні,,,,"Священник: Христос, істинний Бог наш, що в огненних язиках з неба зіслав Пресвятого Духа на святих Своїх учнів і апостолів спасіння нашого ради - молитвами пречистої Своєї Матері, святих, славних і всехвальних апостолів, святого отця нашого Івана Золотоустого, архиєпископа Константинополя, і святого апостола Карпа, одного із сімдесятьох,, і всіх святих - помилує і спасе нас як благий і людинолюбний.","Священник: Христос, істинний Бог наш, що в огненних язиках з неба зіслав Пресвятого Духа на святих Своїх учнів і апостолів спасіння нашого ради - молитвами пречистої Своєї Матері, святих, славних і всехвальних апостолів, і святого апостола Карпа, одного із сімдесятьох,, і всіх святих - помилує і спасе нас як благий і людинолюбний.",
Травень,27.05,3,ср,"Неділя 18-та по Зісланні Святого Духа. Св. мч. Калістрата і тих, що з ним Прп. Ніла, основника й ігум. монастиря Гроттаферратського",святого священномученика Терапонта,ні,,,,"Священник: Христос, істинний Бог наш, що в огненних язиках з неба зіслав Пресвятого Духа на святих Своїх учнів і апостолів спасіння нашого ради - молитвами пречистої Своєї Матері, святих, славних і всехвальних апостолів, святого отця нашого Івана Золотоустого, архиєпископа Константинополя, і святого священномученика Терапонта, і всіх святих - помилує і спасе нас як благий і людинолюбний.","Священник: Христос, істинний Бог наш, що в огненних язиках з неба зіслав Пресвятого Духа на святих Своїх учнів і апостолів спасіння нашого ради - молитвами пречистої Своєї Матері, святих, славних і всехвальних апостолів, і святого священномученика Терапонта, і всіх святих - помилує і спасе нас як благий і людинолюбний.",
Травень,28.05,4,чт,"🕂 Прп. й ісп. Харитона Св. мц. Людмили і св. В’ячеслава, князя чеського Собор прпп. отців Печерських, що споч. у бл. печерах прп. Антонія Блаж. сщмч. Никити Будки, єп.","преподобного отця нашого Микити, єпископа Халкедонського,",ні,,,,"Священник: Христос, істинний Бог наш, що в огненних язиках з неба зіслав Пресвятого Духа на святих Своїх учнів і апостолів спасіння нашого ради - молитвами пречистої Своєї Матері, святих, славних і всехвальних апостолів, святого отця нашого Івана Золотоустого, архиєпископа Константинополя, і преподобного отця нашого Микити, єпископа Халкедонського,, і всіх святих - помилує і спасе нас як благий і людинолюбний.","Священник: Христос, істинний Бог наш, що в огненних язиках з неба зіслав Пресвятого Духа на святих Своїх учнів і апостолів спасіння нашого ради - молитвами пречистої Своєї Матері, святих, славних і всехвальних апостолів, і преподобного отця нашого Микити, єпископа Халкедонського,, і всіх святих - помилує і спасе нас як благий і людинолюбний.",
Травень,29.05,5,пт,"🕃 Прп. Киріака, самітника","святої преподобномучениці Теодосії, діви,",ні,,,,"Священник: Христос, істинний Бог наш, що в огненних язиках з неба зіслав Пресвятого Духа на святих Своїх учнів і апостолів спасіння нашого ради - молитвами пречистої Своєї Матері, святих, славних і всехвальних апостолів, святого отця нашого Івана Золотоустого, архиєпископа Константинополя, і святої преподобномучениці Теодосії, діви,, і всіх святих - помилує і спасе нас як благий і людинолюбний.","Священник: Христос, істинний Бог наш, що в огненних язиках з неба зіслав Пресвятого Духа на святих Своїх учнів і апостолів спасіння нашого ради - молитвами пречистої Своєї Матері, святих, славних і всехвальних апостолів, і святої преподобномучениці Теодосії, діви,, і всіх святих - помилує і спасе нас як благий і людинолюбний.",
Травень,30.05,6,сб,"🕃 Св. сщмч. Григорія, єп. Великої Вірменії","преподобного отця нашого Ісаакія, ігумена обителі Далматської,",ні,,,,"Священник: Христос, істинний Бог наш, що в огненних язиках з неба зіслав Пресвятого Духа на святих Своїх учнів і апостолів спасіння нашого ради - молитвами пречистої Своєї Матері, святих, славних і всехвальних апостолів, святого отця нашого Івана Золотоустого, архиєпископа Константинополя, і преподобного отця нашого Ісаакія, ігумена обителі Далматської,, і всіх святих - помилує і спасе нас як благий і людинолюбний.","Священник: Христос, істинний Бог наш, що в огненних язиках з неба зіслав Пресвятого Духа на святих Своїх учнів і апостолів спасіння нашого ради - молитвами пречистої Своєї Матері, святих, славних і всехвальних апостолів, і преподобного отця нашого Ісаакія, ігумена обителі Далматської,, і всіх святих - помилує і спасе нас як благий і людинолюбний.",
Травень,31.05,7,нд,"🕀 Покров Пресвятої Богородиці Св. ап. Ананії, одного із сімдесятьох Прп. Романа Сладкопівця","святого апостола Єрмія, святого мученика Єрмея",ні,,,,"Священник: Христос, що воскрес із мертвих, істинний Бог наш - молитвами пречистої Своєї Матері, святих славних і всехвальних апостолів, святого отця нашого Івана Золотоустого, архиєпископа Константинополя, і святого, якого є храм, і святого апостола Єрмія, святого мученика Єрмея, і всіх святих - помилує і спасе нас як благий і людинолюбний.","Священник: Христос, що воскрес із мертвих, істинний Бог наш - молитвами пречистої Своєї Матері, святих славних і всехвальних апостолів, і святого, якого є храм, і святого апостола Єрмія, святого мученика Єрмея, і всіх святих - помилує і спасе нас як благий і людинолюбний.",
Червень,01.06,1,пн,"🕃 Св. сщмч. Кипріана Св. мц. Юстини Св. Андрія, Христа ради юродивого","святого мученика Юстина, філософа, і тих, що з ним",ні,,,,"Священник: Христос, істинний Бог наш - молитвами пречистої Своєї Матері, заступництвом чесних небесних сил безтілесних, святих славних і всехвальних апостолів, святого отця нашого Івана Золотоустого, архиєпископа Константинополя, і святого, якого є храм, і святого мученика Юстина, філософа, і тих, що з ним, і всіх святих - помилує і спасе нас як благий і людинолюбний.","Священник: Христос, істинний Бог наш - молитвами пречистої Своєї Матері, заступництвом чесних небесних сил безтілесних, святих славних і всехвальних апостолів, і святого, якого є храм, і святого мученика Юстина, філософа, і тих, що з ним, і всіх святих - помилує і спасе нас як благий і людинолюбний.",
Червень,02.06,2,вв,🕃 Св. сщмч. Діонісія Ареопагіта,"святого отця нашого Никифора, ісповідника",ні,,,,"Священник: Христос, істинний Бог наш - молитвами пречистої Своєї Матері, чесного і славного пророка, предтечі і хрестителя Івана, святих славних і всехвальних апостолів, святого отця нашого Івана Золотоустого, архиєпископа Константинополя, і святого, якого є храм, і святого отця нашого Никифора, ісповідника, і всіх святих - помилує і спасе нас як благий і людинолюбний.","Священник: Христос, істинний Бог наш - молитвами пречистої Своєї Матері, чесного і славного пророка, предтечі і хрестителя Івана, святих славних і всехвальних апостолів, і святого, якого є храм, і святого отця нашого Никифора, ісповідника, і всіх святих - помилує і спасе нас як благий і людинолюбний.",
Червень,03.06,3,ср,"Неділя 19-та по Зісланні Святого Духа. Св. сщмч. Єротея, єп. Атенського Прп. Франциска Асизького","святого мученика Лукиліяна і тих, що з ним",ні,,,,"Священник: Христос, істинний Бог наш - молитвами пречистої Своєї Матері, силою чесного і животворчого хреста, заступництвом святих славних і всехвальних апостолів, святого отця нашого Івана Золотоустого, архиєпископа Константинополя, і святого, якого є храм, і святого мученика Лукиліяна і тих, що з ним, і всіх святих - помилує і спасе нас як благий і людинолюбний.","Священник: Христос, істинний Бог наш - молитвами пречистої Своєї Матері, силою чесного і животворчого хреста, заступництвом святих славних і всехвальних апостолів, і святого, якого є храм, і святого мученика Лукиліяна і тих, що з ним, і всіх святих - помилує і спасе нас як благий і людинолюбний.",
Червень,04.06,4,чт,Св. мц. Харитини,"святого отця нашого Митрофана, патріарха Царгородського",так,свято,,,"Священник: Христос, істинний Бог наш, що ради превеликої любови дав нам Тіло Своє їсти і Кров Свою істинну пити на спасіння наше - молитвами пречистої Своєї Матері, святих, славних і всехвальних апостолів, святого отця нашого Івана Золотоустого, архиєпископа Константинополя, і святого отця нашого Митрофана, патріарха Царгородського, і всіх святих - помилує і спасе нас як благий і людинолюбний.","Священник: Христос, істинний Бог наш, що ради превеликої любови дав нам Тіло Своє їсти і Кров Свою істинну пити на спасіння наше - молитвами пречистої Своєї Матері, святих, славних і всехвальних апостолів, і святого отця нашого Митрофана, патріарха Царгородського, і всіх святих - помилує і спасе нас як благий і людинолюбний.",
Червень,05.06,5,пт,🕂 Св. і славн. ап. Томи,"святого священномученика Доротея, єпископа Тирського, святого мученика Косми, пресвітера вірменського",ні,,,,"Священник: Христос, істинний Бог наш - молитвами пречистої Своєї Матері, силою чесного і животворчого хреста, заступництвом святих славних і всехвальних апостолів, святого отця нашого Івана Золотоустого, архиєпископа Константинополя, і святого, якого є храм, і святого священномученика Доротея, єпископа Тирського, святого мученика Косми, пресвітера вірменського, і всіх святих - помилує і спасе нас як благий і людинолюбний.","Священник: Христос, істинний Бог наш - молитвами пречистої Своєї Матері, силою чесного і животворчого хреста, заступництвом святих славних і всехвальних апостолів, і святого, якого є храм, і святого священномученика Доротея, єпископа Тирського, святого мученика Косми, пресвітера вірменського, і всіх святих - помилує і спасе нас як благий і людинолюбний.",
Червень,06.06,6,сб,🕃 Свв. мчч. Сергія і Вакха,"преподобного отця нашого Висаріона, чудотворця, преподобного Іларіона Нового, ігумена Далматської обителі, ісповідника",ні,,,,"Священник: Христос, істинний Бог наш - молитвами пречистої Своєї Матері, силою чесного і животворчого Хреста, заступництвом чесних небесних сил безтілесних, чесного і славного пророка, предтечі і хрестителя Івана, святих славних і всехвальних апостолів, святого отця нашого Миколая, архиєпископа Мир Ликійських, чудотворця, святих славних і переможних мучеників, преподобних і богоносних отців наших, святого отця нашого Івана Золотоустого, архиєпископа Константинополя, святих і праведних богоотців Йоакима й Анни, і святого, якого є храм, і преподобного отця нашого Висаріона, чудотворця, преподобного Іларіона Нового, ігумена Далматської обителі, ісповідника, і всіх святих - помилує і спасе нас як благий і людинолюбний.","Священник: Христос, істинний Бог наш - молитвами пречистої Своєї Матері, силою чесного і животворчого Хреста, заступництвом чесних небесних сил безтілесних, чесного і славного пророка, предтечі і хрестителя Івана, святих славних і всехвальних апостолів, святого отця нашого Миколая, архиєпископа Мир Ликійських, чудотворця, святих славних і переможних мучеників, преподобних і богоносних отців наших, святих і праведних богоотців Йоакима й Анни, і святого, якого є храм, і преподобного отця нашого Висаріона, чудотворця, преподобного Іларіона Нового, ігумена Далматської обителі, ісповідника, і всіх святих - помилує і спасе нас як благий і людинолюбний.",
Червень,07.06,7,нд,Прп. Пелагії,"святого священномученика Теодота (Богдана), єпископа Анкирського",ні,,,,"Священник: Священник: Христос, що воскрес із мертвих, істинний Бог наш - молитвами пречистої Своєї Матері, святих славних і всехвальних апостолів, всіх святих українського народу, святого отця нашого Івана Золотоустого, архиєпископа Константинополя, і святого священномученика Теодота (Богдана), єпископа Анкирського, і всіх святих - помилує і спасе нас як благий і людинолюбний.","Священник: Священник: Христос, що воскрес із мертвих, істинний Бог наш - молитвами пречистої Своєї Матері, святих славних і всехвальних апостолів, всіх святих українського народу, і святого священномученика Теодота (Богдана), єпископа Анкирського, і всіх святих - помилує і спасе нас як благий і людинолюбний.",
Червень,08.06,1,пн,🕂 Св. ап. Якова Алфеєвого Прп. Андроніка і дружини його Атанасії,"святого великомученика Теодора Стратилата, що його перенесення мощів сьогодні пам'ять звершуємо",ні,,,,"Священник: Христос, істинний Бог наш - молитвами пречистої Своєї Матері, заступництвом чесних небесних сил безтілесних, святих славних і всехвальних апостолів, святого отця нашого Івана Золотоустого, архиєпископа Константинополя, і святого, якого є храм, і святого великомученика Теодора Стратилата, що його перенесення мощів сьогодні пам'ять звершуємо, і всіх святих - помилує і спасе нас як благий і людинолюбний.","Священник: Христос, істинний Бог наш - молитвами пречистої Своєї Матері, заступництвом чесних небесних сил безтілесних, святих славних і всехвальних апостолів, і святого, якого є храм, і святого великомученика Теодора Стратилата, що його перенесення мощів сьогодні пам'ять звершуємо, і всіх святих - помилує і спасе нас як благий і людинолюбний.",
Червень,09.06,2,вв,Свв. мчч. Євлампія і Євлампії,"святого отця нашого Кирила, архиєпископа Олександрійського",ні,,,,"Священник: Христос, істинний Бог наш - молитвами пречистої Своєї Матері, чесного і славного пророка, предтечі і хрестителя Івана, святих славних і всехвальних апостолів, святого отця нашого Івана Золотоустого, архиєпископа Константинополя, і святого, якого є храм, і святого отця нашого Кирила, архиєпископа Олександрійського, і всіх святих - помилує і спасе нас як благий і людинолюбний.","Священник: Христос, істинний Бог наш - молитвами пречистої Своєї Матері, чесного і славного пророка, предтечі і хрестителя Івана, святих славних і всехвальних апостолів, і святого, якого є храм, і святого отця нашого Кирила, архиєпископа Олександрійського, і всіх святих - помилує і спасе нас як благий і людинолюбний.",
Червень,10.06,3,ср,"Неділя 19-та, cвятих отців Сьомого Вселенського Собору. Св. ап. Филипа, одного із семи дияконів Прп. Теофана Начертанного, єп. Нікейського і творця канонів","святого священномученика Тимотея, єпископа Пруського",ні,,,,"Священник: Христос, істинний Бог наш - молитвами пречистої Своєї Матері, силою чесного і животворчого хреста, заступництвом святих славних і всехвальних апостолів, святого отця нашого Івана Золотоустого, архиєпископа Константинополя, і святого, якого є храм, і святого священномученика Тимотея, єпископа Пруського, і всіх святих - помилує і спасе нас як благий і людинолюбний.","Священник: Христос, істинний Бог наш - молитвами пречистої Своєї Матері, силою чесного і животворчого хреста, заступництвом святих славних і всехвальних апостолів, і святого, якого є храм, і святого священномученика Тимотея, єпископа Пруського, і всіх святих - помилує і спасе нас як благий і людинолюбний.",
Червень,11.06,4,чт,"Свв. мчч. Прова, Тараха й Андроніка Прп. Косми Святоградця, єп. Маюмського і творця канонів Пам’ять св. Мартина Милостивого, єп. Турського","святих апостолів Вартоломея й Варнави, яких сьогодні пам'ять світло звершуємо",так,свято,,,"Священник: Христос, істинний Бог наш - молитвами пречистої Своєї Матері, святих славних і всехвальних апостолів, святого отця нашого Івана Золотоустого, архиєпископа Константинополя, і святого, якого є храм, і святих апостолів Вартоломея й Варнави, яких сьогодні пам'ять світло звершуємо, і всіх святих - помилує і спасе нас як благий і людинолюбний.","Священник: Христос, істинний Бог наш - молитвами пречистої Своєї Матері, святих славних і всехвальних апостолів, і святого, якого є храм, і святих апостолів Вартоломея й Варнави, яких сьогодні пам'ять світло звершуємо, і всіх святих - помилує і спасе нас як благий і людинолюбний.","Христос, істинний Бог наш - молитвами пречистої Своєї Матері, святих славних і всехвальних апостолів, святого отця нашого Івана Золотоустого, архиєпископа Константинополя, і святого, якого є храм,"
Червень,12.06,5,пт,"Свв. мчч. Карпа, Папили й Агатоніки","преподобного отця нашого Онуфрія Великого, преподобного отця нашого Петра Афонського",так,свято,,,"Священник: Христос, істинний Бог наш, що зволив дати списом серце Своє на хресті пробити і любов Свою до нас до кінця показати - молитвами пречистої Своєї Матері, святих, славних і всехвальних апостолів, святого отця нашого Івана Золотоустого, архиєпископа Константинополя, і преподобного отця нашого Онуфрія Великого, преподобного отця нашого Петра Афонського, і всіх святих - помилує і спасе нас як благий і людинолюбний.","Священник: Христос, істинний Бог наш, що зволив дати списом серце Своє на хресті пробити і любов Свою до нас до кінця показати - молитвами пречистої Своєї Матері, святих, славних і всехвальних апостолів, і преподобного отця нашого Онуфрія Великого, преподобного отця нашого Петра Афонського, і всіх святих - помилує і спасе нас як благий і людинолюбний.",
Червень,13.06,6,сб,"Свв. мчч. Назарія, Гервасія, Протасія й Келсія 🕃 Прп. Параскеви Терновської Блаж. сщмч. Романа Лиска, пресвіт.","святої мучениці Акилини, святого Трифилія, єпископа Левкусії Кипрської, преподобного отця нашого Антонія Падуанського",ні,,,,"Священник: Христос, істинний Бог наш - молитвами пречистої Своєї Матері, силою чесного і животворчого Хреста, заступництвом чесних небесних сил безтілесних, чесного і славного пророка, предтечі і хрестителя Івана, святих славних і всехвальних апостолів, святого отця нашого Миколая, архиєпископа Мир Ликійських, чудотворця, святих славних і переможних мучеників, преподобних і богоносних отців наших, святого отця нашого Івана Золотоустого, архиєпископа Константинополя, святих і праведних богоотців Йоакима й Анни, і святого, якого є храм, і святої мучениці Акилини, святого Трифилія, єпископа Левкусії Кипрської, преподобного отця нашого Антонія Падуанського, і всіх святих - помилує і спасе нас як благий і людинолюбний.","Священник: Христос, істинний Бог наш - молитвами пречистої Своєї Матері, силою чесного і животворчого Хреста, заступництвом чесних небесних сил безтілесних, чесного і славного пророка, предтечі і хрестителя Івана, святих славних і всехвальних апостолів, святого отця нашого Миколая, архиєпископа Мир Ликійських, чудотворця, святих славних і переможних мучеників, преподобних і богоносних отців наших, святих і праведних богоотців Йоакима й Анни, і святого, якого є храм, і святої мучениці Акилини, святого Трифилія, єпископа Левкусії Кипрської, преподобного отця нашого Антонія Падуанського, і всіх святих - помилує і спасе нас як благий і людинолюбний.",
Червень,14.06,7,нд,"Прп. Євтимія Нового Св. прпмч. Лук’яна, пресвіт. Великої Антіохії","святого пророка Єлисея, святого отця нашого Методія, патріарха Царгородського",ні,,,,"Священник: Христос, що воскрес із мертвих, істинний Бог наш - молитвами пречистої Своєї Матері, святих славних і всехвальних апостолів, святого отця нашого Івана Золотоустого, архиєпископа Константинополя, і святого, якого є храм, і святого пророка Єлисея, святого отця нашого Методія, патріарха Царгородського, і всіх святих - помилує і спасе нас як благий і людинолюбний.","Священник: Христос, що воскрес із мертвих, істинний Бог наш - молитвами пречистої Своєї Матері, святих славних і всехвальних апостолів, і святого, якого є храм, і святого пророка Єлисея, святого отця нашого Методія, патріарха Царгородського, і всіх святих - помилує і спасе нас як благий і людинолюбний.",
Червень,15.06,1,пн,"Св. мч. Лонгина, сотника","святого пророка Амоса, преподобного Єроніма, пресвітера Стридонського",ні,,,,"Священник: Христос, істинний Бог наш - молитвами пречистої Своєї Матері, заступництвом чесних небесних сил безтілесних, святих славних і всехвальних апостолів, святого отця нашого Івана Золотоустого, архиєпископа Константинополя, і святого, якого є храм, і святого пророка Амоса, преподобного Єроніма, пресвітера Стридонського, і всіх святих - помилує і спасе нас як благий і людинолюбний.","Священник: Христос, істинний Бог наш - молитвами пречистої Своєї Матері, заступництвом чесних небесних сил безтілесних, святих славних і всехвальних апостолів, і святого, якого є храм, і святого пророка Амоса, преподобного Єроніма, пресвітера Стридонського, і всіх святих - помилує і спасе нас як благий і людинолюбний.",
Червень,16.06,2,вв,Св. прор. Осії Св. прпмч. Андрія Критського,святого отця нашого і чудотворця Тихона Аматунтського,ні,,,,"Священник: Христос, істинний Бог наш - молитвами пречистої Своєї Матері, чесного і славного пророка, предтечі і хрестителя Івана, святих славних і всехвальних апостолів, святого отця нашого Івана Золотоустого, архиєпископа Константинополя, і святого, якого є храм, і святого отця нашого і чудотворця Тихона Аматунтського, і всіх святих - помилує і спасе нас як благий і людинолюбний.","Священник: Христос, істинний Бог наш - молитвами пречистої Своєї Матері, чесного і славного пророка, предтечі і хрестителя Івана, святих славних і всехвальних апостолів, і святого, якого є храм, і святого отця нашого і чудотворця Тихона Аматунтського, і всіх святих - помилує і спасе нас як благий і людинолюбний.",
Червень,17.06,3,ср,Неділя 21-ша по Зісланні Святого Духа. 🕂 Св. ап. і єв. Луки,"святих мучеників Мануїла, Савела й Ісмаїла, преподобного отця нашого Іпатія, ігумена Руфеніанського",ні,,,,"Священник: Христос, істинний Бог наш - молитвами пречистої Своєї Матері, силою чесного і животворчого хреста, заступництвом святих славних і всехвальних апостолів, святого отця нашого Івана Золотоустого, архиєпископа Константинополя, і святого, якого є храм, і святих мучеників Мануїла, Савела й Ісмаїла, преподобного отця нашого Іпатія, ігумена Руфеніанського, і всіх святих - помилує і спасе нас як благий і людинолюбний.","Священник: Христос, істинний Бог наш - молитвами пречистої Своєї Матері, силою чесного і животворчого хреста, заступництвом святих славних і всехвальних апостолів, і святого, якого є храм, і святих мучеників Мануїла, Савела й Ісмаїла, преподобного отця нашого Іпатія, ігумена Руфеніанського, і всіх святих - помилує і спасе нас як благий і людинолюбний.",
Червень,18.06,4,чт,Св. прор. Йоїла Св. мч. Уара 🕃 Прп. Івана Рильського,святого мученика Леонтія,ні,,,,"Священник: Христос, істинний Бог наш - молитвами пречистої Своєї Матері, святих славних і всехвальних апостолів, святого отця нашого Миколая, архиєпископа Мир Ликійських, чудотворця, святого отця нашого Івана Золотоустого, архиєпископа Константинополя, і святого, якого є храм, і святого мученика Леонтія, і всіх святих - помилує і спасе нас як благий і людинолюбний.","Священник: Христос, істинний Бог наш - молитвами пречистої Своєї Матері, святих славних і всехвальних апостолів, святого отця нашого Миколая, архиєпископа Мир Ликійських, чудотворця, і святого, якого є храм, і святого мученика Леонтія, і всіх святих - помилує і спасе нас як благий і людинолюбний.",
Червень,19.06,5,пт,🕃 Св. вмч. Артемія,"святого апостола Юди, брата Господнього, якого сьогодні пам'ять світло звершуємо",так,свято,,,"Священник: Христос, істинний Бог наш - молитвами пречистої Своєї Матері, святих славних і всехвальних апостолів, святого отця нашого Івана Золотоустого, архиєпископа Константинополя, і святого, якого є храм, і святого апостола Юди, брата Господнього, якого сьогодні пам'ять світло звершуємо, і всіх святих - помилує і спасе нас як благий і людинолюбний.","Священник: Христос, істинний Бог наш - молитвами пречистої Своєї Матері, святих славних і всехвальних апостолів, і святого, якого є храм, і святого апостола Юди, брата Господнього, якого сьогодні пам'ять світло звершуємо, і всіх святих - помилує і спасе нас як благий і людинолюбний.","Христос, істинний Бог наш - молитвами пречистої Своєї Матері, святих славних і всехвальних апостолів, святого отця нашого Івана Золотоустого, архиєпископа Константинополя, і святого, якого є храм,"
Червень,20.06,6,сб,🕃 Прп. Іларіона Великого,"святого священномученика Методія, єпископа Патарського",ні,,,,"Священник: Христос, істинний Бог наш - молитвами пречистої Своєї Матері, силою чесного і животворчого Хреста, заступництвом чесних небесних сил безтілесних, чесного і славного пророка, предтечі і хрестителя Івана, святих славних і всехвальних апостолів, святого отця нашого Миколая, архиєпископа Мир Ликійських, чудотворця, святих славних і переможних мучеників, преподобних і богоносних отців наших, святого отця нашого Івана Золотоустого, архиєпископа Константинополя, святих і праведних богоотців Йоакима й Анни, і святого, якого є храм, і святого священномученика Методія, єпископа Патарського, і всіх святих - помилує і спасе нас як благий і людинолюбний.","Священник: Христос, істинний Бог наш - молитвами пречистої Своєї Матері, силою чесного і животворчого Хреста, заступництвом чесних небесних сил безтілесних, чесного і славного пророка, предтечі і хрестителя Івана, святих славних і всехвальних апостолів, святого отця нашого Миколая, архиєпископа Мир Ликійських, чудотворця, святих славних і переможних мучеників, преподобних і богоносних отців наших, святих і праведних богоотців Йоакима й Анни, і святого, якого є храм, і святого священномученика Методія, єпископа Патарського, і всіх святих - помилує і спасе нас як благий і людинолюбний.",
Червень,21.06,7,нд,"Св. Івана Павла ІІ, папи Св. рівноап. Аверкія, єп. Єрапольського, чудотв. Свв. сімох отроків, що в Ефесі",святого мученика Юліана Тарсійського,ні,,,,"Священник: Христос, що воскрес із мертвих, істинний Бог наш - молитвами пречистої Своєї Матері, святих славних і всехвальних апостолів, святого отця нашого Івана Золотоустого, архиєпископа Константинополя, і святого, якого є храм, і святого мученика Юліана Тарсійського, і всіх святих - помилує і спасе нас як благий і людинолюбний.","Священник: Христос, що воскрес із мертвих, істинний Бог наш - молитвами пречистої Своєї Матері, святих славних і всехвальних апостолів, і святого, якого є храм, і святого мученика Юліана Тарсійського, і всіх святих - помилує і спасе нас як благий і людинолюбний.",
Червень,22.06,1,пн,"🕃 Св. ап. Якова, брата Господнього","святого священномученика Євсевія, єпископа Самосатського",ні,,,,"Священник: Христос, істинний Бог наш - молитвами пречистої Своєї Матері, заступництвом чесних небесних сил безтілесних, святих славних і всехвальних апостолів, святого отця нашого Івана Золотоустого, архиєпископа Константинополя, і святого, якого є храм, і святого священномученика Євсевія, єпископа Самосатського, і всіх святих - помилує і спасе нас як благий і людинолюбний.","Священник: Христос, істинний Бог наш - молитвами пречистої Своєї Матері, заступництвом чесних небесних сил безтілесних, святих славних і всехвальних апостолів, і святого, якого є храм, і святого священномученика Євсевія, єпископа Самосатського, і всіх святих - помилує і спасе нас як благий і людинолюбний.",
Червень,23.06,2,вв,"Св. мч. Арети і тих, що з ним",святої мучениці Агрипіни,ні,,,,"Священник: Христос, істинний Бог наш - молитвами пречистої Своєї Матері, чесного і славного пророка, предтечі і хрестителя Івана, святих славних і всехвальних апостолів, святого отця нашого Івана Золотоустого, архиєпископа Константинополя, і святого, якого є храм, і святої мучениці Агрипіни, і всіх святих - помилує і спасе нас як благий і людинолюбний.","Священник: Христос, істинний Бог наш - молитвами пречистої Своєї Матері, чесного і славного пророка, предтечі і хрестителя Івана, святих славних і всехвальних апостолів, і святого, якого є храм, і святої мучениці Агрипіни, і всіх святих - помилує і спасе нас як благий і людинолюбний.",
Червень,24.06,3,ср,Неділя 22-га по Зісланні Святого Духа. Свв. мчч. і нотарів Маркіяна й Мартирія,,так,свято,,,"Священник: Христос, істинний Бог наш - молитвами пречистої Своєї Матері, чесного і славного пророка, предтечі і христителя Господнього Івана, якого свято різдва сьогодні світло звершуємо, святого отця нашого Івана Золотоустого, архиєпископа Константинополя, і всіх святих - помилує і спасе нас як благий і людинолюбний.","Священник: Христос, істинний Бог наш - молитвами пречистої Своєї Матері, чесного і славного пророка, предтечі і христителя Господнього Івана, якого свято різдва сьогодні світло звершуємо, і всіх святих - помилує і спасе нас як благий і людинолюбний.","Христос, істинний Бог наш - молитвами пречистої Своєї Матері, чесного і славного пророка, предтечі і христителя Господнього Івана, якого свято різдва сьогодні світло звершуємо, святого отця нашого Івана Золотоустого, архиєпископа Константинополя,"
Червень,25.06,4,чт,🕁 Св. і славн. вмч. Димитрія Мироточця</i>,святої преподобномучениці Февронії,так,посвяття,,,"Священник: Христос, істинний Бог наш - молитвами пречистої Своєї Матері, чесного і славного пророка, предтечі і христителя Господнього Івана, якого свято різдва звершуємо, святого отця нашого Івана Золотоустого, архиєпископа Константинополя, і святої преподобномучениці Февронії, і всіх святих - помилує і спасе нас як благий і людинолюбний.","Священник: Христос, істинний Бог наш - молитвами пречистої Своєї Матері, чесного і славного пророка, предтечі і христителя Господнього Івана, якого свято різдва звершуємо, і святої преподобномучениці Февронії, і всіх святих - помилує і спасе нас як благий і людинолюбний.","Христос, істинний Бог наш - молитвами пречистої Своєї Матері, чесного і славного пророка, предтечі і христителя Господнього Івана, якого свято різдва сьогодні світло звершуємо, святого отця нашого Івана Золотоустого, архиєпископа Константинополя, "
Червень,26.06,5,пт,Св. мч. Нестора Свв. мцц. Капетоліни і рабині її Єротиїди,"преподобного отця нашого Давида, що в Солуні, блаженного священномученика Андрія Іщака, пресвітера, блаженних священномученика Миколи Конрада, пресвітера, і мученика Володимира Прийми, співця",ні,,,,"Священник: Христос, істинний Бог наш - молитвами пречистої Своєї Матері, силою чесного і животворчого хреста, заступництвом святих славних і всехвальних апостолів, святого отця нашого Івана Золотоустого, архиєпископа Константинополя, і святого, якого є храм, і преподобного отця нашого Давида, що в Солуні, блаженного священномученика Андрія Іщака, пресвітера, блаженних священномученика Миколи Конрада, пресвітера, і мученика Володимира Прийми, співця, і всіх святих - помилує і спасе нас як благий і людинолюбний.","Священник: Христос, істинний Бог наш - молитвами пречистої Своєї Матері, силою чесного і животворчого хреста, заступництвом святих славних і всехвальних апостолів, і святого, якого є храм, і преподобного отця нашого Давида, що в Солуні, блаженного священномученика Андрія Іщака, пресвітера, блаженних священномученика Миколи Конрада, пресвітера, і мученика Володимира Прийми, співця, і всіх святих - помилує і спасе нас як благий і людинолюбний.",
Червень,27.06,6,сб,"🕃 Св. мц. Параскеви, що в Іконії, названої «П’ятниця» Свв. мчч. Терентія й Неоніли Прп. Стефана Саваїта, творця канонів","блаженного священномученика Миколая Чарнецького і двадцяти чотирьох співмучеників, яких сьогодні пам'ять світло звершуємо, блаженного священномученика Омеляна Ковча, преподобного отця нашого Сампсона, приятеля подорожніх й убогих",так,свято,,,"Священник: Христос, істинний Бог наш - молитвами пречистої Своєї Матері, святих славних і всехвальних апостолів, святого отця нашого Івана Золотоустого, архиєпископа Константинополя, і святого, якого є храм, і блаженного священномученика Миколая Чарнецького і двадцяти чотирьох співмучеників, яких сьогодні пам'ять світло звершуємо, блаженного священномученика Омеляна Ковча, преподобного отця нашого Сампсона, приятеля подорожніх й убогих, і всіх святих - помилує і спасе нас як благий і людинолюбний.","Священник: Христос, істинний Бог наш - молитвами пречистої Своєї Матері, святих славних і всехвальних апостолів, і святого, якого є храм, і блаженного священномученика Миколая Чарнецького і двадцяти чотирьох співмучеників, яких сьогодні пам'ять світло звершуємо, блаженного священномученика Омеляна Ковча, преподобного отця нашого Сампсона, приятеля подорожніх й убогих, і всіх святих - помилує і спасе нас як благий і людинолюбний.","Христос, істинний Бог наш - молитвами пречистої Своєї Матері, святих славних і всехвальних апостолів, святого отця нашого Івана Золотоустого, архиєпископа Константинополя, і святого, якого є храм,"
Червень,28.06,7,нд,"Прп. Аврамія, архим., Ростовського чудотв. Св. прпмц. Анастасії Римлянки Прп. Аврамія Затворника","святих безсрібників Кира і Івана, яких перенесення мощів сьогодні пам'ять звершуємо",ні,,,,"Священник: Христос, що воскрес із мертвих, істинний Бог наш - молитвами пречистої Своєї Матері, святих славних і всехвальних апостолів, святого отця нашого Івана Золотоустого, архиєпископа Константинополя, і святого, якого є храм, і святих безсрібників Кира і Івана, яких перенесення мощів сьогодні пам'ять звершуємо, і всіх святих - помилує і спасе нас як благий і людинолюбний.","Священник: Христос, що воскрес із мертвих, істинний Бог наш - молитвами пречистої Своєї Матері, святих славних і всехвальних апостолів, і святого, якого є храм, і святих безсрібників Кира і Івана, яких перенесення мощів сьогодні пам'ять звершуємо, і всіх святих - помилує і спасе нас як благий і людинолюбний.",
Червень,29.06,1,пн,"Свв. мчч. Зиновія й Зиновії, сестри його Блаж. сщмч. Олексія Зарицького, пресвіт.",,так,свято,,,"Священник: Христос, істинний Бог наш - молитвами пречистої Своєї Матері, святих славних і всехвальних первоверховних апостолів Петра і Павла, яких сьогодні торжественне свято світло звершуємо, святого отця нашого Івана Золотоустого, архиєпископа Константинополя, і всіх святих - помилує і спасе нас як благий і людинолюбний.","Священник: Христос, істинний Бог наш - молитвами пречистої Своєї Матері, святих славних і всехвальних первоверховних апостолів Петра і Павла, яких сьогодні торжественне свято світло звершуємо, і всіх святих - помилує і спасе нас як благий і людинолюбний.","Христос, істинний Бог наш - молитвами пречистої Своєї Матері, святих славних і всехвальних первоверховних апостолів Петра і Павла, яких сьогодні торжественне свято світло звершуємо, святого отця нашого Івана Золотоустого, архиєпископа Константинополя,"
Червень,30.06,2,вв,"Свв. апп. Стахія, Амплія і тих, що з ними Св. мч. Єпімаха",блаженного священномученика Василія Величковського,так,свято,,,"Священник: Христос, істинний Бог наш - молитвами пречистої Своєї Матері, святих славних і всехвальних дванадцяти апостолів, яких сьогодні собору пам'ять світло звершуємо, святого отця нашого Івана Золотоустого, архиєпископа Константинополя, і святого, якого є храм, і блаженного священномученика Василія Величковського, і всіх святих - помилує і спасе нас як благий і людинолюбний.","Священник: Христос, істинний Бог наш - молитвами пречистої Своєї Матері, святих славних і всехвальних дванадцяти апостолів, яких сьогодні собору пам'ять світло звершуємо, і святого, якого є храм, і блаженного священномученика Василія Величковського, і всіх святих - помилує і спасе нас як благий і людинолюбний.","Христос, істинний Бог наш - молитвами пречистої Своєї Матері, святих славних і всехвальних дванадцяти апостолів, яких сьогодні собору пам'ять світло звершуємо, святого отця нашого Івана Золотоустого, архиєпископа Константинополя, і святого, якого є храм,"
Липень,01.07,3,ср,"Неділя 23-тя по Зісланні Святого Духа. 🕂 Сщмч. Теодора Ромжі, єп. Мукачівського 🕃 Свв. чудотв. і безср. Косми й Дам’яна",святих безсрібників і чудотворців Косми й Дам’яна,ні,,,,"Священник: Христос, істинний Бог наш - молитвами пречистої Своєї Матері, силою чесного і животворчого хреста, заступництвом святих славних і всехвальних апостолів, святого отця нашого Івана Золотоустого, архиєпископа Константинополя, і святого, якого є храм, і святих безсрібників і чудотворців Косми й Дам’яна, і всіх святих - помилує і спасе нас як благий і людинолюбний.","Священник: Христос, істинний Бог наш - молитвами пречистої Своєї Матері, силою чесного і животворчого хреста, заступництвом святих славних і всехвальних апостолів, і святого, якого є храм, і святих безсрібників і чудотворців Косми й Дам’яна, і всіх святих - помилує і спасе нас як благий і людинолюбний.",
Липень,02.07,4,чт,"Свв. мчч. Акиндина, Пигасія, Афтонія, Єлпидифора й Анемподиста",,так,свято,,,"Священник: Христос, істинний Бог наш - молитвами пречистої Своєї Матері, якої чесної ризи положення у Влахерні сьогодні пам'ять світло звершуємо, святих славних і всехвальних апостолів, святого отця нашого Івана Золотоустого, архиєпископа Константинополя, і святого, якого є храм, і всіх святих - помилує і спасе нас як благий і людинолюбний.","Священник: Христос, істинний Бог наш - молитвами пречистої Своєї Матері, якої чесної ризи положення у Влахерні сьогодні пам'ять світло звершуємо, святих славних і всехвальних апостолів, і святого, якого є храм, і всіх святих - помилує і спасе нас як благий і людинолюбний.","Христос, істинний Бог наш - молитвами пречистої Своєї Матері, якої чесної ризи положення у Влахерні сьогодні пам'ять світло звершуємо, святих славних і всехвальних апостолів, святого отця нашого Івана Золотоустого, архиєпископа Константинополя, і святого, якого є храм,"
Липень,03.07,5,пт,"Свв. мчч. Акепсими, єп., Йосифа, пресвіт., і Аїтала, дияк. Оновлення храму св. вмч. Юрія, що в Лідді, де спочиває його чесне тіло",святого мученика Якинта,ні,,,,"Священник: Христос, істинний Бог наш - молитвами пречистої Своєї Матері, силою чесного і животворчого хреста, заступництвом святих славних і всехвальних апостолів, святого отця нашого Івана Золотоустого, архиєпископа Константинополя, і святого, якого є храм, і святого мученика Якинта, і всіх святих - помилує і спасе нас як благий і людинолюбний.","Священник: Христос, істинний Бог наш - молитвами пречистої Своєї Матері, силою чесного і животворчого хреста, заступництвом святих славних і всехвальних апостолів, і святого, якого є храм, і святого мученика Якинта, і всіх святих - помилує і спасе нас як благий і людинолюбний.",
Липень,04.07,6,сб,"Прп. Йоанікія Великого Св. мч. Нікандра, єп. Мирського Св. Єрмея, пресвіт.","святого отця нашого Андрія, архиєпископа Критського, єрусалимлянина, преподобної Марти, матері святого Симеона Дивногорця",ні,,,,"Священник: Христос, істинний Бог наш - молитвами пречистої Своєї Матері, силою чесного і животворчого Хреста, заступництвом чесних небесних сил безтілесних, чесного і славного пророка, предтечі і хрестителя Івана, святих славних і всехвальних апостолів, святого отця нашого Миколая, архиєпископа Мир Ликійських, чудотворця, святих славних і переможних мучеників, преподобних і богоносних отців наших, святого отця нашого Івана Золотоустого, архиєпископа Константинополя, святих і праведних богоотців Йоакима й Анни, і святого, якого є храм, і святого отця нашого Андрія, архиєпископа Критського, єрусалимлянина, преподобної Марти, матері святого Симеона Дивногорця, і всіх святих - помилує і спасе нас як благий і людинолюбний.","Священник: Христос, істинний Бог наш - молитвами пречистої Своєї Матері, силою чесного і животворчого Хреста, заступництвом чесних небесних сил безтілесних, чесного і славного пророка, предтечі і хрестителя Івана, святих славних і всехвальних апостолів, святого отця нашого Миколая, архиєпископа Мир Ликійських, чудотворця, святих славних і переможних мучеників, преподобних і богоносних отців наших, святих і праведних богоотців Йоакима й Анни, і святого, якого є храм, і святого отця нашого Андрія, архиєпископа Критського, єрусалимлянина, преподобної Марти, матері святого Симеона Дивногорця, і всіх святих - помилує і спасе нас як благий і людинолюбний.",
Липень,05.07,7,нд,Свв. мчч. Галактіона і Єпістими,"преподобного отця нашого Атанасія Афонського, якого сьогодні пам'ять світло звершуємо",так,свято,,,"Священник: Христос, що воскрес із мертвих, істинний Бог наш - молитвами пречистої Своєї Матері, святих славних і всехвальних апостолів, святого отця нашого Івана Золотоустого, архиєпископа Константинополя, і святого, якого є храм, і преподобного отця нашого Атанасія Афонського, якого сьогодні пам'ять світло звершуємо, і всіх святих - помилує і спасе нас як благий і людинолюбний.","Священник: Христос, що воскрес із мертвих, істинний Бог наш - молитвами пречистої Своєї Матері, святих славних і всехвальних апостолів, і святого, якого є храм, і преподобного отця нашого Атанасія Афонського, якого сьогодні пам'ять світло звершуємо, і всіх святих - помилує і спасе нас як благий і людинолюбний.","Христос, істинний Бог наш - молитвами пречистої Своєї Матері, святих славних і всехвальних апостолів, святого отця нашого Івана Золотоустого, архиєпископа Константинополя, і святого, якого є храм,"
Липень,06.07,1,пн,"🕃 Св. Павла, архиєп. Царгородського, ісп.",преподобного отця нашого Сисоя Великого,ні,,,,"Священник: Христос, істинний Бог наш - молитвами пречистої Своєї Матері, заступництвом чесних небесних сил безтілесних, святих славних і всехвальних апостолів, святого отця нашого Івана Золотоустого, архиєпископа Константинополя, і святого, якого є храм, і преподобного отця нашого Сисоя Великого, і всіх святих - помилує і спасе нас як благий і людинолюбний.","Священник: Христос, істинний Бог наш - молитвами пречистої Своєї Матері, заступництвом чесних небесних сил безтілесних, святих славних і всехвальних апостолів, і святого, якого є храм, і преподобного отця нашого Сисоя Великого, і всіх святих - помилує і спасе нас як благий і людинолюбний.",
Липень,07.07,2,вв,"Свв. тридцяти трьох мчч., що в Мелітині Прп. і чудотв. Лазаря, що постив на Галисійській горі","преподобних отців наших Томи, що в Малеї, і Акакія, про якого згадує «Ліствиця»",ні,,,,"Священник: Христос, істинний Бог наш - молитвами пречистої Своєї Матері, чесного і славного пророка, предтечі і хрестителя Івана, святих славних і всехвальних апостолів, святого отця нашого Івана Золотоустого, архиєпископа Константинополя, і святого, якого є храм, і преподобних отців наших Томи, що в Малеї, і Акакія, про якого згадує «Ліствиця», і всіх святих - помилує і спасе нас як благий і людинолюбний.","Священник: Христос, істинний Бог наш - молитвами пречистої Своєї Матері, чесного і славного пророка, предтечі і хрестителя Івана, святих славних і всехвальних апостолів, і святого, якого є храм, і преподобних отців наших Томи, що в Малеї, і Акакія, про якого згадує «Ліствиця», і всіх святих - помилує і спасе нас як благий і людинолюбний.",
Липень,08.07,3,ср,Неділя 24-та по Зісланні Святого Духа. 🕁 Собор св. архистр. Михаїла та інших безтілесних сил</i>,святого великомученика Прокопія,ні,,,,"Священник: Христос, істинний Бог наш - молитвами пречистої Своєї Матері, силою чесного і животворчого хреста, заступництвом святих славних і всехвальних апостолів, святого отця нашого Івана Золотоустого, архиєпископа Константинополя, і святого, якого є храм, і святого великомученика Прокопія, і всіх святих - помилує і спасе нас як благий і людинолюбний.","Священник: Христос, істинний Бог наш - молитвами пречистої Своєї Матері, силою чесного і животворчого хреста, заступництвом святих славних і всехвальних апостолів, і святого, якого є храм, і святого великомученика Прокопія, і всіх святих - помилує і спасе нас як благий і людинолюбний.",
Липень,09.07,4,чт,"Свв. мчч. Онисифора й Порфирія Прп. Матрони Прп. Теоктисти, що з Лезви","святого священномученика Панкратія, єпископа Тавроменійського",ні,,,,"Священник: Христос, істинний Бог наш - молитвами пречистої Своєї Матері, святих славних і всехвальних апостолів, святого отця нашого Миколая, архиєпископа Мир Ликійських, чудотворця, святого отця нашого Івана Золотоустого, архиєпископа Константинополя, і святого, якого є храм, і святого священномученика Панкратія, єпископа Тавроменійського, і всіх святих - помилує і спасе нас як благий і людинолюбний.","Священник: Христос, істинний Бог наш - молитвами пречистої Своєї Матері, святих славних і всехвальних апостолів, святого отця нашого Миколая, архиєпископа Мир Ликійських, чудотворця, і святого, якого є храм, і святого священномученика Панкратія, єпископа Тавроменійського, і всіх святих - помилує і спасе нас як благий і людинолюбний.",
Липень,10.07,5,пт,"Свв. апп. Ераста, Олімпа, Родіона і тих, що з ними","преподобного отця нашого Антонія Печерського, Київського, якого сьогодні пам'ять світло звершуємо, святих сорока п’ятьох мучеників, що в Нікополі Вірменському, святих братів-мучеників Франциска, Мутія і Рафаїла і тих, що з ними вбиті в Дамаску",так,свято,,,"Священник: Христос, істинний Бог наш - молитвами пречистої Своєї Матері, святих славних і всехвальних апостолів, святого отця нашого Івана Золотоустого, архиєпископа Константинополя, і святого, якого є храм, і преподобного отця нашого Антонія Печерського, Київського, якого сьогодні пам'ять світло звершуємо, святих сорока п’ятьох мучеників, що в Нікополі Вірменському, святих братів-мучеників Франциска, Мутія і Рафаїла і тих, що з ними вбиті в Дамаску, і всіх святих - помилує і спасе нас як благий і людинолюбний.","Священник: Христос, істинний Бог наш - молитвами пречистої Своєї Матері, святих славних і всехвальних апостолів, і святого, якого є храм, і преподобного отця нашого Антонія Печерського, Київського, якого сьогодні пам'ять світло звершуємо, святих сорока п’ятьох мучеників, що в Нікополі Вірменському, святих братів-мучеників Франциска, Мутія і Рафаїла і тих, що з ними вбиті в Дамаску, і всіх святих - помилує і спасе нас як благий і людинолюбний.","Христос, істинний Бог наш - молитвами пречистої Своєї Матері, святих славних і всехвальних апостолів, святого отця нашого Івана Золотоустого, архиєпископа Константинополя, і святого, якого є храм,"
Липень,11.07,6,сб,"Свв. мчч. Мини, Віктора й Вінкентія Св. мц. Стефаніди Прп. й ісп. Теодора Студійського","переставлення блаженної Ольги, княгині Київської, у хрещенні названої Оленою, якої сьогодні пам'ять світло звершуємо, святої мучениці і прехвальної Євфимії",так,свято,,,"Священник: Христос, істинний Бог наш - молитвами пречистої Своєї Матері, святих славних і всехвальних апостолів, святого отця нашого Івана Золотоустого, архиєпископа Константинополя, і святого, якого є храм, і переставлення блаженної Ольги, княгині Київської, у хрещенні названої Оленою, якої сьогодні пам'ять світло звершуємо, святої мучениці і прехвальної Євфимії, і всіх святих - помилує і спасе нас як благий і людинолюбний.","Священник: Христос, істинний Бог наш - молитвами пречистої Своєї Матері, святих славних і всехвальних апостолів, і святого, якого є храм, і переставлення блаженної Ольги, княгині Київської, у хрещенні названої Оленою, якої сьогодні пам'ять світло звершуємо, святої мучениці і прехвальної Євфимії, і всіх святих - помилує і спасе нас як благий і людинолюбний.","Христос, істинний Бог наш - молитвами пречистої Своєї Матері, святих славних і всехвальних апостолів, святого отця нашого Івана Золотоустого, архиєпископа Константинополя, і святого, якого є храм,"
Липень,12.07,7,нд,"🕁 Св. сщмч. Йосафата, архиєп. Полоцького 🕃 Св. Івана Милостивого, патр. Олександрійського Прп. Ніла Блаж. сщмч. Григорія Лакоти, єп.","святих мучеників Прокла й Іларія, преподобного отця нашого Михаїла Малеїна",ні,,,,"Священник: Христос, що воскрес із мертвих, істинний Бог наш - молитвами пречистої Своєї Матері, святих славних і всехвальних апостолів, святого отця нашого Івана Золотоустого, архиєпископа Константинополя, і святого, якого є храм, і святих мучеників Прокла й Іларія, преподобного отця нашого Михаїла Малеїна, і всіх святих - помилує і спасе нас як благий і людинолюбний.","Священник: Христос, що воскрес із мертвих, істинний Бог наш - молитвами пречистої Своєї Матері, святих славних і всехвальних апостолів, і святого, якого є храм, і святих мучеників Прокла й Іларія, преподобного отця нашого Михаїла Малеїна, і всіх святих - помилує і спасе нас як благий і людинолюбний.",
Липень,13.07,1,пн,"🕂 Св. Івана Золотоустого, архиєп. Царгородського","святого архангела Гавриїла, що його собору пам'ять сьогодні звершуємо, преподобного отця нашого Стефана Савваїта, святого отця нашого Юліана, єпископа Кеноманійського",ні,,,,"Священник: Христос, істинний Бог наш - молитвами пречистої Своєї Матері, заступництвом чесних небесних сил безтілесних, святих славних і всехвальних апостолів, святого отця нашого Івана Золотоустого, архиєпископа Константинополя, і святого, якого є храм, і святого архангела Гавриїла, що його собору пам'ять сьогодні звершуємо, преподобного отця нашого Стефана Савваїта, святого отця нашого Юліана, єпископа Кеноманійського, і всіх святих - помилує і спасе нас як благий і людинолюбний.","Священник: Христос, істинний Бог наш - молитвами пречистої Своєї Матері, заступництвом чесних небесних сил безтілесних, святих славних і всехвальних апостолів, і святого, якого є храм, і святого архангела Гавриїла, що його собору пам'ять сьогодні звершуємо, преподобного отця нашого Стефана Савваїта, святого отця нашого Юліана, єпископа Кеноманійського, і всіх святих - помилує і спасе нас як благий і людинолюбний.",
Липень,14.07,2,вв,🕂 Св. і всехв. ап. Филипа,"святого апостола Акили, святих отців шести Вселенських Соборів",ні,,,,"Священник: Христос, істинний Бог наш - молитвами пречистої Своєї Матері, чесного і славного пророка, предтечі і хрестителя Івана, святих славних і всехвальних апостолів, святого отця нашого Івана Золотоустого, архиєпископа Константинополя, і святого, якого є храм, і святого апостола Акили, святих отців шести Вселенських Соборів, і всіх святих - помилує і спасе нас як благий і людинолюбний.","Священник: Христос, істинний Бог наш - молитвами пречистої Своєї Матері, чесного і славного пророка, предтечі і хрестителя Івана, святих славних і всехвальних апостолів, і святого, якого є храм, і святого апостола Акили, святих отців шести Вселенських Соборів, і всіх святих - помилує і спасе нас як благий і людинолюбний.",
Липень,15.07,3,ср,"Неділя 25-та по Зісланні Святого Духа. Свв. мчч. та ісп. Гурія, Самона й Авіва Початок Різдвяного посту</i>","святого рівноапостольного, великого князя Володимира, у святому хрещенні названого Василієм, якого сьогодні пам'ять світло звершуємо, святих мучеників Кирика і Юліти",так,свято,,,"Священник: Христос, істинний Бог наш - молитвами пречистої Своєї Матері, святих славних і всехвальних апостолів, святого отця нашого Івана Золотоустого, архиєпископа Константинополя, і святого, якого є храм, і святого рівноапостольного, великого князя Володимира, у святому хрещенні названого Василієм, якого сьогодні пам'ять світло звершуємо, святих мучеників Кирика і Юліти, і всіх святих - помилує і спасе нас як благий і людинолюбний.","Священник: Христос, істинний Бог наш - молитвами пречистої Своєї Матері, святих славних і всехвальних апостолів, і святого, якого є храм, і святого рівноапостольного, великого князя Володимира, у святому хрещенні названого Василієм, якого сьогодні пам'ять світло звершуємо, святих мучеників Кирика і Юліти, і всіх святих - помилує і спасе нас як благий і людинолюбний.","Христос, істинний Бог наш - молитвами пречистої Своєї Матері, святих славних і всехвальних апостолів, святого отця нашого Івана Золотоустого, архиєпископа Константинополя, і святого, якого є храм,"
Липень,16.07,4,чт,🕂 Св. ап. і єв. Матея,святого священномученика Атеногена і десятьох учнів його,ні,,,,"Священник: Христос, істинний Бог наш - молитвами пречистої Своєї Матері, святих славних і всехвальних апостолів, святого отця нашого Миколая, архиєпископа Мир Ликійських, чудотворця, святого отця нашого Івана Золотоустого, архиєпископа Константинополя, і святого, якого є храм, і святого священномученика Атеногена і десятьох учнів його, і всіх святих - помилує і спасе нас як благий і людинолюбний.","Священник: Христос, істинний Бог наш - молитвами пречистої Своєї Матері, святих славних і всехвальних апостолів, святого отця нашого Миколая, архиєпископа Мир Ликійських, чудотворця, і святого, якого є храм, і святого священномученика Атеногена і десятьох учнів його, і всіх святих - помилує і спасе нас як благий і людинолюбний.",
Липень,17.07,5,пт,"Св. Григорія, єп. Неокесарійського, чудотв. Блаж. сщмч. Йосафата Коциловського, єп. Перемишльського","святої великомучениці Марини, блаженного священномученика Павла Гойдича, єпископа Пряшівського",ні,,,,"Священник: Христос, істинний Бог наш - молитвами пречистої Своєї Матері, силою чесного і животворчого хреста, заступництвом святих славних і всехвальних апостолів, святого отця нашого Івана Золотоустого, архиєпископа Константинополя, і святого, якого є храм, і святої великомучениці Марини, блаженного священномученика Павла Гойдича, єпископа Пряшівського, і всіх святих - помилує і спасе нас як благий і людинолюбний.","Священник: Христос, істинний Бог наш - молитвами пречистої Своєї Матері, силою чесного і животворчого хреста, заступництвом святих славних і всехвальних апостолів, і святого, якого є храм, і святої великомучениці Марини, блаженного священномученика Павла Гойдича, єпископа Пряшівського, і всіх святих - помилує і спасе нас як благий і людинолюбний.",
Липень,18.07,6,сб,Свв. мчч. Платона й Романа,"святого мученика Якинта, що в Амастриді, святого мученика Еміліяна, блаженної преподобномучениці Тарсикії Мацьків",ні,,,,"Священник: Христос, істинний Бог наш - молитвами пречистої Своєї Матері, силою чесного і животворчого Хреста, заступництвом чесних небесних сил безтілесних, чесного і славного пророка, предтечі і хрестителя Івана, святих славних і всехвальних апостолів, святого отця нашого Миколая, архиєпископа Мир Ликійських, чудотворця, святих славних і переможних мучеників, преподобних і богоносних отців наших, святого отця нашого Івана Золотоустого, архиєпископа Константинополя, святих і праведних богоотців Йоакима й Анни, і святого, якого є храм, і святого мученика Якинта, що в Амастриді, святого мученика Еміліяна, блаженної преподобномучениці Тарсикії Мацьків, і всіх святих - помилує і спасе нас як благий і людинолюбний.","Священник: Христос, істинний Бог наш - молитвами пречистої Своєї Матері, силою чесного і животворчого Хреста, заступництвом чесних небесних сил безтілесних, чесного і славного пророка, предтечі і хрестителя Івана, святих славних і всехвальних апостолів, святого отця нашого Миколая, архиєпископа Мир Ликійських, чудотворця, святих славних і переможних мучеників, преподобних і богоносних отців наших, святих і праведних богоотців Йоакима й Анни, і святого, якого є храм, і святого мученика Якинта, що в Амастриді, святого мученика Еміліяна, блаженної преподобномучениці Тарсикії Мацьків, і всіх святих - помилує і спасе нас як благий і людинолюбний.",
Липень,19.07,7,нд,Св. прор. Авдія Св. мч. Варлаама,"преподобної матері нашої Макрини, сестри святого Василія Великого, преподобного отця нашого Дія",ні,,,,"Священник: Христос, що воскрес із мертвих, істинний Бог наш - молитвами пречистої Своєї Матері, святих славних і всехвальних апостолів, святого отця нашого Івана Золотоустого, архиєпископа Константинополя, і святого, якого є храм, і преподобної матері нашої Макрини, сестри святого Василія Великого, преподобного отця нашого Дія, і всіх святих - помилує і спасе нас як благий і людинолюбний.","Священник: Христос, що воскрес із мертвих, істинний Бог наш - молитвами пречистої Своєї Матері, святих славних і всехвальних апостолів, і святого, якого є храм, і преподобної матері нашої Макрини, сестри святого Василія Великого, преподобного отця нашого Дія, і всіх святих - помилує і спасе нас як благий і людинолюбний.",
Липень,20.07,1,пн,"🕂 Прп. Йосафати Гордашевської Передсвяття Введення у храм Пресвятої Богородиці Прп. Григорія Декаполіта Св. Прокла, архиєп. Царгородського",святого славного пророка Іллі,так,свято,,,"Священник: Христос, істинний Бог наш - молитвами пречистої Своєї Матері, святого славного пророка Іллі Тесвітянина, якого сьогодні вогненного сходження на небо пам'ять світло звершуємо, святого отця нашого Івана Золотоустого, архиєпископа Константинополя, і святого, якого є храм, і святого славного пророка Іллі, і всіх святих - помилує і спасе нас як благий і людинолюбний.","Священник: Христос, істинний Бог наш - молитвами пречистої Своєї Матері, святого славного пророка Іллі Тесвітянина, якого сьогодні вогненного сходження на небо пам'ять світло звершуємо, і святого, якого є храм, і святого славного пророка Іллі, і всіх святих - помилує і спасе нас як благий і людинолюбний.","Христос, істинний Бог наш - молитвами пречистої Своєї Матері, святого славного пророка Іллі Тесвітянина, якого сьогодні вогненного сходження на небо пам'ять світло звершуємо, святого отця нашого Івана Золотоустого, архиєпископа Константинополя, і святого, якого є храм,"
Липень,21.07,2,вв,🕀 Введення у храм Пресвятої Владичиці нашої Богородиці і Приснодіви Марії,"преподобних отців наших Симеона, Христа ради юродивого, та Івана, співпосника його, святого пророка Єзекиїла",ні,,,,"Священник: Христос, істинний Бог наш - молитвами пречистої Своєї Матері, чесного і славного пророка, предтечі і хрестителя Івана, святих славних і всехвальних апостолів, святого отця нашого Івана Золотоустого, архиєпископа Константинополя, і святого, якого є храм, і преподобних отців наших Симеона, Христа ради юродивого, та Івана, співпосника його, святого пророка Єзекиїла, і всіх святих - помилує і спасе нас як благий і людинолюбний.","Священник: Христос, істинний Бог наш - молитвами пречистої Своєї Матері, чесного і славного пророка, предтечі і хрестителя Івана, святих славних і всехвальних апостолів, і святого, якого є храм, і преподобних отців наших Симеона, Христа ради юродивого, та Івана, співпосника його, святого пророка Єзекиїла, і всіх святих - помилує і спасе нас як благий і людинолюбний.",
Липень,22.07,3,ср,"Неділя 26-та по Зісланні Святого Духа. Св. ап. Филимона і тих, що з ним","святої мироносиці й рівноапостольної Марії Магдалини, святого священномученика Фоки, якого повернення мощів пам'ять творимо",ні,,,,"Священник: Христос, істинний Бог наш - молитвами пречистої Своєї Матері, силою чесного і животворчого хреста, заступництвом святих славних і всехвальних апостолів, святого отця нашого Івана Золотоустого, архиєпископа Константинополя, і святого, якого є храм, і святої мироносиці й рівноапостольної Марії Магдалини, святого священномученика Фоки, якого повернення мощів пам'ять творимо, і всіх святих - помилує і спасе нас як благий і людинолюбний.","Священник: Христос, істинний Бог наш - молитвами пречистої Своєї Матері, силою чесного і животворчого хреста, заступництвом святих славних і всехвальних апостолів, і святого, якого є храм, і святої мироносиці й рівноапостольної Марії Магдалини, святого священномученика Фоки, якого повернення мощів пам'ять творимо, і всіх святих - помилує і спасе нас як благий і людинолюбний.",
Липень,23.07,4,чт,"Свв. Амфілохія, єп. Іконійського, і Григорія, єп. Акрагантійського","святих мучеників Трофима, Теофіла і тих, що з ними, блаженного священномученика Василія Гопка, єпископа",ні,,,,"Священник: Христос, істинний Бог наш - молитвами пречистої Своєї Матері, святих славних і всехвальних апостолів, святого отця нашого Миколая, архиєпископа Мир Ликійських, чудотворця, святого отця нашого Івана Золотоустого, архиєпископа Константинополя, і святого, якого є храм, і святих мучеників Трофима, Теофіла і тих, що з ними, блаженного священномученика Василія Гопка, єпископа, і всіх святих - помилує і спасе нас як благий і людинолюбний.","Священник: Христос, істинний Бог наш - молитвами пречистої Своєї Матері, святих славних і всехвальних апостолів, святого отця нашого Миколая, архиєпископа Мир Ликійських, чудотворця, і святого, якого є храм, і святих мучеників Трофима, Теофіла і тих, що з ними, блаженного священномученика Василія Гопка, єпископа, і всіх святих - помилує і спасе нас як благий і людинолюбний.",
Липень,24.07,5,пт,🕃 Св. вмц. Катерини Св. вмч. Меркурія,"святих мучеників Бориса і Гліба, у святому хрещенні названих Романом і Давидом, яких сьогодні пам'ять світло звершуємо, святої великомучениці Христини, преподобного отця нашого Шарбеля",так,свято,,,"Священник: Христос, істинний Бог наш - молитвами пречистої Своєї Матері, святих славних і всехвальних апостолів, святого отця нашого Івана Золотоустого, архиєпископа Константинополя, і святого, якого є храм, і святих мучеників Бориса і Гліба, у святому хрещенні названих Романом і Давидом, яких сьогодні пам'ять світло звершуємо, святої великомучениці Христини, преподобного отця нашого Шарбеля, і всіх святих - помилує і спасе нас як благий і людинолюбний.","Священник: Христос, істинний Бог наш - молитвами пречистої Своєї Матері, святих славних і всехвальних апостолів, і святого, якого є храм, і святих мучеників Бориса і Гліба, у святому хрещенні названих Романом і Давидом, яких сьогодні пам'ять світло звершуємо, святої великомучениці Христини, преподобного отця нашого Шарбеля, і всіх святих - помилує і спасе нас як благий і людинолюбний.","Христос, істинний Бог наш - молитвами пречистої Своєї Матері, святих славних і всехвальних апостолів, святого отця нашого Івана Золотоустого, архиєпископа Константинополя, і святого, якого є храм,"
Липень,25.07,6,сб,"Свв. сщмчч. Климента, папи Римського, і Петра, єп. Олександрійського Віддання Введення у храм Пресв. Богородиці</i>","святої Анни, матері Пресвятої Богородиці, якої сьогодні пам'ять світло звершуємо, святих жінок Олімпіади і Євпраксії",так,свято,,,"Священник: Христос, істинний Бог наш - молитвами пречистої Своєї Матері, святих славних і всехвальних апостолів, святого отця нашого Івана Золотоустого, архиєпископа Константинополя, і святого, якого є храм, і святої Анни, матері Пресвятої Богородиці, якої сьогодні пам'ять світло звершуємо, святих жінок Олімпіади і Євпраксії, і всіх святих - помилує і спасе нас як благий і людинолюбний.","Священник: Христос, істинний Бог наш - молитвами пречистої Своєї Матері, святих славних і всехвальних апостолів, і святого, якого є храм, і святої Анни, матері Пресвятої Богородиці, якої сьогодні пам'ять світло звершуємо, святих жінок Олімпіади і Євпраксії, і всіх святих - помилує і спасе нас як благий і людинолюбний.","Христос, істинний Бог наш - молитвами пречистої Своєї Матері, святих славних і всехвальних апостолів, святого отця нашого Івана Золотоустого, архиєпископа Константинополя, і святого, якого є храм,"
Липень,26.07,7,нд,"Прп. Аліпія Стовпника Пам’ять посвячення храму Св. вмч. Юрія, що в Києві перед воротами Св. Софії","святого священномученика Єрмолая і тих, що з ним, святої преподобномучениці Параскеви",ні,,,,"Священник: Христос, що воскрес із мертвих, істинний Бог наш - молитвами пречистої Своєї Матері, святих славних і всехвальних апостолів, святого отця нашого Івана Золотоустого, архиєпископа Константинополя, і святого, якого є храм, і святого священномученика Єрмолая і тих, що з ним, святої преподобномучениці Параскеви, і всіх святих - помилує і спасе нас як благий і людинолюбний.","Священник: Христос, що воскрес із мертвих, істинний Бог наш - молитвами пречистої Своєї Матері, святих славних і всехвальних апостолів, і святого, якого є храм, і святого священномученика Єрмолая і тих, що з ним, святої преподобномучениці Параскеви, і всіх святих - помилує і спасе нас як благий і людинолюбний.",
Липень,27.07,1,пн,Св. вмч. Якова Перського Прп. Палладія,"святого великомученика й цілителя Пантелеймона, якого сьогодні пам'ять світло звершуємо, святого отця нашого Климента, архиєпископа Охридського, чудотворця",ні,,,,"Священник: Христос, істинний Бог наш - молитвами пречистої Своєї Матері, заступництвом чесних небесних сил безтілесних, святих славних і всехвальних апостолів, святого отця нашого Івана Золотоустого, архиєпископа Константинополя, і святого, якого є храм, і святого великомученика й цілителя Пантелеймона, якого сьогодні пам'ять світло звершуємо, святого отця нашого Климента, архиєпископа Охридського, чудотворця, і всіх святих - помилує і спасе нас як благий і людинолюбний.","Священник: Христос, істинний Бог наш - молитвами пречистої Своєї Матері, заступництвом чесних небесних сил безтілесних, святих славних і всехвальних апостолів, і святого, якого є храм, і святого великомученика й цілителя Пантелеймона, якого сьогодні пам'ять світло звершуємо, святого отця нашого Климента, архиєпископа Охридського, чудотворця, і всіх святих - помилує і спасе нас як благий і людинолюбний.",
Липень,28.07,2,вв,🕃 Прпмч. Стефана Нового Св. мч. Іринарха,"святих апостолів і дияконів Прохора, Никанора, Тимона й Пармена",ні,,,,"Священник: Христос, істинний Бог наш - молитвами пречистої Своєї Матері, чесного і славного пророка, предтечі і хрестителя Івана, святих славних і всехвальних апостолів, святого отця нашого Івана Золотоустого, архиєпископа Константинополя, і святого, якого є храм, і святих апостолів і дияконів Прохора, Никанора, Тимона й Пармена, і всіх святих - помилує і спасе нас як благий і людинолюбний.","Священник: Христос, істинний Бог наш - молитвами пречистої Своєї Матері, чесного і славного пророка, предтечі і хрестителя Івана, святих славних і всехвальних апостолів, і святого, якого є храм, і святих апостолів і дияконів Прохора, Никанора, Тимона й Пармена, і всіх святих - помилує і спасе нас як благий і людинолюбний.",
Липень,29.07,3,ср,"Неділя 27-ма по Зісланні Святого Духа. Св. мч. Парамона Св. мч. Філумена Прп. Акакія, що згадується в «Ліствиці»",святого мученика Каленика,ні,,,,"Священник: Христос, істинний Бог наш - молитвами пречистої Своєї Матері, силою чесного і животворчого хреста, заступництвом святих славних і всехвальних апостолів, святого отця нашого Івана Золотоустого, архиєпископа Константинополя, і святого, якого є храм, і святого мученика Каленика, і всіх святих - помилує і спасе нас як благий і людинолюбний.","Священник: Христос, істинний Бог наш - молитвами пречистої Своєї Матері, силою чесного і животворчого хреста, заступництвом святих славних і всехвальних апостолів, і святого, якого є храм, і святого мученика Каленика, і всіх святих - помилує і спасе нас як благий і людинолюбний.",
Липень,30.07,4,чт,🕂 Св. всехв. ап. Андрія Первозваного,"святих апостолів Сили й Силуана і тих, що з ними,",ні,,,,"Священник: Христос, істинний Бог наш - молитвами пречистої Своєї Матері, святих славних і всехвальних апостолів, святого отця нашого Миколая, архиєпископа Мир Ликійських, чудотворця, святого отця нашого Івана Золотоустого, архиєпископа Константинополя, і святого, якого є храм, і святих апостолів Сили й Силуана і тих, що з ними,, і всіх святих - помилує і спасе нас як благий і людинолюбний.","Священник: Христос, істинний Бог наш - молитвами пречистої Своєї Матері, святих славних і всехвальних апостолів, святого отця нашого Миколая, архиєпископа Мир Ликійських, чудотворця, і святого, якого є храм, і святих апостолів Сили й Силуана і тих, що з ними,, і всіх святих - помилує і спасе нас як благий і людинолюбний.",
Липень,31.07,5,пт,Св. прор. Наума,святого і праведного Євдокима,ні,,,,"Священник: Христос, істинний Бог наш - молитвами пречистої Своєї Матері, силою чесного і животворчого хреста, заступництвом святих славних і всехвальних апостолів, святого отця нашого Івана Золотоустого, архиєпископа Константинополя, і святого, якого є храм, і святого і праведного Євдокима, і всіх святих - помилує і спасе нас як благий і людинолюбний.","Священник: Христос, істинний Бог наш - молитвами пречистої Своєї Матері, силою чесного і животворчого хреста, заступництвом святих славних і всехвальних апостолів, і святого, якого є храм, і святого і праведного Євдокима, і всіх святих - помилує і спасе нас як благий і людинолюбний.",
Серпень,01.08,6,сб,"Св. прор. Аввакума Блаж. сщмч. Івана Слезюка, єп.","силою чесного і животворчого Xреста, з чесним Деревом якого пам'ять походу сьогодні звершуємо, святих сімох мучеників Макавеїв, і матері їх Соломії, і старця Єлеазара, преподобного отця нашого Альфонса Лігуорі",ні,,,,"Священник: Христос, істинний Бог наш - молитвами пречистої Своєї Матері, силою чесного і животворчого Xреста, з чесним Деревом якого пам'ять походу сьогодні звершуємо, заступництвом чесних небесних сил безтілесних, чесного і славного пророка, предтечі і хрестителя Івана, святих славних і всехвальних апостолів, святого отця нашого Миколая, архиєпископа Мир Ликійських, чудотворця, святих славних і переможних мучеників, преподобних і богоносних отців наших, святого отця нашого Івана Золотоустого, архиєпископа Константинополя, святих і праведних богоотців Йоакима й Анни, і святого, якого є храм, і святих сімох мучеників Макавеїв, і матері їх Соломії, і старця Єлеазара, преподобного отця нашого Альфонса Лігуорі, і всіх святих - помилує і спасе нас як благий і людинолюбний.","Священник: Христос, істинний Бог наш - молитвами пречистої Своєї Матері, силою чесного і животворчого Xреста, з чесним Деревом якого пам'ять походу сьогодні звершуємо, заступництвом чесних небесних сил безтілесних, чесного і славного пророка, предтечі і хрестителя Івана, святих славних і всехвальних апостолів, святого отця нашого Миколая, архиєпископа Мир Ликійських, чудотворця, святих славних і переможних мучеників, преподобних і богоносних отців наших, святих і праведних богоотців Йоакима й Анни, і святого, якого є храм, і святих сімох мучеників Макавеїв, і матері їх Соломії, і старця Єлеазара, преподобного отця нашого Альфонса Лігуорі, і всіх святих - помилує і спасе нас як благий і людинолюбний.",
Серпень,02.08,7,нд,Св. прор. Софонії,"святого первомученика й архидиякона Стефана, якого перенесення мощів сьогодні пам'ять звершуємо",ні,,,,"Священник: Христос, що воскрес із мертвих, істинний Бог наш - молитвами пречистої Своєї Матері, святих славних і всехвальних апостолів, святого отця нашого Івана Золотоустого, архиєпископа Константинополя, і святого, якого є храм, і святого первомученика й архидиякона Стефана, якого перенесення мощів сьогодні пам'ять звершуємо, і всіх святих - помилує і спасе нас як благий і людинолюбний.","Священник: Христос, що воскрес із мертвих, істинний Бог наш - молитвами пречистої Своєї Матері, святих славних і всехвальних апостолів, і святого, якого є храм, і святого первомученика й архидиякона Стефана, якого перенесення мощів сьогодні пам'ять звершуємо, і всіх святих - помилує і спасе нас як благий і людинолюбний.",
Серпень,03.08,1,пн,🕃 Св. вмц. Варвари Прп. Івана Дамаскина,"преподобних отців наших Ісаакія, Далмата й Фавста",ні,,,,"Священник: Христос, істинний Бог наш - молитвами пречистої Своєї Матері, заступництвом чесних небесних сил безтілесних, святих славних і всехвальних апостолів, святого отця нашого Івана Золотоустого, архиєпископа Константинополя, і святого, якого є храм, і преподобних отців наших Ісаакія, Далмата й Фавста, і всіх святих - помилує і спасе нас як благий і людинолюбний.","Священник: Христос, істинний Бог наш - молитвами пречистої Своєї Матері, заступництвом чесних небесних сил безтілесних, святих славних і всехвальних апостолів, і святого, якого є храм, і преподобних отців наших Ісаакія, Далмата й Фавста, і всіх святих - помилує і спасе нас як благий і людинолюбний.",
Серпень,04.08,2,вв,🕂 Прп. й богоносного Сави Освященного,"святих сімох отроків, що в Ефесі, святої преподобномучениці Євдокії",ні,,,,"Священник: Христос, істинний Бог наш - молитвами пречистої Своєї Матері, чесного і славного пророка, предтечі і хрестителя Івана, святих славних і всехвальних апостолів, святого отця нашого Івана Золотоустого, архиєпископа Константинополя, і святого, якого є храм, і святих сімох отроків, що в Ефесі, святої преподобномучениці Євдокії, і всіх святих - помилує і спасе нас як благий і людинолюбний.","Священник: Христос, істинний Бог наш - молитвами пречистої Своєї Матері, чесного і славного пророка, предтечі і хрестителя Івана, святих славних і всехвальних апостолів, і святого, якого є храм, і святих сімох отроків, що в Ефесі, святої преподобномучениці Євдокії, і всіх святих - помилує і спасе нас як благий і людинолюбний.",
Серпень,05.08,3,ср,"Неділя 28-ма по Зісланні Святого Духа. 🕁 Св. Миколая, архиєп. Мир Ликійських, чудотв.",святого мученика Євсигнія,ні,,,,"Священник: Христос, істинний Бог наш - молитвами пречистої Своєї Матері, силою чесного і животворчого хреста, заступництвом святих славних і всехвальних апостолів, святого отця нашого Івана Золотоустого, архиєпископа Константинополя, і святого, якого є храм, і святого мученика Євсигнія, і всіх святих - помилує і спасе нас як благий і людинолюбний.","Священник: Христос, істинний Бог наш - молитвами пречистої Своєї Матері, силою чесного і животворчого хреста, заступництвом святих славних і всехвальних апостолів, і святого, якого є храм, і святого мученика Євсигнія, і всіх святих - помилує і спасе нас як благий і людинолюбний.",
Серпень,06.08,4,чт,"Св. Амвросія, єп. Медіоланського",,так,свято,,,"Священник: Христос, істинний Бог наш, що на горі Таворській у славі переобразився перед святими Своїми учнями й апостолами - молитвами пречистої Своєї Матері, святих славних і всехвальних апостолів, святого отця нашого Івана Золотоустого, архиєпископа Константинополя, і святого, якого є храм, і всіх святих - помилує і спасе нас як благий і людинолюбний.","Священник: Христос, істинний Бог наш, що на горі Таворській у славі переобразився перед святими Своїми учнями й апостолами - молитвами пречистої Своєї Матері, святих славних і всехвальних апостолів, і святого, якого є храм, і всіх святих - помилує і спасе нас як благий і людинолюбний.","Христос, істинний Бог наш, що на горі Таворській у славі переобразився перед святими Своїми учнями й апостолами - молитвами пречистої Своєї Матері, святих славних і всехвальних апостолів, святого отця нашого Івана Золотоустого, архиєпископа Константинополя, і святого, якого є храм,"
Серпень,07.08,5,пт,Прп. Патапія,святого преподобномученика Дометія,так,посвяття,,,"Священник: Христос, істинний Бог наш, що на горі Таворській у славі переобразився перед святими Своїми учнями й апостолами - молитвами пречистої Своєї Матері, святих славних і всехвальних апостолів, святого отця нашого Івана Золотоустого, архиєпископа Константинополя, і святого, якого є храм, і святого преподобномученика Дометія, і всіх святих - помилує і спасе нас як благий і людинолюбний.","Священник: Христос, істинний Бог наш, що на горі Таворській у славі переобразився перед святими Своїми учнями й апостолами - молитвами пречистої Своєї Матері, святих славних і всехвальних апостолів, і святого, якого є храм, і святого преподобномученика Дометія, і всіх святих - помилує і спасе нас як благий і людинолюбний.","Христос, істинний Бог наш, що на горі Таворській у славі переобразився перед святими Своїми учнями й апостолами - молитвами пречистої Своєї Матері, святих славних і всехвальних апостолів, святого отця нашого Івана Золотоустого, архиєпископа Константинополя, і святого, якого є храм, "
Серпень,08.08,6,сб,🕁 Непорочне Зачаття Пресв. Богородиці св. Анною,"святого Еміліяна, ісповідника, єпископа Кизицького",так,посвяття,,,"Священник: Христос, істинний Бог наш, що на горі Таворській у славі переобразився перед святими Своїми учнями й апостолами - молитвами пречистої Своєї Матері, святих славних і всехвальних апостолів, святого отця нашого Івана Золотоустого, архиєпископа Константинополя, і святого, якого є храм, і святого Еміліяна, ісповідника, єпископа Кизицького, і всіх святих - помилує і спасе нас як благий і людинолюбний.","Священник: Христос, істинний Бог наш, що на горі Таворській у славі переобразився перед святими Своїми учнями й апостолами - молитвами пречистої Своєї Матері, святих славних і всехвальних апостолів, і святого, якого є храм, і святого Еміліяна, ісповідника, єпископа Кизицького, і всіх святих - помилує і спасе нас як благий і людинолюбний.","Христос, істинний Бог наш, що на горі Таворській у славі переобразився перед святими Своїми учнями й апостолами - молитвами пречистої Своєї Матері, святих славних і всехвальних апостолів, святого отця нашого Івана Золотоустого, архиєпископа Константинополя, і святого, якого є храм, "
Серпень,09.08,7,нд,"Свв. мчч. Мини, Єрмогена і Євграфа","святого апостола Матія, якого сьогодні пам'ять світло звершуємо",так,свято,,,"Священник: Христос, що воскрес із мертвих, істинний Бог наш - молитвами пречистої Своєї Матері, святих славних і всехвальних апостолів, святого отця нашого Івана Золотоустого, архиєпископа Константинополя, і святого, якого є храм, і святого апостола Матія, якого сьогодні пам'ять світло звершуємо, і всіх святих - помилує і спасе нас як благий і людинолюбний.","Священник: Христос, що воскрес із мертвих, істинний Бог наш - молитвами пречистої Своєї Матері, святих славних і всехвальних апостолів, і святого, якого є храм, і святого апостола Матія, якого сьогодні пам'ять світло звершуємо, і всіх святих - помилує і спасе нас як благий і людинолюбний.","Христос, істинний Бог наш - молитвами пречистої Своєї Матері, святих славних і всехвальних апостолів, святого отця нашого Івана Золотоустого, архиєпископа Константинополя, і святого, якого є храм,"
Серпень,10.08,1,пн,Прп. Даниїла Стовпника,святого мученика й архидиякона Лаврентія,так,свято,,,"Священник: Христос, істинний Бог наш, що на горі Таворській у славі переобразився перед святими Своїми учнями й апостолами - молитвами пречистої Своєї Матері, святих славних і всехвальних апостолів, святого отця нашого Івана Золотоустого, архиєпископа Константинополя, і святого, якого є храм, і святого мученика й архидиякона Лаврентія, і всіх святих - помилує і спасе нас як благий і людинолюбний.","Священник: Христос, істинний Бог наш, що на горі Таворській у славі переобразився перед святими Своїми учнями й апостолами - молитвами пречистої Своєї Матері, святих славних і всехвальних апостолів, і святого, якого є храм, і святого мученика й архидиякона Лаврентія, і всіх святих - помилує і спасе нас як благий і людинолюбний.","Христос, істинний Бог наш, що на горі Таворській у славі переобразився перед святими Своїми учнями й апостолами - молитвами пречистої Своєї Матері, святих славних і всехвальних апостолів, святого отця нашого Івана Золотоустого, архиєпископа Константинополя, і святого, якого є храм,"
Серпень,11.08,2,вв,"🕃 Прп. Спиридона, чудотв., єп. Трімитійського",святого мученика й архидиякона Євпла,так,посвяття,,,"Священник: Христос, істинний Бог наш, що на горі Таворській у славі переобразився перед святими Своїми учнями й апостолами - молитвами пречистої Своєї Матері, святих славних і всехвальних апостолів, святого отця нашого Івана Золотоустого, архиєпископа Константинополя, і святого, якого є храм, і святого мученика й архидиякона Євпла, і всіх святих - помилує і спасе нас як благий і людинолюбний.","Священник: Христос, істинний Бог наш, що на горі Таворській у славі переобразився перед святими Своїми учнями й апостолами - молитвами пречистої Своєї Матері, святих славних і всехвальних апостолів, і святого, якого є храм, і святого мученика й архидиякона Євпла, і всіх святих - помилує і спасе нас як благий і людинолюбний.","Христос, істинний Бог наш, що на горі Таворській у славі переобразився перед святими Своїми учнями й апостолами - молитвами пречистої Своєї Матері, святих славних і всехвальних апостолів, святого отця нашого Івана Золотоустого, архиєпископа Константинополя, і святого, якого є храм, "
Серпень,12.08,3,ср,"Неділя 29-та по Зісланні Святого Духа. 🕂 Свв. мчч. Євстратія, Авксентія, Євгенія, Мардарія й Ореста Св. мц. Лукії, діви",святих мучеників Фотія й Аникити,так,посвяття,,,"Священник: Христос, істинний Бог наш, що на горі Таворській у славі переобразився перед святими Своїми учнями й апостолами - молитвами пречистої Своєї Матері, святих славних і всехвальних апостолів, святого отця нашого Івана Золотоустого, архиєпископа Константинополя, і святого, якого є храм, і святих мучеників Фотія й Аникити, і всіх святих - помилує і спасе нас як благий і людинолюбний.","Священник: Христос, істинний Бог наш, що на горі Таворській у славі переобразився перед святими Своїми учнями й апостолами - молитвами пречистої Своєї Матері, святих славних і всехвальних апостолів, і святого, якого є храм, і святих мучеників Фотія й Аникити, і всіх святих - помилує і спасе нас як благий і людинолюбний.","Христос, істинний Бог наш, що на горі Таворській у славі переобразився перед святими Своїми учнями й апостолами - молитвами пречистої Своєї Матері, святих славних і всехвальних апостолів, святого отця нашого Івана Золотоустого, архиєпископа Константинополя, і святого, якого є храм, "
Серпень,13.08,4,чт,"Свв. мчч. Тирса, Левкія, Филимона, Аполлонія й Каленика",преподобного отця нашого Максима Ісповідника,так,віддання,,,"Священник: Христос, істинний Бог наш, що на горі Таворській у славі переобразився перед святими Своїми учнями й апостолами - молитвами пречистої Своєї Матері, святих славних і всехвальних апостолів, святого отця нашого Івана Золотоустого, архиєпископа Константинополя, і святого, якого є храм, і преподобного отця нашого Максима Ісповідника, і всіх святих - помилує і спасе нас як благий і людинолюбний.","Священник: Христос, істинний Бог наш, що на горі Таворській у славі переобразився перед святими Своїми учнями й апостолами - молитвами пречистої Своєї Матері, святих славних і всехвальних апостолів, і святого, якого є храм, і преподобного отця нашого Максима Ісповідника, і всіх святих - помилує і спасе нас як благий і людинолюбний.",
Серпень,14.08,5,пт,"🕃 Св. Стефана ісп., архиєп. Сурозького Св. сщмч. Єлевтерія Прп. Павла, що в Латрі","преподобного Теодосія, ігумена Печерського, якого чесних мощів перенесення сьогодні пам'ять світло звершуємо, святого пророка Міхея",так,свято,,,"Священник: Христос, істинний Бог наш - молитвами пречистої Своєї Матері, святих славних і всехвальних апостолів, святого отця нашого Івана Золотоустого, архиєпископа Константинополя, і святого, якого є храм, і преподобного Теодосія, ігумена Печерського, якого чесних мощів перенесення сьогодні пам'ять світло звершуємо, святого пророка Міхея, і всіх святих - помилує і спасе нас як благий і людинолюбний.","Священник: Христос, істинний Бог наш - молитвами пречистої Своєї Матері, святих славних і всехвальних апостолів, і святого, якого є храм, і преподобного Теодосія, ігумена Печерського, якого чесних мощів перенесення сьогодні пам'ять світло звершуємо, святого пророка Міхея, і всіх святих - помилує і спасе нас як благий і людинолюбний.","Христос, істинний Бог наш - молитвами пречистої Своєї Матері, святих славних і всехвальних апостолів, святого отця нашого Івана Золотоустого, архиєпископа Константинополя, і святого, якого є храм,"
Серпень,15.08,6,сб,Св. прор. Аггея,,так,свято,,,"Священник: Христос, істинний Бог наш - молитвами пречистої Своєї Матері, якої Успіння сьогодні торжественне свято світло звершуємо, святих славних і всехвальних апостолів, святого отця нашого Івана Золотоустого, архиєпископа Константинополя, і святого, якого є храм, і всіх святих - помилує і спасе нас як благий і людинолюбний.","Священник: Христос, істинний Бог наш - молитвами пречистої Своєї Матері, якої Успіння сьогодні торжественне свято світло звершуємо, святих славних і всехвальних апостолів, і святого, якого є храм, і всіх святих - помилує і спасе нас як благий і людинолюбний.","Христос, істинний Бог наш - молитвами пречистої Своєї Матері, якої Успіння сьогодні торжественне свято світло звершуємо, святих славних і всехвальних апостолів, святого отця нашого Івана Золотоустого, архиєпископа Константинополя, і святого, якого є храм,"
Серпень,16.08,7,нд,"🕃 Св. прор. Даниїла Свв. трьох отроків: Ананії, Азарії й Мисаїла",святого мученика Діомида,так,свято,,,"Священник: Христос, що воскрес із мертвих, істинний Бог наш, що невимовним провидінням раніш Своєї вільної страсти зволив на обрусі нерукотворно зобразити свого пречистого боголюдського лиця образ - молитвами пречистої Своєї Матері, якої Успіння свято звершуємо, святих славних і всехвальних апостолів, святого отця нашого Івана Золотоустого, архиєпископа Константинополя, і святого, якого є храм, і святого мученика Діомида, і всіх святих - помилує і спасе нас як благий і людинолюбний.","Священник: Христос, що воскрес із мертвих, істинний Бог наш, що невимовним провидінням раніш Своєї вільної страсти зволив на обрусі нерукотворно зобразити свого пречистого боголюдського лиця образ - молитвами пречистої Своєї Матері, якої Успіння свято звершуємо, святих славних і всехвальних апостолів, і святого, якого є храм, і святого мученика Діомида, і всіх святих - помилує і спасе нас як благий і людинолюбний.","Христос, істинний Бог наш, що невимовним провидінням раніш Своєї вільної страсти зволив на обрусі нерукотворно зобразити свого пречистого боголюдського лиця образ - молитвами пречистої Своєї Матері, якої Успіння свято звершуємо, святих славних і всехвальних апостолів, святого отця нашого Івана Золотоустого, архиєпископа Константинополя, і святого, якого є храм,"
Серпень,17.08,1,пн,"Св. мч. Севастіана і тих, що з ним",святого мученика Мирона,так,свято,,,"Священник: Христос, істинний Бог наш - молитвами пречистої Своєї Матері, якої Успіння свято звершуємо, святих славних і всехвальних апостолів, святого отця нашого Івана Золотоустого, архиєпископа Константинополя, і святого, якого є храм, і святого мученика Мирона, і всіх святих - помилує і спасе нас як благий і людинолюбний.","Священник: Христос, істинний Бог наш - молитвами пречистої Своєї Матері, якої Успіння свято звершуємо, святих славних і всехвальних апостолів, і святого, якого є храм, і святого мученика Мирона, і всіх святих - помилує і спасе нас як благий і людинолюбний.","Христос, істинний Бог наш - молитвами пречистої Своєї Матері, якої Успіння свято звершуємо, святих славних і всехвальних апостолів, святого отця нашого Івана Золотоустого, архиєпископа Константинополя, і святого, якого є храм,"
Серпень,18.08,2,вв,Субота перед Різдвом Св. мч. Боніфатія,святих мучеників Флора й Лавра,так,свято,,,"Священник: Христос, істинний Бог наш, що задля нас увесь Свій задум сповнив і благозволив, щоб споруджений в Києві собор освяченно було в ім'я святого Його Воскресіння - молитвами пречистої Своєї Матері, якої Успіння свято звершуємо, святих славних і всехвальних апостолів, святого отця нашого Івана Золотоустого, архиєпископа Константинополя, і святого, якого є храм, і святих мучеників Флора й Лавра, і всіх святих - помилує і спасе нас як благий і людинолюбний.","Священник: Христос, істинний Бог наш, що задля нас увесь Свій задум сповнив і благозволив, щоб споруджений в Києві собор освяченно було в ім'я святого Його Воскресіння - молитвами пречистої Своєї Матері, якої Успіння свято звершуємо, святих славних і всехвальних апостолів, і святого, якого є храм, і святих мучеників Флора й Лавра, і всіх святих - помилує і спасе нас як благий і людинолюбний.","Христос, істинний Бог наш, що задля нас увесь Свій задум сповнив і благозволив, щоб споруджений в Києві собор освяченно було в ім'я святого Його Воскресіння - молитвами пречистої Своєї Матері, якої Успіння свято звершуємо, святих славних і всехвальних апостолів, святого отця нашого Івана Золотоустого, архиєпископа Константинополя, і святого, якого є храм,"
Серпень,19.08,3,ср,"Неділя перед Різдвом, святих Отців 🕃 Передсвяття Різдва Господа Бога і Спаса нашого Ісуса Христа Св. сщмч. Ігнатія Богоносця","святого мученика Андрія Стратопедарха – сотника, і тих, що з ним",так,свято,,,"Священник: Христос, істинний Бог наш - молитвами пречистої Своєї Матері, якої Успіння свято звершуємо, святих славних і всехвальних апостолів, святого отця нашого Івана Золотоустого, архиєпископа Константинополя, і святого, якого є храм, і святого мученика Андрія Стратопедарха – сотника, і тих, що з ним, і всіх святих - помилує і спасе нас як благий і людинолюбний.","Священник: Христос, істинний Бог наш - молитвами пречистої Своєї Матері, якої Успіння свято звершуємо, святих славних і всехвальних апостолів, і святого, якого є храм, і святого мученика Андрія Стратопедарха – сотника, і тих, що з ним, і всіх святих - помилує і спасе нас як благий і людинолюбний.","Христос, істинний Бог наш - молитвами пречистої Своєї Матері, якої Успіння свято звершуємо, святих славних і всехвальних апостолів, святого отця нашого Івана Золотоустого, архиєпископа Константинополя, і святого, якого є храм,"
Серпень,20.08,4,чт,Передсвяття Різдва Христового Св. мц. Юліанії,святого пророка Самуїла,так,посвяття,,,"Священник: Христос, істинний Бог наш - молитвами пречистої Своєї Матері, якої Успіння свято звершуємо, святих славних і всехвальних апостолів, святого отця нашого Івана Золотоустого, архиєпископа Константинополя, і святого, якого є храм, і святого пророка Самуїла, і всіх святих - помилує і спасе нас як благий і людинолюбний.","Священник: Христос, істинний Бог наш - молитвами пречистої Своєї Матері, якої Успіння свято звершуємо, святих славних і всехвальних апостолів, і святого, якого є храм, і святого пророка Самуїла, і всіх святих - помилує і спасе нас як благий і людинолюбний.","Христос, істинний Бог наш - молитвами пречистої Своєї Матері, якої Успіння свято звершуємо, святих славних і всехвальних апостолів, святого отця нашого Івана Золотоустого, архиєпископа Константинополя, і святого, якого є храм, "
Серпень,21.08,5,пт,Передсвяття Різдва Христового Св. вмц. Анастасії,"святого апостола Тадея, святої мучениці Васси",так,посвяття,,,"Священник: Христос, істинний Бог наш - молитвами пречистої Своєї Матері, якої Успіння свято звершуємо, святих славних і всехвальних апостолів, святого отця нашого Івана Золотоустого, архиєпископа Константинополя, і святого, якого є храм, і святого апостола Тадея, святої мучениці Васси, і всіх святих - помилує і спасе нас як благий і людинолюбний.","Священник: Христос, істинний Бог наш - молитвами пречистої Своєї Матері, якої Успіння свято звершуємо, святих славних і всехвальних апостолів, і святого, якого є храм, і святого апостола Тадея, святої мучениці Васси, і всіх святих - помилує і спасе нас як благий і людинолюбний.","Христос, істинний Бог наш - молитвами пречистої Своєї Матері, якої Успіння свято звершуємо, святих славних і всехвальних апостолів, святого отця нашого Івана Золотоустого, архиєпископа Константинополя, і святого, якого є храм, "
Серпень,22.08,6,сб,"Передсвяття Різдва Христового Свв. десятьох мчч., що в Криті","святого мученика Агатоніка і тих, що з ним, блаженного священномученика Симеона Лукача",так,посвяття,,,"Священник: Христос, істинний Бог наш - молитвами пречистої Своєї Матері, якої Успіння свято звершуємо, святих славних і всехвальних апостолів, святого отця нашого Івана Золотоустого, архиєпископа Константинополя, і святого, якого є храм, і святого мученика Агатоніка і тих, що з ним, блаженного священномученика Симеона Лукача, і всіх святих - помилує і спасе нас як благий і людинолюбний.","Священник: Христос, істинний Бог наш - молитвами пречистої Своєї Матері, якої Успіння свято звершуємо, святих славних і всехвальних апостолів, і святого, якого є храм, і святого мученика Агатоніка і тих, що з ним, блаженного священномученика Симеона Лукача, і всіх святих - помилує і спасе нас як благий і людинолюбний.","Христос, істинний Бог наш - молитвами пречистої Своєї Матері, якої Успіння свято звершуємо, святих славних і всехвальних апостолів, святого отця нашого Івана Золотоустого, архиєпископа Константинополя, і святого, якого є храм, "
Серпень,23.08,7,нд,Навечір’я Різдва Христового Св. прпмц. Євгенії,"святого мученика Луппа, святого священномученика Іринея, єпископа Ліонського",так,віддання,,,"Священник: Христос, що воскрес із мертвих, істинний Бог наш - молитвами пречистої Своєї Матері, якої Успіння свято звершуємо, святих славних і всехвальних апостолів, святого отця нашого Івана Золотоустого, архиєпископа Константинополя, і святого, якого є храм, і святого мученика Луппа, святого священномученика Іринея, єпископа Ліонського, і всіх святих - помилує і спасе нас як благий і людинолюбний.","Священник: Христос, що воскрес із мертвих, істинний Бог наш - молитвами пречистої Своєї Матері, якої Успіння свято звершуємо, святих славних і всехвальних апостолів, і святого, якого є храм, і святого мученика Луппа, святого священномученика Іринея, єпископа Ліонського, і всіх святих - помилує і спасе нас як благий і людинолюбний.",
Серпень,24.08,1,пн,🕀 Різдво Господа Бога і Спаса нашого Ісуса Христа,святого священномученика Євтиха,ні,,,,"Священник: Христос, істинний Бог наш - молитвами пречистої Своєї Матері, заступництвом чесних небесних сил безтілесних, святих славних і всехвальних апостолів, святого отця нашого Івана Золотоустого, архиєпископа Константинополя, і святого, якого є храм, і святого священномученика Євтиха, і всіх святих - помилує і спасе нас як благий і людинолюбний.","Священник: Христос, істинний Бог наш - молитвами пречистої Своєї Матері, заступництвом чесних небесних сил безтілесних, святих славних і всехвальних апостолів, і святого, якого є храм, і святого священномученика Євтиха, і всіх святих - помилує і спасе нас як благий і людинолюбний.",
Серпень,25.08,2,вв,"Субота по Різдві 🕃 Собор Пресвятої Богородиці Св. сщмч. Євтимія, єп. Сардійського","святого апостола Вартоломея, якого повернення мощів пам'ять звершуємо, святого апостола Тита",ні,,,,"Священник: Христос, істинний Бог наш - молитвами пречистої Своєї Матері, чесного і славного пророка, предтечі і хрестителя Івана, святих славних і всехвальних апостолів, святого отця нашого Івана Золотоустого, архиєпископа Константинополя, і святого, якого є храм, і святого апостола Вартоломея, якого повернення мощів пам'ять звершуємо, святого апостола Тита, і всіх святих - помилує і спасе нас як благий і людинолюбний.","Священник: Христос, істинний Бог наш - молитвами пречистої Своєї Матері, чесного і славного пророка, предтечі і хрестителя Івана, святих славних і всехвальних апостолів, і святого, якого є храм, і святого апостола Вартоломея, якого повернення мощів пам'ять звершуємо, святого апостола Тита, і всіх святих - помилує і спасе нас як благий і людинолюбний.",
Серпень,26.08,3,ср,"Неділя по Різдві. Пам’ять святих і праведних Йосифа Обручника, Давида, царя, і Якова, брата Божого 🕃 Св. ап., первмч. й архдияк. Стефана Прп. й ісп. Теодора Начертанного, брата Теофана, творця канонів",святих мучеників Адріана й Наталії,ні,,,,"Священник: Христос, істинний Бог наш - молитвами пречистої Своєї Матері, силою чесного і животворчого хреста, заступництвом святих славних і всехвальних апостолів, святого отця нашого Івана Золотоустого, архиєпископа Константинополя, і святого, якого є храм, і святих мучеників Адріана й Наталії, і всіх святих - помилує і спасе нас як благий і людинолюбний.","Священник: Христос, істинний Бог наш - молитвами пречистої Своєї Матері, силою чесного і животворчого хреста, заступництвом святих славних і всехвальних апостолів, і святого, якого є храм, і святих мучеників Адріана й Наталії, і всіх святих - помилує і спасе нас як благий і людинолюбний.",
Серпень,27.08,4,чт,"Свв. двадцяти тисяч мчч., спалених у Нікомидії Блаж. сщмч. Григорія Хомишина, єп. Станіславівського","преподобного отця нашого Пімена, блаженних преподобномучениць Лаврентії Герасимів і Олімпії Біди",ні,,,,"Священник: Христос, істинний Бог наш - молитвами пречистої Своєї Матері, святих славних і всехвальних апостолів, святого отця нашого Миколая, архиєпископа Мир Ликійських, чудотворця, святого отця нашого Івана Золотоустого, архиєпископа Константинополя, і святого, якого є храм, і преподобного отця нашого Пімена, блаженних преподобномучениць Лаврентії Герасимів і Олімпії Біди, і всіх святих - помилує і спасе нас як благий і людинолюбний.","Священник: Христос, істинний Бог наш - молитвами пречистої Своєї Матері, святих славних і всехвальних апостолів, святого отця нашого Миколая, архиєпископа Мир Ликійських, чудотворця, і святого, якого є храм, і преподобного отця нашого Пімена, блаженних преподобномучениць Лаврентії Герасимів і Олімпії Біди, і всіх святих - помилує і спасе нас як благий і людинолюбний.",
Серпень,28.08,5,пт,"Свв. немовлят, за Христа вбитих у Вифлеємі Прп. Маркелла, ігум. монастиря невсипущих","преподобних отців Печерських, що спочивають у дальніх печерах, що їх собору пам'ять сьогодні звершуємо, преподобного Мойсея Мурина, святого отця нашого Августина, єпископа Іппонського, святого мученика Гебре Михаїла, пресвітера ефіопського",ні,,,,"Священник: Христос, істинний Бог наш - молитвами пречистої Своєї Матері, силою чесного і животворчого хреста, заступництвом святих славних і всехвальних апостолів, святого отця нашого Івана Золотоустого, архиєпископа Константинополя, і святого, якого є храм, і преподобних отців Печерських, що спочивають у дальніх печерах, що їх собору пам'ять сьогодні звершуємо, преподобного Мойсея Мурина, святого отця нашого Августина, єпископа Іппонського, святого мученика Гебре Михаїла, пресвітера ефіопського, і всіх святих - помилує і спасе нас як благий і людинолюбний.","Священник: Христос, істинний Бог наш - молитвами пречистої Своєї Матері, силою чесного і животворчого хреста, заступництвом святих славних і всехвальних апостолів, і святого, якого є храм, і преподобних отців Печерських, що спочивають у дальніх печерах, що їх собору пам'ять сьогодні звершуємо, преподобного Мойсея Мурина, святого отця нашого Августина, єпископа Іппонського, святого мученика Гебре Михаїла, пресвітера ефіопського, і всіх святих - помилує і спасе нас як благий і людинолюбний.",
Серпень,29.08,6,сб,"Св. мц. Анісії Прп. Зотика, пресвіт. і кормителя сиріт",,так,свято,,,"Священник: Христос, істинний Бог наш - молитвами пречистої Своєї Матері, чесного і славного пророка, предтечі і христителя Господнього Івана, що його чесної голови усікновення пам'ять сьогодні світло звершуємо, святого отця нашого Івана Золотоустого, архиєпископа Константинополя, і святого, якого є храм, і всіх святих - помилує і спасе нас як благий і людинолюбний.","Священник: Христос, істинний Бог наш - молитвами пречистої Своєї Матері, чесного і славного пророка, предтечі і христителя Господнього Івана, що його чесної голови усікновення пам'ять сьогодні світло звершуємо, і святого, якого є храм, і всіх святих - помилує і спасе нас як благий і людинолюбний.","Христос, істинний Бог наш - молитвами пречистої Своєї Матері, чесного і славного пророка, предтечі і христителя Господнього Івана, що його чесної голови усікновення пам'ять сьогодні світло звершуємо, святого отця нашого Івана Золотоустого, архиєпископа Константинополя, і святого, якого є храм,"
Серпень,30.08,7,нд,Прп. Меланії Римлянки Віддання Різдва Христового,"святих отців наших патріархів Царгородських: Олександра, Івана й Павла Нового",так,віддання,,,"Священник: Христос, що воскрес із мертвих, істинний Бог наш - молитвами пречистої Своєї Матері, чесного і славного пророка, предтечі і христителя Господнього Івана, що його чесної голови усікновення пам'ять звершуємо, святого отця нашого Івана Золотоустого, архиєпископа Константинополя, і святого, якого є храм, і святих отців наших патріархів Царгородських: Олександра, Івана й Павла Нового, і всіх святих - помилує і спасе нас як благий і людинолюбний.","Священник: Христос, що воскрес із мертвих, істинний Бог наш - молитвами пречистої Своєї Матері, чесного і славного пророка, предтечі і христителя Господнього Івана, що його чесної голови усікновення пам'ять звершуємо, і святого, якого є храм, і святих отців наших патріархів Царгородських: Олександра, Івана й Павла Нового, і всіх святих - помилує і спасе нас як благий і людинолюбний.",
Серпень,31.08,1,пн,🕂 Положення чесного пояса Пресвятої Владичиці нашої Богородиці,,так,свято,,,"Священник: Христос, істинний Бог наш - молитвами пречистої Своєї Матері, Пресвятої Владичиці нашої Богородиці, що її чесного пояса положення сьогодні пам'ять світло звершуємо, святих славних і всехвальних апостолів, святого отця нашого Івана Золотоустого, архиєпископа Константинополя, і святого, якого є храм, і всіх святих - помилує і спасе нас як благий і людинолюбний.","Священник: Христос, істинний Бог наш - молитвами пречистої Своєї Матері, Пресвятої Владичиці нашої Богородиці, що її чесного пояса положення сьогодні пам'ять світло звершуємо, святих славних і всехвальних апостолів, і святого, якого є храм, і всіх святих - помилує і спасе нас як благий і людинолюбний.","Христос, істинний Бог наш - молитвами пречистої Своєї Матері, Пресвятої Владичиці нашої Богородиці, що її чесного пояса положення сьогодні пам'ять світло звершуємо, святих славних і всехвальних апостолів, святого отця нашого Івана Золотоустого, архиєпископа Константинополя, і святого, якого є храм,"