0,1,2,3,4,5,6,7,8,9,10,,,
Місяць,Дата,#wd,"День
тижня",Мінейні Святі,Формулювання для відпусту,"Окремий
святковий
відпуст?","Фаза
свята","Текст 
для 
заміни","Формулю-
вання 
свята","Текст відпусту, Літургія","Текст відпусту, ВУ",,
Вересень,01.09,2,вв,"🕂 Початок індикту, нового року Пам’ять прп. Симеона Стовпника і матері його Марти Собор Пресв. Богородиці, що в Міясинах","преподобного отця нашого Симеона Стовпника, і матері його Марти",так,свято,,,"Священник: Христос, істинний Бог наш - молитвами пречистої Своєї Матері, що її собору в Міясинах пам'ять сьогодні звершуємо, святих славних і всехвальних апостолів, святого отця нашого Івана Золотоустого, архиєпископа Константинополя, і святого, якого є храм, і преподобного отця нашого Симеона Стовпника, і матері його Марти, і всіх святих - помилує і спасе нас як благий і людинолюбний.","Священник: Христос, істинний Бог наш - молитвами пречистої Своєї Матері, що її собору в Міясинах пам'ять сьогодні звершуємо, святих славних і всехвальних апостолів, і святого, якого є храм, і преподобного отця нашого Симеона Стовпника, і матері його Марти, і всіх святих - помилує і спасе нас як благий і людинолюбний.","Христос, істинний Бог наш - молитвами пречистої Своєї Матері, що її собору в Міясинах пам'ять сьогодні звершуємо, святих славних і всехвальних апостолів, святого отця нашого Івана Золотоустого, архиєпископа Константинополя, і святого, якого є храм,",
Вересень,02.09,3,ср,"Св. мч. Маманта Прп. Івана Посника, патр. Царгородського","святого мученика Маманта, преподобного отця нашого Івана Посника, патріярха Царгородського",ні,,,,"Священник: Христос, істинний Бог наш - молитвами пречистої Своєї Матері, силою чесного і животворчого хреста, заступництвом святих славних і всехвальних апостолів, святого отця нашого Івана Золотоустого, архиєпископа Константинополя, і святого, якого є храм, і святого мученика Маманта, преподобного отця нашого Івана Посника, патріярха Царгородського, і всіх святих - помилує і спасе нас як благий і людинолюбний.","Священник: Христос, істинний Бог наш - молитвами пречистої Своєї Матері, силою чесного і животворчого хреста, заступництвом святих славних і всехвальних апостолів, і святого, якого є храм, і святого мученика Маманта, преподобного отця нашого Івана Посника, патріярха Царгородського, і всіх святих - помилує і спасе нас як благий і людинолюбний.",,
Вересень,03.09,4,чт,"Св. сщмч. Антима, єп. Нікомидійського Прп. Теоктиста, співпосника вел. Євтимія","святого священномученика Антима, єпископа Нікомидійського, преподобного отця нашого Теоктиста, співпосника великого Євтимія",ні,,,,"Священник: Христос, істинний Бог наш - молитвами пречистої Своєї Матері, святих славних і всехвальних апостолів, святого отця нашого Миколая, архиєпископа Мир Ликійських, чудотворця, святого отця нашого Івана Золотоустого, архиєпископа Константинополя, і святого, якого є храм, і святого священномученика Антима, єпископа Нікомидійського, преподобного отця нашого Теоктиста, співпосника великого Євтимія, і всіх святих - помилує і спасе нас як благий і людинолюбний.","Священник: Христос, істинний Бог наш - молитвами пречистої Своєї Матері, святих славних і всехвальних апостолів, святого отця нашого Миколая, архиєпископа Мир Ликійських, чудотворця, і святого, якого є храм, і святого священномученика Антима, єпископа Нікомидійського, преподобного отця нашого Теоктиста, співпосника великого Євтимія, і всіх святих - помилує і спасе нас як благий і людинолюбний.",,
Вересень,04.09,5,пт,"Св. сщмч. Вавили, єп. Антіохійського Св. прор. й боговидця Мойсея","святого священномученика Вавили, єпископа Антіохійського, святого пророка й боговидця Мойсея",ні,,,,"Священник: Христос, істинний Бог наш - молитвами пречистої Своєї Матері, силою чесного і животворчого хреста, заступництвом святих славних і всехвальних апостолів, святого отця нашого Івана Золотоустого, архиєпископа Константинополя, і святого, якого є храм, і святого священномученика Вавили, єпископа Антіохійського, святого пророка й боговидця Мойсея, і всіх святих - помилує і спасе нас як благий і людинолюбний.","Священник: Христос, істинний Бог наш - молитвами пречистої Своєї Матері, силою чесного і животворчого хреста, заступництвом святих славних і всехвальних апостолів, і святого, якого є храм, і святого священномученика Вавили, єпископа Антіохійського, святого пророка й боговидця Мойсея, і всіх святих - помилує і спасе нас як благий і людинолюбний.",,
Вересень,05.09,6,сб,"🕃 Свв. прор. Захарії та прав. Єлисавети, батьків чесного Івана Предтечі Прп. Терези з Калькутти","святих пророка Захарії та праведної Єлисавети, батьків чесного Івана Предтечі, преподобної матері нашої Терези з Калькутти",ні,,,,"Священник: Христос, істинний Бог наш - молитвами пречистої Своєї Матері, силою чесного і животворчого Хреста, заступництвом чесних небесних сил безтілесних, чесного і славного пророка, предтечі і хрестителя Івана, святих славних і всехвальних апостолів, святого отця нашого Миколая, архиєпископа Мир Ликійських, чудотворця, святих славних і переможних мучеників, преподобних і богоносних отців наших, святого отця нашого Івана Золотоустого, архиєпископа Константинополя, святих і праведних богоотців Йоакима й Анни, і святого, якого є храм, і святих пророка Захарії та праведної Єлисавети, батьків чесного Івана Предтечі, преподобної матері нашої Терези з Калькутти, і всіх святих - помилує і спасе нас як благий і людинолюбний.","Священник: Христос, істинний Бог наш - молитвами пречистої Своєї Матері, силою чесного і животворчого Хреста, заступництвом чесних небесних сил безтілесних, чесного і славного пророка, предтечі і хрестителя Івана, святих славних і всехвальних апостолів, святого отця нашого Миколая, архиєпископа Мир Ликійських, чудотворця, святих славних і переможних мучеників, преподобних і богоносних отців наших, святих і праведних богоотців Йоакима й Анни, і святого, якого є храм, і святих пророка Захарії та праведної Єлисавети, батьків чесного Івана Предтечі, преподобної матері нашої Терези з Калькутти, і всіх святих - помилує і спасе нас як благий і людинолюбний.",,
Вересень,06.09,7,нд,"Неділя 14-та по Зісланні Святого Духа. 🕃 Спогад про чудо, яке було в Колосах, тобто в Хонах, від архистр. Михаїла Св. мч. Євдоксія і тих, що з ним Прп. Архипа","заступництвом святого архистратига Михаїла, якого чудо в Колосах сьогодні пам'ять звершуємо, молитвами святого мученика Євдоксія і тих, що з ним, преподобного отця нашого Архипа",ні,,,,"Священник: Христос, що воскрес із мертвих, істинний Бог наш - молитвами пречистої Своєї Матері, святих славних і всехвальних апостолів, святого отця нашого Івана Золотоустого, архиєпископа Константинополя, і святого, якого є храм, і заступництвом святого архистратига Михаїла, якого чудо в Колосах сьогодні пам'ять звершуємо, молитвами святого мученика Євдоксія і тих, що з ним, преподобного отця нашого Архипа, і всіх святих - помилує і спасе нас як благий і людинолюбний.","Священник: Христос, що воскрес із мертвих, істинний Бог наш - молитвами пречистої Своєї Матері, святих славних і всехвальних апостолів, і святого, якого є храм, і заступництвом святого архистратига Михаїла, якого чудо в Колосах сьогодні пам'ять звершуємо, молитвами святого мученика Євдоксія і тих, що з ним, преподобного отця нашого Архипа, і всіх святих - помилує і спасе нас як благий і людинолюбний.",,
Вересень,07.09,1,пн,🕃 Передсвяття Різдва Пресвятої Богородиці Св. мч. Созонта,святого мученика Созонта,ні,,,,"Священник: Христос, істинний Бог наш - молитвами пречистої Своєї Матері, заступництвом чесних небесних сил безтілесних, святих славних і всехвальних апостолів, святого отця нашого Івана Золотоустого, архиєпископа Константинополя, і святого, якого є храм, і святого мученика Созонта, і всіх святих - помилує і спасе нас як благий і людинолюбний.","Священник: Христос, істинний Бог наш - молитвами пречистої Своєї Матері, заступництвом чесних небесних сил безтілесних, святих славних і всехвальних апостолів, і святого, якого є храм, і святого мученика Созонта, і всіх святих - помилує і спасе нас як благий і людинолюбний.",,
Вересень,08.09,2,вв,🕀 Різдво Пресвятої Владичиці нашої Богородиці і Приснодіви Марії,,так,свято,,,"Священник: Христос, істинний Бог наш - молитвами пречистої Своєї Матері, якої Різдва сьогодні торжественне свято світло звершуємо, святих славних і всехвальних апостолів, святого отця нашого Івана Золотоустого, архиєпископа Константинополя, і святого, якого є храм, і всіх святих - помилує і спасе нас як благий і людинолюбний.","Священник: Христос, істинний Бог наш - молитвами пречистої Своєї Матері, якої Різдва сьогодні торжественне свято світло звершуємо, святих славних і всехвальних апостолів, і святого, якого є храм, і всіх святих - помилує і спасе нас як благий і людинолюбний.","Христос, істинний Бог наш - молитвами пречистої Своєї Матері, якої Різдва сьогодні торжественне свято світло звершуємо, святих славних і всехвальних апостолів, святого отця нашого Івана Золотоустого, архиєпископа Константинополя, і святого, якого є храм,",
Вересень,09.09,3,ср,🕃 Свв. і правв. богоотців Йоакима й Анни Св. мч. Северіана,"святих і праведних богоотців Йоакима й Анни, святого мученика Северіана",так,посвяття,,,"Священник: Христос, істинний Бог наш - молитвами пречистої Своєї Матері, якої Різдва свято звершуємо, святих славних і всехвальних апостолів, святого отця нашого Івана Золотоустого, архиєпископа Константинополя, і святого, якого є храм, і святих і праведних богоотців Йоакима й Анни, святого мученика Северіана, і всіх святих - помилує і спасе нас як благий і людинолюбний.","Священник: Христос, істинний Бог наш - молитвами пречистої Своєї Матері, якої Різдва свято звершуємо, святих славних і всехвальних апостолів, і святого, якого є храм, і святих і праведних богоотців Йоакима й Анни, святого мученика Северіана, і всіх святих - помилує і спасе нас як благий і людинолюбний.","Христос, істинний Бог наш - молитвами пречистої Своєї Матері, якої Різдва сьогодні торжественне свято світло звершуємо, святих славних і всехвальних апостолів, святого отця нашого Івана Золотоустого, архиєпископа Константинополя, і святого, якого є храм, ",
Вересень,10.09,4,чт,"Свв. мцц. Минодори, Митродори й Німфодори","святих мучениць Минодори, Митродори й Німфодори",так,посвяття,,,"Священник: Христос, істинний Бог наш - молитвами пречистої Своєї Матері, якої Різдва свято звершуємо, святих славних і всехвальних апостолів, святого отця нашого Івана Золотоустого, архиєпископа Константинополя, і святого, якого є храм, і святих мучениць Минодори, Митродори й Німфодори, і всіх святих - помилує і спасе нас як благий і людинолюбний.","Священник: Христос, істинний Бог наш - молитвами пречистої Своєї Матері, якої Різдва свято звершуємо, святих славних і всехвальних апостолів, і святого, якого є храм, і святих мучениць Минодори, Митродори й Німфодори, і всіх святих - помилує і спасе нас як благий і людинолюбний.","Христос, істинний Бог наш - молитвами пречистої Своєї Матері, якої Різдва сьогодні торжественне свято світло звершуємо, святих славних і всехвальних апостолів, святого отця нашого Івана Золотоустого, архиєпископа Константинополя, і святого, якого є храм, ",
Вересень,11.09,5,пт,Прп. Теодори Олександрійської,преподобної матері нашої Теодори Олександрійської,так,посвяття,,,"Священник: Христос, істинний Бог наш - молитвами пречистої Своєї Матері, якої Різдва свято звершуємо, святих славних і всехвальних апостолів, святого отця нашого Івана Золотоустого, архиєпископа Константинополя, і святого, якого є храм, і преподобної матері нашої Теодори Олександрійської, і всіх святих - помилує і спасе нас як благий і людинолюбний.","Священник: Христос, істинний Бог наш - молитвами пречистої Своєї Матері, якої Різдва свято звершуємо, святих славних і всехвальних апостолів, і святого, якого є храм, і преподобної матері нашої Теодори Олександрійської, і всіх святих - помилує і спасе нас як благий і людинолюбний.","Христос, істинний Бог наш - молитвами пречистої Своєї Матері, якої Різдва сьогодні торжественне свято світло звершуємо, святих славних і всехвальних апостолів, святого отця нашого Івана Золотоустого, архиєпископа Константинополя, і святого, якого є храм, ",
Вересень,12.09,6,сб,Субота перед Воздвиженям Св. сщмч. Автонома Віддання Різдва Пресв. Богородиці</i>,святого священномученика Автонома,так,віддання,,,"Священник: Христос, істинний Бог наш - молитвами пречистої Своєї Матері, якої Різдва свято звершуємо, святих славних і всехвальних апостолів, святого отця нашого Івана Золотоустого, архиєпископа Константинополя, і святого, якого є храм, і святого священномученика Автонома, і всіх святих - помилує і спасе нас як благий і людинолюбний.","Священник: Христос, істинний Бог наш - молитвами пречистої Своєї Матері, якої Різдва свято звершуємо, святих славних і всехвальних апостолів, і святого, якого є храм, і святого священномученика Автонома, і всіх святих - помилує і спасе нас як благий і людинолюбний.",,
Вересень,13.09,7,нд,"Неділя перед Воздвиженям 🕃 Пам’ять оновл. храму Св. Воскресіння Христа і Бога нашого Предсвяття Воздвиження чесного й животворного Хреста Св. сщмч. Корнилія, сотника","святого священномученика Корнилія, сотника",так,свято,,,"Священник: Христос, що воскрес із мертвих, істинний Бог наш - молитвами пречистої Своєї Матері, святих славних і всехвальних апостолів, святого отця нашого Івана Золотоустого, архиєпископа Константинополя, і святого, якого є храм, і святого священномученика Корнилія, сотника, і всіх святих - помилує і спасе нас як благий і людинолюбний.","Священник: Христос, що воскрес із мертвих, істинний Бог наш - молитвами пречистої Своєї Матері, святих славних і всехвальних апостолів, і святого, якого є храм, і святого священномученика Корнилія, сотника, і всіх святих - помилує і спасе нас як благий і людинолюбний.","Христос, істинний Бог наш, що задля нас увесь Свій задум сповнив і благозволив, щоб споруджений в Єрусалимі собор освячено було в ім'я святого Його Воскресіння - молитвами пречистої Своєї Матері, святих славних і всехвальних апостолів, святого отця нашого Івана Золотоустого, архиєпископа Константинополя, і святого, якого є храм,",
Вересень,14.09,1,пн,🕀 Всесвітнє Воздвиження чесного й животворчого Хреста,,так,свято,,,"Священник: Христос, істинний Бог наш - молитвами пречистої Своєї матері, силою чесного і животворного Хреста, якого сьогодні всесвітнє воздвиження світло святкуємо, святого отця нашого Івана Золотоустого, архиєпископа Константинополя, і святого, якого є храм, і всіх святих - помилує і спасе нас як благий і людинолюбний.","Священник: Христос, істинний Бог наш - молитвами пречистої Своєї матері, силою чесного і животворного Хреста, якого сьогодні всесвітнє воздвиження світло святкуємо, і святого, якого є храм, і всіх святих - помилує і спасе нас як благий і людинолюбний.","Христос, істинний Бог наш - молитвами пречистої Своєї матері, силою чесного і животворного Хреста, якого сьогодні всесвітнє воздвиження світло святкуємо, святого отця нашого Івана Золотоустого, архиєпископа Константинополя, і святого, якого є храм,",
Вересень,15.09,2,вв,🕃 Св. вмч. Микити,святого великомученика Микити,так,посвяття,,,"Священник: Христос, істинний Бог наш - молитвами пречистої Своєї матері, силою чесного і животворного Хреста, якого всесвітнє воздвиження святкуємо, святого отця нашого Івана Золотоустого, архиєпископа Константинополя, і святого, якого є храм, і святого великомученика Микити, і всіх святих - помилує і спасе нас як благий і людинолюбний.","Священник: Христос, істинний Бог наш - молитвами пречистої Своєї матері, силою чесного і животворного Хреста, якого всесвітнє воздвиження святкуємо, і святого, якого є храм, і святого великомученика Микити, і всіх святих - помилує і спасе нас як благий і людинолюбний.","Христос, істинний Бог наш - молитвами пречистої Своєї матері, силою чесного і животворного Хреста, якого сьогодні всесвітнє воздвиження світло святкуємо, святого отця нашого Івана Золотоустого, архиєпископа Константинополя, і святого, якого є храм, ",
Вересень,16.09,3,ср,🕃 Св. вмц. Євфимії всехвальної,святої великомучениці Євфимії всехвальної,так,посвяття,,,"Священник: Христос, істинний Бог наш - молитвами пречистої Своєї матері, силою чесного і животворного Хреста, якого всесвітнє воздвиження святкуємо, святого отця нашого Івана Золотоустого, архиєпископа Константинополя, і святого, якого є храм, і святої великомучениці Євфимії всехвальної, і всіх святих - помилує і спасе нас як благий і людинолюбний.","Священник: Христос, істинний Бог наш - молитвами пречистої Своєї матері, силою чесного і животворного Хреста, якого всесвітнє воздвиження святкуємо, і святого, якого є храм, і святої великомучениці Євфимії всехвальної, і всіх святих - помилує і спасе нас як благий і людинолюбний.","Христос, істинний Бог наш - молитвами пречистої Своєї матері, силою чесного і животворного Хреста, якого сьогодні всесвітнє воздвиження світло святкуємо, святого отця нашого Івана Золотоустого, архиєпископа Константинополя, і святого, якого є храм, ",
Вересень,17.09,4,чт,"Св. мц. Софії і трьох її дочок: Віри, Надії й Любові","святої мучениці Софії і трьох її дочок: Віри, Надії й Любові",так,посвяття,,,"Священник: Христос, істинний Бог наш - молитвами пречистої Своєї матері, силою чесного і животворного Хреста, якого всесвітнє воздвиження святкуємо, святого отця нашого Івана Золотоустого, архиєпископа Константинополя, і святого, якого є храм, і святої мучениці Софії і трьох її дочок: Віри, Надії й Любові, і всіх святих - помилує і спасе нас як благий і людинолюбний.","Священник: Христос, істинний Бог наш - молитвами пречистої Своєї матері, силою чесного і животворного Хреста, якого всесвітнє воздвиження святкуємо, і святого, якого є храм, і святої мучениці Софії і трьох її дочок: Віри, Надії й Любові, і всіх святих - помилує і спасе нас як благий і людинолюбний.","Христос, істинний Бог наш - молитвами пречистої Своєї матері, силою чесного і животворного Хреста, якого сьогодні всесвітнє воздвиження світло святкуємо, святого отця нашого Івана Золотоустого, архиєпископа Константинополя, і святого, якого є храм, ",
Вересень,18.09,5,пт,"Прп. Євменія, єп. Гортинського, чудотв.","преподобного отця нашого Євменія, єпископа Гортинського, чудотворця",так,посвяття,,,"Священник: Христос, істинний Бог наш - молитвами пречистої Своєї матері, силою чесного і животворного Хреста, якого всесвітнє воздвиження святкуємо, святого отця нашого Івана Золотоустого, архиєпископа Константинополя, і святого, якого є храм, і преподобного отця нашого Євменія, єпископа Гортинського, чудотворця, і всіх святих - помилує і спасе нас як благий і людинолюбний.","Священник: Христос, істинний Бог наш - молитвами пречистої Своєї матері, силою чесного і животворного Хреста, якого всесвітнє воздвиження святкуємо, і святого, якого є храм, і преподобного отця нашого Євменія, єпископа Гортинського, чудотворця, і всіх святих - помилує і спасе нас як благий і людинолюбний.","Христос, істинний Бог наш - молитвами пречистої Своєї матері, силою чесного і животворного Хреста, якого сьогодні всесвітнє воздвиження світло святкуємо, святого отця нашого Івана Золотоустого, архиєпископа Константинополя, і святого, якого є храм, ",
Вересень,19.09,6,сб,"Субота по Воздвиженні Свв. мчч. Трофима, Савватія й Доримедонта","святих мученків Трофима, Савватія й Доримедонта",так,посвяття,,,"Священник: Христос, істинний Бог наш - молитвами пречистої Своєї матері, силою чесного і животворного Хреста, якого всесвітнє воздвиження святкуємо, святого отця нашого Івана Золотоустого, архиєпископа Константинополя, і святого, якого є храм, і святих мученків Трофима, Савватія й Доримедонта, і всіх святих - помилує і спасе нас як благий і людинолюбний.","Священник: Христос, істинний Бог наш - молитвами пречистої Своєї матері, силою чесного і животворного Хреста, якого всесвітнє воздвиження святкуємо, і святого, якого є храм, і святих мученків Трофима, Савватія й Доримедонта, і всіх святих - помилує і спасе нас як благий і людинолюбний.","Христос, істинний Бог наш - молитвами пречистої Своєї матері, силою чесного і животворного Хреста, якого сьогодні всесвітнє воздвиження світло святкуємо, святого отця нашого Івана Золотоустого, архиєпископа Константинополя, і святого, якого є храм, ",
Вересень,20.09,7,нд,"Неділя по Воздвиженні 🕃 Свв. мчч. та іспп. – вел. князя Михаїла та боярина його Теодора, чернігівських чудотв. 🕃 Св. вмч. Євстатія і тих, що з ним","святих мучеників та ісповідників – великого князя Михаїла та боярина його Теодора, чернігівських чудотворців, святого великомученика Євстатія і тих, що з ним",так,посвяття,,,"Священник: Христос, що воскрес із мертвих, істинний Бог наш - молитвами пречистої Своєї матері, силою чесного і животворного Хреста, якого всесвітнє воздвиження святкуємо, святого отця нашого Івана Золотоустого, архиєпископа Константинополя, і святого, якого є храм, і святих мучеників та ісповідників – великого князя Михаїла та боярина його Теодора, чернігівських чудотворців, святого великомученика Євстатія і тих, що з ним, і всіх святих - помилує і спасе нас як благий і людинолюбний.","Священник: Христос, що воскрес із мертвих, істинний Бог наш - молитвами пречистої Своєї матері, силою чесного і животворного Хреста, якого всесвітнє воздвиження святкуємо, і святого, якого є храм, і святих мучеників та ісповідників – великого князя Михаїла та боярина його Теодора, чернігівських чудотворців, святого великомученика Євстатія і тих, що з ним, і всіх святих - помилує і спасе нас як благий і людинолюбний.","Христос, істинний Бог наш - молитвами пречистої Своєї матері, силою чесного і животворного Хреста, якого сьогодні всесвітнє воздвиження світло святкуємо, святого отця нашого Івана Золотоустого, архиєпископа Константинополя, і святого, якого є храм, ",
Вересень,21.09,1,пн,"Св. ап. Кодрата, що в Магнисії Віддання Воздвиження чесного й животворного Хреста","святого апостола Кодрата, що в Магнисії",так,віддання,,,"Священник: Христос, істинний Бог наш - молитвами пречистої Своєї матері, силою чесного і животворного Хреста, якого всесвітнє воздвиження святкуємо, святого отця нашого Івана Золотоустого, архиєпископа Константинополя, і святого, якого є храм, і святого апостола Кодрата, що в Магнисії, і всіх святих - помилує і спасе нас як благий і людинолюбний.","Священник: Христос, істинний Бог наш - молитвами пречистої Своєї матері, силою чесного і животворного Хреста, якого всесвітнє воздвиження святкуємо, і святого, якого є храм, і святого апостола Кодрата, що в Магнисії, і всіх святих - помилує і спасе нас як благий і людинолюбний.",,
Вересень,22.09,2,вв,"Св. сщмч. Фоки, єп. Синопійського Св. прор. Йони Прп. Йони, пресвіт.","святого священномученика Фоки, єпископа Синопійського, святого пророка Йони, преподобного Йони, пресвітера",ні,,,,"Священник: Христос, істинний Бог наш - молитвами пречистої Своєї Матері, чесного і славного пророка, предтечі і хрестителя Івана, святих славних і всехвальних апостолів, святого отця нашого Івана Золотоустого, архиєпископа Константинополя, і святого, якого є храм, і святого священномученика Фоки, єпископа Синопійського, святого пророка Йони, преподобного Йони, пресвітера, і всіх святих - помилує і спасе нас як благий і людинолюбний.","Священник: Христос, істинний Бог наш - молитвами пречистої Своєї Матері, чесного і славного пророка, предтечі і хрестителя Івана, святих славних і всехвальних апостолів, і святого, якого є храм, і святого священномученика Фоки, єпископа Синопійського, святого пророка Йони, преподобного Йони, пресвітера, і всіх святих - помилує і спасе нас як благий і людинолюбний.",,
Вересень,23.09,3,ср,"🕃 Зачаття чесного славн. прор., предтечі і хрестителя Господнього Івана",,так,свято,,,"Священник: Христос, істинний Бог наш - молитвами пречистої Своєї Матері, чесного і славного пророка, предтечі і христителя Господнього Івана, якого свято зачаття сьогодні світло звершуємо, святих славних і всехвальних апостолів, святого отця нашого Івана Золотоустого, архиєпископа Константинополя, і святого, якого є храм, і всіх святих - помилує і спасе нас як благий і людинолюбний.","Священник: Христос, істинний Бог наш - молитвами пречистої Своєї Матері, чесного і славного пророка, предтечі і христителя Господнього Івана, якого свято зачаття сьогодні світло звершуємо, святих славних і всехвальних апостолів, і святого, якого є храм, і всіх святих - помилує і спасе нас як благий і людинолюбний.","Христос, істинний Бог наш - молитвами пречистої Своєї Матері, чесного і славного пророка, предтечі і христителя Господнього Івана, якого свято зачаття сьогодні світло звершуємо, святих славних і всехвальних апостолів, святого отця нашого Івана Золотоустого, архиєпископа Константинополя, і святого, якого є храм,",
Вересень,24.09,4,чт,🕃 Св. первмц. й рівноап. Теклі,святої первомучениці й рівноапостольної Теклі,ні,,,,"Священник: Христос, істинний Бог наш - молитвами пречистої Своєї Матері, святих славних і всехвальних апостолів, святого отця нашого Миколая, архиєпископа Мир Ликійських, чудотворця, святого отця нашого Івана Золотоустого, архиєпископа Константинополя, і святого, якого є храм, і святої первомучениці й рівноапостольної Теклі, і всіх святих - помилує і спасе нас як благий і людинолюбний.","Священник: Христос, істинний Бог наш - молитвами пречистої Своєї Матері, святих славних і всехвальних апостолів, святого отця нашого Миколая, архиєпископа Мир Ликійських, чудотворця, і святого, якого є храм, і святої первомучениці й рівноапостольної Теклі, і всіх святих - помилує і спасе нас як благий і людинолюбний.",,
Вересень,25.09,5,пт,Прп. Євфросинії,преподобної матері нашої Євфросинії,ні,,,,"Священник: Христос, істинний Бог наш - молитвами пречистої Своєї Матері, силою чесного і животворчого хреста, заступництвом святих славних і всехвальних апостолів, святого отця нашого Івана Золотоустого, архиєпископа Константинополя, і святого, якого є храм, і преподобної матері нашої Євфросинії, і всіх святих - помилує і спасе нас як благий і людинолюбний.","Священник: Христос, істинний Бог наш - молитвами пречистої Своєї Матері, силою чесного і животворчого хреста, заступництвом святих славних і всехвальних апостолів, і святого, якого є храм, і преподобної матері нашої Євфросинії, і всіх святих - помилує і спасе нас як благий і людинолюбний.",,
Вересень,26.09,6,сб,🕁 Переставл. св. ап. і єв. Івана Богослова,,так,свято,,,"Священник: Христос, істинний Бог наш - молитвами пречистої Своєї Матері, святого, славного і всехвального апостола і євангелиста, дівственника, наперсника і возлюбленого учня Христового Івана Богослова, якого сьогодні чесного переставлення пам'ять торжественно празнуємо, святого отця нашого Івана Золотоустого, архиєпископа Константинополя, і святого, якого є храм, і всіх святих - помилує і спасе нас як благий і людинолюбний.","Священник: Христос, істинний Бог наш - молитвами пречистої Своєї Матері, святого, славного і всехвального апостола і євангелиста, дівственника, наперсника і возлюбленого учня Христового Івана Богослова, якого сьогодні чесного переставлення пам'ять торжественно празнуємо, і святого, якого є храм, і всіх святих - помилує і спасе нас як благий і людинолюбний.","Христос, істинний Бог наш - молитвами пречистої Своєї Матері, святого, славного і всехвального апостола і євангелиста, дівственника, наперсника і возлюбленого учня Христового Івана Богослова, якого сьогодні чесного переставлення пам'ять торжественно празнуємо, святого отця нашого Івана Золотоустого, архиєпископа Константинополя, і святого, якого є храм,",
Вересень,27.09,7,нд,"Неділя 17-та по Зісланні Святого Духа. Св. мч. Калістрата і тих, що з ним Прп. Ніла, основника й ігум. монастиря Гроттаферратського","святого мученика Калістрата і тих, що з ним, преподобного отця нашого Ніла, основника й ігумена монастиря Гроттаферратського",ні,,,,"Священник: Христос, що воскрес із мертвих, істинний Бог наш - молитвами пречистої Своєї Матері, святих славних і всехвальних апостолів, святого отця нашого Івана Золотоустого, архиєпископа Константинополя, і святого, якого є храм, і святого мученика Калістрата і тих, що з ним, преподобного отця нашого Ніла, основника й ігумена монастиря Гроттаферратського, і всіх святих - помилує і спасе нас як благий і людинолюбний.","Священник: Христос, що воскрес із мертвих, істинний Бог наш - молитвами пречистої Своєї Матері, святих славних і всехвальних апостолів, і святого, якого є храм, і святого мученика Калістрата і тих, що з ним, преподобного отця нашого Ніла, основника й ігумена монастиря Гроттаферратського, і всіх святих - помилує і спасе нас як благий і людинолюбний.",,
Вересень,28.09,1,пн,"🕂 Прп. й ісп. Харитона Св. мц. Людмили і св. В’ячеслава, князя чеського Собор прпп. отців Печерських, що споч. у бл. печерах прп. Антонія Блаж. сщмч. Никити Будки, єп.","преподобного отця нашого й ісповідника Харитона, якого сьогодні пам'ять світло звершуємо, святої мучениці Людмили і святого В’ячеслава, князя чеського, собор преподобних отців Печерських, що спочивають у ближніх печерах преподобного Антонія, блаженного священномученика Никити, єпископа",так,свято,,,"Священник: Христос, істинний Бог наш - молитвами пречистої Своєї Матері, святих славних і всехвальних апостолів, святого отця нашого Івана Золотоустого, архиєпископа Константинополя, і святого, якого є храм, і преподобного отця нашого й ісповідника Харитона, якого сьогодні пам'ять світло звершуємо, святої мучениці Людмили і святого В’ячеслава, князя чеського, собор преподобних отців Печерських, що спочивають у ближніх печерах преподобного Антонія, блаженного священномученика Никити, єпископа, і всіх святих - помилує і спасе нас як благий і людинолюбний.","Священник: Христос, істинний Бог наш - молитвами пречистої Своєї Матері, святих славних і всехвальних апостолів, і святого, якого є храм, і преподобного отця нашого й ісповідника Харитона, якого сьогодні пам'ять світло звершуємо, святої мучениці Людмили і святого В’ячеслава, князя чеського, собор преподобних отців Печерських, що спочивають у ближніх печерах преподобного Антонія, блаженного священномученика Никити, єпископа, і всіх святих - помилує і спасе нас як благий і людинолюбний.","Христос, істинний Бог наш - молитвами пречистої Своєї Матері, святих славних і всехвальних апостолів, святого отця нашого Івана Золотоустого, архиєпископа Константинополя, і святого, якого є храм,",
Вересень,29.09,2,вв,"🕃 Прп. Киріака, самітника","преподобного отця нашого Киріака, самітника",ні,,,,"Священник: Христос, істинний Бог наш - молитвами пречистої Своєї Матері, чесного і славного пророка, предтечі і хрестителя Івана, святих славних і всехвальних апостолів, святого отця нашого Івана Золотоустого, архиєпископа Константинополя, і святого, якого є храм, і преподобного отця нашого Киріака, самітника, і всіх святих - помилує і спасе нас як благий і людинолюбний.","Священник: Христос, істинний Бог наш - молитвами пречистої Своєї Матері, чесного і славного пророка, предтечі і хрестителя Івана, святих славних і всехвальних апостолів, і святого, якого є храм, і преподобного отця нашого Киріака, самітника, і всіх святих - помилує і спасе нас як благий і людинолюбний.",,
Вересень,30.09,3,ср,"🕃 Св. сщмч. Григорія, єп. Великої Вірменії","святого священномученика Григорія, єпископа Великої Вірменії",ні,,,,"Священник: Христос, істинний Бог наш - молитвами пречистої Своєї Матері, силою чесного і животворчого хреста, заступництвом святих славних і всехвальних апостолів, святого отця нашого Івана Золотоустого, архиєпископа Константинополя, і святого, якого є храм, і святого священномученика Григорія, єпископа Великої Вірменії, і всіх святих - помилує і спасе нас як благий і людинолюбний.","Священник: Христос, істинний Бог наш - молитвами пречистої Своєї Матері, силою чесного і животворчого хреста, заступництвом святих славних і всехвальних апостолів, і святого, якого є храм, і святого священномученика Григорія, єпископа Великої Вірменії, і всіх святих - помилує і спасе нас як благий і людинолюбний.",,
Жовтень,01.10,4,чт,"🕀 Покров Пресвятої Богородиці Св. ап. Ананії, одного із сімдесятьох Прп. Романа Сладкопівця","святого апостола Ананії, одного із сімдесятьох, преподобного отця нашого Романа Сладкопівця",так,свято,,,"Священник: Христос, істинний Бог наш - молитвами пречистої Своєї Матері, якої Покрову сьогодні торжественне свято світло звершуємо, святих славних і всехвальних апостолів, святого отця нашого Івана Золотоустого, архиєпископа Константинополя, і святого апостола Ананії, одного із сімдесятьох, преподобного отця нашого Романа Сладкопівця, і всіх святих - помилує і спасе нас як благий і людинолюбний.","Священник: Христос, істинний Бог наш - молитвами пречистої Своєї Матері, якої Покрову сьогодні торжественне свято світло звершуємо, святих славних і всехвальних апостолів, і святого апостола Ананії, одного із сімдесятьох, преподобного отця нашого Романа Сладкопівця, і всіх святих - помилує і спасе нас як благий і людинолюбний.","Христос, істинний Бог наш - молитвами пречистої Своєї Матері, якої Покрову сьогодні торжественне свято світло звершуємо, святих славних і всехвальних апостолів, святого отця нашого Івана Золотоустого, архиєпископа Константинополя,",
Жовтень,02.10,5,пт,"🕃 Св. сщмч. Кипріана Св. мц. Юстини Св. Андрія, Христа ради юродивого","святого священномученика Кипріана, святої мучениці Юстини, святого Андрія, Христа ради юродивого",ні,,,,"Священник: Христос, істинний Бог наш - молитвами пречистої Своєї Матері, силою чесного і животворчого хреста, заступництвом святих славних і всехвальних апостолів, святого отця нашого Івана Золотоустого, архиєпископа Константинополя, і святого, якого є храм, і святого священномученика Кипріана, святої мучениці Юстини, святого Андрія, Христа ради юродивого, і всіх святих - помилує і спасе нас як благий і людинолюбний.","Священник: Христос, істинний Бог наш - молитвами пречистої Своєї Матері, силою чесного і животворчого хреста, заступництвом святих славних і всехвальних апостолів, і святого, якого є храм, і святого священномученика Кипріана, святої мучениці Юстини, святого Андрія, Христа ради юродивого, і всіх святих - помилує і спасе нас як благий і людинолюбний.",,
Жовтень,03.10,6,сб,🕃 Св. сщмч. Діонісія Ареопагіта,святого священномученика Діонісія Ареопагіта,ні,,,,"Священник: Христос, істинний Бог наш - молитвами пречистої Своєї Матері, силою чесного і животворчого Хреста, заступництвом чесних небесних сил безтілесних, чесного і славного пророка, предтечі і хрестителя Івана, святих славних і всехвальних апостолів, святого отця нашого Миколая, архиєпископа Мир Ликійських, чудотворця, святих славних і переможних мучеників, преподобних і богоносних отців наших, святого отця нашого Івана Золотоустого, архиєпископа Константинополя, святих і праведних богоотців Йоакима й Анни, і святого, якого є храм, і святого священномученика Діонісія Ареопагіта, і всіх святих - помилує і спасе нас як благий і людинолюбний.","Священник: Христос, істинний Бог наш - молитвами пречистої Своєї Матері, силою чесного і животворчого Хреста, заступництвом чесних небесних сил безтілесних, чесного і славного пророка, предтечі і хрестителя Івана, святих славних і всехвальних апостолів, святого отця нашого Миколая, архиєпископа Мир Ликійських, чудотворця, святих славних і переможних мучеників, преподобних і богоносних отців наших, святих і праведних богоотців Йоакима й Анни, і святого, якого є храм, і святого священномученика Діонісія Ареопагіта, і всіх святих - помилує і спасе нас як благий і людинолюбний.",,
Жовтень,04.10,7,нд,"Неділя 18-та по Зісланні Святого Духа. Св. сщмч. Єротея, єп. Атенського Прп. Франциска Асизького","святого священномученика Єротея, єпископа Атенського, преподобного отця нашого Франциска Асизького",ні,,,,"Священник: Христос, що воскрес із мертвих, істинний Бог наш - молитвами пречистої Своєї Матері, святих славних і всехвальних апостолів, святого отця нашого Івана Золотоустого, архиєпископа Константинополя, і святого, якого є храм, і святого священномученика Єротея, єпископа Атенського, преподобного отця нашого Франциска Асизького, і всіх святих - помилує і спасе нас як благий і людинолюбний.","Священник: Христос, що воскрес із мертвих, істинний Бог наш - молитвами пречистої Своєї Матері, святих славних і всехвальних апостолів, і святого, якого є храм, і святого священномученика Єротея, єпископа Атенського, преподобного отця нашого Франциска Асизького, і всіх святих - помилує і спасе нас як благий і людинолюбний.",,
Жовтень,05.10,1,пн,Св. мц. Харитини,святої мучениці Харитини,ні,,,,"Священник: Христос, істинний Бог наш - молитвами пречистої Своєї Матері, заступництвом чесних небесних сил безтілесних, святих славних і всехвальних апостолів, святого отця нашого Івана Золотоустого, архиєпископа Константинополя, і святого, якого є храм, і святої мучениці Харитини, і всіх святих - помилує і спасе нас як благий і людинолюбний.","Священник: Христос, істинний Бог наш - молитвами пречистої Своєї Матері, заступництвом чесних небесних сил безтілесних, святих славних і всехвальних апостолів, і святого, якого є храм, і святої мучениці Харитини, і всіх святих - помилує і спасе нас як благий і людинолюбний.",,
Жовтень,06.10,2,вв,🕂 Св. і славн. ап. Томи,"святого і славного апостола Томи, якого сьогодні пам'ять світло звершуємо",так,свято,,,"Священник: Христос, істинний Бог наш - молитвами пречистої Своєї Матері, святих славних і всехвальних апостолів, святого отця нашого Івана Золотоустого, архиєпископа Константинополя, і святого, якого є храм, і святого і славного апостола Томи, якого сьогодні пам'ять світло звершуємо, і всіх святих - помилує і спасе нас як благий і людинолюбний.","Священник: Христос, істинний Бог наш - молитвами пречистої Своєї Матері, святих славних і всехвальних апостолів, і святого, якого є храм, і святого і славного апостола Томи, якого сьогодні пам'ять світло звершуємо, і всіх святих - помилує і спасе нас як благий і людинолюбний.","Христос, істинний Бог наш - молитвами пречистої Своєї Матері, святих славних і всехвальних апостолів, святого отця нашого Івана Золотоустого, архиєпископа Константинополя, і святого, якого є храм,",
Жовтень,07.10,3,ср,🕃 Свв. мчч. Сергія і Вакха,святих мучеників Сергія і Вакха,ні,,,,"Священник: Христос, істинний Бог наш - молитвами пречистої Своєї Матері, силою чесного і животворчого хреста, заступництвом святих славних і всехвальних апостолів, святого отця нашого Івана Золотоустого, архиєпископа Константинополя, і святого, якого є храм, і святих мучеників Сергія і Вакха, і всіх святих - помилує і спасе нас як благий і людинолюбний.","Священник: Христос, істинний Бог наш - молитвами пречистої Своєї Матері, силою чесного і животворчого хреста, заступництвом святих славних і всехвальних апостолів, і святого, якого є храм, і святих мучеників Сергія і Вакха, і всіх святих - помилує і спасе нас як благий і людинолюбний.",,
Жовтень,08.10,4,чт,Прп. Пелагії,преподобної матері нашої Пелагії,ні,,,,"Священник: Христос, істинний Бог наш - молитвами пречистої Своєї Матері, святих славних і всехвальних апостолів, святого отця нашого Миколая, архиєпископа Мир Ликійських, чудотворця, святого отця нашого Івана Золотоустого, архиєпископа Константинополя, і святого, якого є храм, і преподобної матері нашої Пелагії, і всіх святих - помилує і спасе нас як благий і людинолюбний.","Священник: Христос, істинний Бог наш - молитвами пречистої Своєї Матері, святих славних і всехвальних апостолів, святого отця нашого Миколая, архиєпископа Мир Ликійських, чудотворця, і святого, якого є храм, і преподобної матері нашої Пелагії, і всіх святих - помилує і спасе нас як благий і людинолюбний.",,
Жовтень,09.10,5,пт,🕂 Св. ап. Якова Алфеєвого Прп. Андроніка і дружини його Атанасії,"святого апостола Якова Алфеєвого, якого сьогодні пам'ять світло звершуємо, преподобного отця нашого Андроніка і дружини його Атанасії",так,свято,,,"Священник: Христос, істинний Бог наш - молитвами пречистої Своєї Матері, святих славних і всехвальних апостолів, святого отця нашого Івана Золотоустого, архиєпископа Константинополя, і святого, якого є храм, і святого апостола Якова Алфеєвого, якого сьогодні пам'ять світло звершуємо, преподобного отця нашого Андроніка і дружини його Атанасії, і всіх святих - помилує і спасе нас як благий і людинолюбний.","Священник: Христос, істинний Бог наш - молитвами пречистої Своєї Матері, святих славних і всехвальних апостолів, і святого, якого є храм, і святого апостола Якова Алфеєвого, якого сьогодні пам'ять світло звершуємо, преподобного отця нашого Андроніка і дружини його Атанасії, і всіх святих - помилує і спасе нас як благий і людинолюбний.","Христос, істинний Бог наш - молитвами пречистої Своєї Матері, святих славних і всехвальних апостолів, святого отця нашого Івана Золотоустого, архиєпископа Константинополя, і святого, якого є храм,",
Жовтень,10.10,6,сб,Свв. мчч. Євлампія і Євлампії,святих мучеників Євлампія і Євлампії,ні,,,,"Священник: Христос, істинний Бог наш - молитвами пречистої Своєї Матері, силою чесного і животворчого Хреста, заступництвом чесних небесних сил безтілесних, чесного і славного пророка, предтечі і хрестителя Івана, святих славних і всехвальних апостолів, святого отця нашого Миколая, архиєпископа Мир Ликійських, чудотворця, святих славних і переможних мучеників, преподобних і богоносних отців наших, святого отця нашого Івана Золотоустого, архиєпископа Константинополя, святих і праведних богоотців Йоакима й Анни, і святого, якого є храм, і святих мучеників Євлампія і Євлампії, і всіх святих - помилує і спасе нас як благий і людинолюбний.","Священник: Христос, істинний Бог наш - молитвами пречистої Своєї Матері, силою чесного і животворчого Хреста, заступництвом чесних небесних сил безтілесних, чесного і славного пророка, предтечі і хрестителя Івана, святих славних і всехвальних апостолів, святого отця нашого Миколая, архиєпископа Мир Ликійських, чудотворця, святих славних і переможних мучеників, преподобних і богоносних отців наших, святих і праведних богоотців Йоакима й Анни, і святого, якого є храм, і святих мучеників Євлампія і Євлампії, і всіх святих - помилує і спасе нас як благий і людинолюбний.",,
Жовтень,11.10,7,нд,"Неділя 19-та, cвятих отців Сьомого Вселенського Собору. Св. ап. Филипа, одного із семи дияконів Прп. Теофана Начертанного, єп. Нікейського і творця канонів","святого апостола Филипа, одного із семи дияконів, преподобного Теофана Начертанного, єпископа Нікейського і творця канонів",ні,,,,"Священник: Христос, що воскрес із мертвих, істинний Бог наш - молитвами пречистої Своєї Матері, святих славних і всехвальних апостолів, святого отця нашого Івана Золотоустого, архиєпископа Константинополя, і святого, якого є храм, і святого апостола Филипа, одного із семи дияконів, преподобного Теофана Начертанного, єпископа Нікейського і творця канонів, і всіх святих - помилує і спасе нас як благий і людинолюбний.","Священник: Христос, що воскрес із мертвих, істинний Бог наш - молитвами пречистої Своєї Матері, святих славних і всехвальних апостолів, і святого, якого є храм, і святого апостола Филипа, одного із семи дияконів, преподобного Теофана Начертанного, єпископа Нікейського і творця канонів, і всіх святих - помилує і спасе нас як благий і людинолюбний.",,
Жовтень,12.10,1,пн,"Свв. мчч. Прова, Тараха й Андроніка Прп. Косми Святоградця, єп. Маюмського і творця канонів Пам’ять св. Мартина Милостивого, єп. Турського","святих мучеників Прова, Тараха й Андроніка, преподобного отця нашого Косми Святоградця, єпископа Маюмського і творця канонів, пам’ять святого отця нашого Мартина Милостивого, єпископа Турського, святих отців Сьомого Вселенського Собору",ні,,,,"Священник: Христос, істинний Бог наш - молитвами пречистої Своєї Матері, заступництвом чесних небесних сил безтілесних, святих славних і всехвальних апостолів, святого отця нашого Івана Золотоустого, архиєпископа Константинополя, і святого, якого є храм, і святих мучеників Прова, Тараха й Андроніка, преподобного отця нашого Косми Святоградця, єпископа Маюмського і творця канонів, пам’ять святого отця нашого Мартина Милостивого, єпископа Турського, святих отців Сьомого Вселенського Собору, і всіх святих - помилує і спасе нас як благий і людинолюбний.","Священник: Христос, істинний Бог наш - молитвами пречистої Своєї Матері, заступництвом чесних небесних сил безтілесних, святих славних і всехвальних апостолів, і святого, якого є храм, і святих мучеників Прова, Тараха й Андроніка, преподобного отця нашого Косми Святоградця, єпископа Маюмського і творця канонів, пам’ять святого отця нашого Мартина Милостивого, єпископа Турського, святих отців Сьомого Вселенського Собору, і всіх святих - помилує і спасе нас як благий і людинолюбний.",,
Жовтень,13.10,2,вв,"Свв. мчч. Карпа, Папили й Агатоніки","святих мучеників Карпа, Папили й Агатоніки",ні,,,,"Священник: Христос, істинний Бог наш - молитвами пречистої Своєї Матері, чесного і славного пророка, предтечі і хрестителя Івана, святих славних і всехвальних апостолів, святого отця нашого Івана Золотоустого, архиєпископа Константинополя, і святого, якого є храм, і святих мучеників Карпа, Папили й Агатоніки, і всіх святих - помилує і спасе нас як благий і людинолюбний.","Священник: Христос, істинний Бог наш - молитвами пречистої Своєї Матері, чесного і славного пророка, предтечі і хрестителя Івана, святих славних і всехвальних апостолів, і святого, якого є храм, і святих мучеників Карпа, Папили й Агатоніки, і всіх святих - помилує і спасе нас як благий і людинолюбний.",,
Жовтень,14.10,3,ср,"Свв. мчч. Назарія, Гервасія, Протасія й Келсія 🕃 Прп. Параскеви Терновської Блаж. сщмч. Романа Лиска, пресвіт.","святих мучеників Назарія, Гервасія, Протасія й Келсія, преподобної матері нашої Параскеви Терновської, блаженного священномученика Романа, пресвітера",ні,,,,"Священник: Христос, істинний Бог наш - молитвами пречистої Своєї Матері, силою чесного і животворчого хреста, заступництвом святих славних і всехвальних апостолів, святого отця нашого Івана Золотоустого, архиєпископа Константинополя, і святого, якого є храм, і святих мучеників Назарія, Гервасія, Протасія й Келсія, преподобної матері нашої Параскеви Терновської, блаженного священномученика Романа, пресвітера, і всіх святих - помилує і спасе нас як благий і людинолюбний.","Священник: Христос, істинний Бог наш - молитвами пречистої Своєї Матері, силою чесного і животворчого хреста, заступництвом святих славних і всехвальних апостолів, і святого, якого є храм, і святих мучеників Назарія, Гервасія, Протасія й Келсія, преподобної матері нашої Параскеви Терновської, блаженного священномученика Романа, пресвітера, і всіх святих - помилує і спасе нас як благий і людинолюбний.",,
Жовтень,15.10,4,чт,"Прп. Євтимія Нового Св. прпмч. Лук’яна, пресвіт. Великої Антіохії","преподобного отця нашого Євтимія Нового, святого преподобномученика Лук’яна, пресвітера Великої Антіохії",ні,,,,"Священник: Христос, істинний Бог наш - молитвами пречистої Своєї Матері, святих славних і всехвальних апостолів, святого отця нашого Миколая, архиєпископа Мир Ликійських, чудотворця, святого отця нашого Івана Золотоустого, архиєпископа Константинополя, і святого, якого є храм, і преподобного отця нашого Євтимія Нового, святого преподобномученика Лук’яна, пресвітера Великої Антіохії, і всіх святих - помилує і спасе нас як благий і людинолюбний.","Священник: Христос, істинний Бог наш - молитвами пречистої Своєї Матері, святих славних і всехвальних апостолів, святого отця нашого Миколая, архиєпископа Мир Ликійських, чудотворця, і святого, якого є храм, і преподобного отця нашого Євтимія Нового, святого преподобномученика Лук’яна, пресвітера Великої Антіохії, і всіх святих - помилує і спасе нас як благий і людинолюбний.",,
Жовтень,16.10,5,пт,"Св. мч. Лонгина, сотника","святого мученика Лонгина, сотника",ні,,,,"Священник: Христос, істинний Бог наш - молитвами пречистої Своєї Матері, силою чесного і животворчого хреста, заступництвом святих славних і всехвальних апостолів, святого отця нашого Івана Золотоустого, архиєпископа Константинополя, і святого, якого є храм, і святого мученика Лонгина, сотника, і всіх святих - помилує і спасе нас як благий і людинолюбний.","Священник: Христос, істинний Бог наш - молитвами пречистої Своєї Матері, силою чесного і животворчого хреста, заступництвом святих славних і всехвальних апостолів, і святого, якого є храм, і святого мученика Лонгина, сотника, і всіх святих - помилує і спасе нас як благий і людинолюбний.",,
Жовтень,17.10,6,сб,Св. прор. Осії Св. прпмч. Андрія Критського,"святого пророка Осії, святого преподобномученика Андрія Критського",ні,,,,"Священник: Христос, істинний Бог наш - молитвами пречистої Своєї Матері, силою чесного і животворчого Хреста, заступництвом чесних небесних сил безтілесних, чесного і славного пророка, предтечі і хрестителя Івана, святих славних і всехвальних апостолів, святого отця нашого Миколая, архиєпископа Мир Ликійських, чудотворця, святих славних і переможних мучеників, преподобних і богоносних отців наших, святого отця нашого Івана Золотоустого, архиєпископа Константинополя, святих і праведних богоотців Йоакима й Анни, і святого, якого є храм, і святого пророка Осії, святого преподобномученика Андрія Критського, і всіх святих - помилує і спасе нас як благий і людинолюбний.","Священник: Христос, істинний Бог наш - молитвами пречистої Своєї Матері, силою чесного і животворчого Хреста, заступництвом чесних небесних сил безтілесних, чесного і славного пророка, предтечі і хрестителя Івана, святих славних і всехвальних апостолів, святого отця нашого Миколая, архиєпископа Мир Ликійських, чудотворця, святих славних і переможних мучеників, преподобних і богоносних отців наших, святих і праведних богоотців Йоакима й Анни, і святого, якого є храм, і святого пророка Осії, святого преподобномученика Андрія Критського, і всіх святих - помилує і спасе нас як благий і людинолюбний.",,
Жовтень,18.10,7,нд,Неділя 20-та по Зісланні Святого Духа. 🕂 Св. ап. і єв. Луки,"святого апостола і євангелиста Луки, якого сьогодні пам'ять світло звершуємо",так,свято,,,"Священник: Христос, що воскрес із мертвих, істинний Бог наш - молитвами пречистої Своєї Матері, святих славних і всехвальних апостолів, святого отця нашого Івана Золотоустого, архиєпископа Константинополя, і святого, якого є храм, і святого апостола і євангелиста Луки, якого сьогодні пам'ять світло звершуємо, і всіх святих - помилує і спасе нас як благий і людинолюбний.","Священник: Христос, що воскрес із мертвих, істинний Бог наш - молитвами пречистої Своєї Матері, святих славних і всехвальних апостолів, і святого, якого є храм, і святого апостола і євангелиста Луки, якого сьогодні пам'ять світло звершуємо, і всіх святих - помилує і спасе нас як благий і людинолюбний.","Христос, істинний Бог наш - молитвами пречистої Своєї Матері, святих славних і всехвальних апостолів, святого отця нашого Івана Золотоустого, архиєпископа Константинополя, і святого, якого є храм,",
Жовтень,19.10,1,пн,Св. прор. Йоїла Св. мч. Уара 🕃 Прп. Івана Рильського,"святого пророка Йоїла, святого мученика Уара, преподобного отця нашого Івана Рильського",ні,,,,"Священник: Христос, істинний Бог наш - молитвами пречистої Своєї Матері, заступництвом чесних небесних сил безтілесних, святих славних і всехвальних апостолів, святого отця нашого Івана Золотоустого, архиєпископа Константинополя, і святого, якого є храм, і святого пророка Йоїла, святого мученика Уара, преподобного отця нашого Івана Рильського, і всіх святих - помилує і спасе нас як благий і людинолюбний.","Священник: Христос, істинний Бог наш - молитвами пречистої Своєї Матері, заступництвом чесних небесних сил безтілесних, святих славних і всехвальних апостолів, і святого, якого є храм, і святого пророка Йоїла, святого мученика Уара, преподобного отця нашого Івана Рильського, і всіх святих - помилує і спасе нас як благий і людинолюбний.",,
Жовтень,20.10,2,вв,🕃 Св. вмч. Артемія,святого великомученика Артемія,ні,,,,"Священник: Христос, істинний Бог наш - молитвами пречистої Своєї Матері, чесного і славного пророка, предтечі і хрестителя Івана, святих славних і всехвальних апостолів, святого отця нашого Івана Золотоустого, архиєпископа Константинополя, і святого, якого є храм, і святого великомученика Артемія, і всіх святих - помилує і спасе нас як благий і людинолюбний.","Священник: Христос, істинний Бог наш - молитвами пречистої Своєї Матері, чесного і славного пророка, предтечі і хрестителя Івана, святих славних і всехвальних апостолів, і святого, якого є храм, і святого великомученика Артемія, і всіх святих - помилує і спасе нас як благий і людинолюбний.",,
Жовтень,21.10,3,ср,🕃 Прп. Іларіона Великого,преподобного отця нашого Іларіона Великого,ні,,,,"Священник: Христос, істинний Бог наш - молитвами пречистої Своєї Матері, силою чесного і животворчого хреста, заступництвом святих славних і всехвальних апостолів, святого отця нашого Івана Золотоустого, архиєпископа Константинополя, і святого, якого є храм, і преподобного отця нашого Іларіона Великого, і всіх святих - помилує і спасе нас як благий і людинолюбний.","Священник: Христос, істинний Бог наш - молитвами пречистої Своєї Матері, силою чесного і животворчого хреста, заступництвом святих славних і всехвальних апостолів, і святого, якого є храм, і преподобного отця нашого Іларіона Великого, і всіх святих - помилує і спасе нас як благий і людинолюбний.",,
Жовтень,22.10,4,чт,"Св. Івана Павла ІІ, папи Св. рівноап. Аверкія, єп. Єрапольського, чудотв. Свв. сімох отроків, що в Ефесі","святого отця нашого Івана Павла ІІ, папи, святого рівноапостольного Аверкія, єпископа Єрапольського, чудотворця, святих сімох отроків, що в Ефесі",ні,,,,"Священник: Христос, істинний Бог наш - молитвами пречистої Своєї Матері, святих славних і всехвальних апостолів, святого отця нашого Миколая, архиєпископа Мир Ликійських, чудотворця, святого отця нашого Івана Золотоустого, архиєпископа Константинополя, і святого, якого є храм, і святого отця нашого Івана Павла ІІ, папи, святого рівноапостольного Аверкія, єпископа Єрапольського, чудотворця, святих сімох отроків, що в Ефесі, і всіх святих - помилує і спасе нас як благий і людинолюбний.","Священник: Христос, істинний Бог наш - молитвами пречистої Своєї Матері, святих славних і всехвальних апостолів, святого отця нашого Миколая, архиєпископа Мир Ликійських, чудотворця, і святого, якого є храм, і святого отця нашого Івана Павла ІІ, папи, святого рівноапостольного Аверкія, єпископа Єрапольського, чудотворця, святих сімох отроків, що в Ефесі, і всіх святих - помилує і спасе нас як благий і людинолюбний.",,
Жовтень,23.10,5,пт,"🕃 Св. ап. Якова, брата Господнього","святого апостола Якова, брата Господнього",ні,,,,"Священник: Христос, істинний Бог наш - молитвами пречистої Своєї Матері, силою чесного і животворчого хреста, заступництвом святих славних і всехвальних апостолів, святого отця нашого Івана Золотоустого, архиєпископа Константинополя, і святого, якого є храм, і святого апостола Якова, брата Господнього, і всіх святих - помилує і спасе нас як благий і людинолюбний.","Священник: Христос, істинний Бог наш - молитвами пречистої Своєї Матері, силою чесного і животворчого хреста, заступництвом святих славних і всехвальних апостолів, і святого, якого є храм, і святого апостола Якова, брата Господнього, і всіх святих - помилує і спасе нас як благий і людинолюбний.",,
Жовтень,24.10,6,сб,"Св. мч. Арети і тих, що з ним","святого мученика Арети і тих, що з ним",ні,,,,"Священник: Христос, істинний Бог наш - молитвами пречистої Своєї Матері, силою чесного і животворчого Хреста, заступництвом чесних небесних сил безтілесних, чесного і славного пророка, предтечі і хрестителя Івана, святих славних і всехвальних апостолів, святого отця нашого Миколая, архиєпископа Мир Ликійських, чудотворця, святих славних і переможних мучеників, преподобних і богоносних отців наших, святого отця нашого Івана Золотоустого, архиєпископа Константинополя, святих і праведних богоотців Йоакима й Анни, і святого, якого є храм, і святого мученика Арети і тих, що з ним, і всіх святих - помилує і спасе нас як благий і людинолюбний.","Священник: Христос, істинний Бог наш - молитвами пречистої Своєї Матері, силою чесного і животворчого Хреста, заступництвом чесних небесних сил безтілесних, чесного і славного пророка, предтечі і хрестителя Івана, святих славних і всехвальних апостолів, святого отця нашого Миколая, архиєпископа Мир Ликійських, чудотворця, святих славних і переможних мучеників, преподобних і богоносних отців наших, святих і праведних богоотців Йоакима й Анни, і святого, якого є храм, і святого мученика Арети і тих, що з ним, і всіх святих - помилує і спасе нас як благий і людинолюбний.",,
Жовтень,25.10,7,нд,Неділя 21-ша по Зісланні Святого Духа. Свв. мчч. і нотарів Маркіяна й Мартирія,святих мучеників і нотарів Маркіяна й Мартирія,ні,,,,"Священник: Христос, що воскрес із мертвих, істинний Бог наш - молитвами пречистої Своєї Матері, святих славних і всехвальних апостолів, святого отця нашого Івана Золотоустого, архиєпископа Константинополя, і святого, якого є храм, і святих мучеників і нотарів Маркіяна й Мартирія, і всіх святих - помилує і спасе нас як благий і людинолюбний.","Священник: Христос, що воскрес із мертвих, істинний Бог наш - молитвами пречистої Своєї Матері, святих славних і всехвальних апостолів, і святого, якого є храм, і святих мучеників і нотарів Маркіяна й Мартирія, і всіх святих - помилує і спасе нас як благий і людинолюбний.",,
Жовтень,26.10,1,пн,🕁 Св. і славн. вмч. Димитрія Мироточця</i>,"святого і славного великомученика Димитрія Мироточця, якого сьогодні пам'ять світло звершуємо",так,свято,,,"Священник: Христос, істинний Бог наш - молитвами пречистої Своєї Матері, святих славних і всехвальних апостолів, святого отця нашого Івана Золотоустого, архиєпископа Константинополя, і святого, якого є храм, і святого і славного великомученика Димитрія Мироточця, якого сьогодні пам'ять світло звершуємо, і всіх святих - помилує і спасе нас як благий і людинолюбний.","Священник: Христос, істинний Бог наш - молитвами пречистої Своєї Матері, святих славних і всехвальних апостолів, і святого, якого є храм, і святого і славного великомученика Димитрія Мироточця, якого сьогодні пам'ять світло звершуємо, і всіх святих - помилує і спасе нас як благий і людинолюбний.","Христос, істинний Бог наш - молитвами пречистої Своєї Матері, святих славних і всехвальних апостолів, святого отця нашого Івана Золотоустого, архиєпископа Константинополя, і святого, якого є храм,",
Жовтень,27.10,2,вв,Св. мч. Нестора Свв. мцц. Капетоліни і рабині її Єротиїди,"святого мученика Нестора, святих мучениць Капетоліни і рабині її Єротиїди",ні,,,,"Священник: Христос, істинний Бог наш - молитвами пречистої Своєї Матері, чесного і славного пророка, предтечі і хрестителя Івана, святих славних і всехвальних апостолів, святого отця нашого Івана Золотоустого, архиєпископа Константинополя, і святого, якого є храм, і святого мученика Нестора, святих мучениць Капетоліни і рабині її Єротиїди, і всіх святих - помилує і спасе нас як благий і людинолюбний.","Священник: Христос, істинний Бог наш - молитвами пречистої Своєї Матері, чесного і славного пророка, предтечі і хрестителя Івана, святих славних і всехвальних апостолів, і святого, якого є храм, і святого мученика Нестора, святих мучениць Капетоліни і рабині її Єротиїди, і всіх святих - помилує і спасе нас як благий і людинолюбний.",,
Жовтень,28.10,3,ср,"🕃 Св. мц. Параскеви, що в Іконії, названої «П’ятниця» Свв. мчч. Терентія й Неоніли Прп. Стефана Саваїта, творця канонів","святої мучениці Параскеви, що в Іконії, названої «П’ятниця», святих мучеників Терентія й Неоніли, преподобного отця нашого Стефана Саваїта, творця канонів",ні,,,,"Священник: Христос, істинний Бог наш - молитвами пречистої Своєї Матері, силою чесного і животворчого хреста, заступництвом святих славних і всехвальних апостолів, святого отця нашого Івана Золотоустого, архиєпископа Константинополя, і святого, якого є храм, і святої мучениці Параскеви, що в Іконії, названої «П’ятниця», святих мучеників Терентія й Неоніли, преподобного отця нашого Стефана Саваїта, творця канонів, і всіх святих - помилує і спасе нас як благий і людинолюбний.","Священник: Христос, істинний Бог наш - молитвами пречистої Своєї Матері, силою чесного і животворчого хреста, заступництвом святих славних і всехвальних апостолів, і святого, якого є храм, і святої мучениці Параскеви, що в Іконії, названої «П’ятниця», святих мучеників Терентія й Неоніли, преподобного отця нашого Стефана Саваїта, творця канонів, і всіх святих - помилує і спасе нас як благий і людинолюбний.",,
Жовтень,29.10,4,чт,"Прп. Аврамія, архим., Ростовського чудотв. Св. прпмц. Анастасії Римлянки Прп. Аврамія Затворника","преподобного отця нашого Аврамія, архимандрита, Ростовського чудотворця, святої преподобномучениці Анастасії Римлянки, преподобного отця нашого Аврамія Затворника",ні,,,,"Священник: Христос, істинний Бог наш - молитвами пречистої Своєї Матері, святих славних і всехвальних апостолів, святого отця нашого Миколая, архиєпископа Мир Ликійських, чудотворця, святого отця нашого Івана Золотоустого, архиєпископа Константинополя, і святого, якого є храм, і преподобного отця нашого Аврамія, архимандрита, Ростовського чудотворця, святої преподобномучениці Анастасії Римлянки, преподобного отця нашого Аврамія Затворника, і всіх святих - помилує і спасе нас як благий і людинолюбний.","Священник: Христос, істинний Бог наш - молитвами пречистої Своєї Матері, святих славних і всехвальних апостолів, святого отця нашого Миколая, архиєпископа Мир Ликійських, чудотворця, і святого, якого є храм, і преподобного отця нашого Аврамія, архимандрита, Ростовського чудотворця, святої преподобномучениці Анастасії Римлянки, преподобного отця нашого Аврамія Затворника, і всіх святих - помилує і спасе нас як благий і людинолюбний.",,
Жовтень,30.10,5,пт,"Свв. мчч. Зиновія й Зиновії, сестри його Блаж. сщмч. Олексія Зарицького, пресвіт.","святих мучеників Зиновія й Зиновії, сестри його, блаженного священномученика Олексія, пресвітера",ні,,,,"Священник: Христос, істинний Бог наш - молитвами пречистої Своєї Матері, силою чесного і животворчого хреста, заступництвом святих славних і всехвальних апостолів, святого отця нашого Івана Золотоустого, архиєпископа Константинополя, і святого, якого є храм, і святих мучеників Зиновія й Зиновії, сестри його, блаженного священномученика Олексія, пресвітера, і всіх святих - помилує і спасе нас як благий і людинолюбний.","Священник: Христос, істинний Бог наш - молитвами пречистої Своєї Матері, силою чесного і животворчого хреста, заступництвом святих славних і всехвальних апостолів, і святого, якого є храм, і святих мучеників Зиновія й Зиновії, сестри його, блаженного священномученика Олексія, пресвітера, і всіх святих - помилує і спасе нас як благий і людинолюбний.",,
Жовтень,31.10,6,сб,"Свв. апп. Стахія, Амплія і тих, що з ними Св. мч. Єпімаха","святих апостолів Стахія, Амплія і тих, що з ними, святого мученика Єпімаха",ні,,,,"Священник: Христос, істинний Бог наш - молитвами пречистої Своєї Матері, силою чесного і животворчого Хреста, заступництвом чесних небесних сил безтілесних, чесного і славного пророка, предтечі і хрестителя Івана, святих славних і всехвальних апостолів, святого отця нашого Миколая, архиєпископа Мир Ликійських, чудотворця, святих славних і переможних мучеників, преподобних і богоносних отців наших, святого отця нашого Івана Золотоустого, архиєпископа Константинополя, святих і праведних богоотців Йоакима й Анни, і святого, якого є храм, і святих апостолів Стахія, Амплія і тих, що з ними, святого мученика Єпімаха, і всіх святих - помилує і спасе нас як благий і людинолюбний.","Священник: Христос, істинний Бог наш - молитвами пречистої Своєї Матері, силою чесного і животворчого Хреста, заступництвом чесних небесних сил безтілесних, чесного і славного пророка, предтечі і хрестителя Івана, святих славних і всехвальних апостолів, святого отця нашого Миколая, архиєпископа Мир Ликійських, чудотворця, святих славних і переможних мучеників, преподобних і богоносних отців наших, святих і праведних богоотців Йоакима й Анни, і святого, якого є храм, і святих апостолів Стахія, Амплія і тих, що з ними, святого мученика Єпімаха, і всіх святих - помилує і спасе нас як благий і людинолюбний.",,
Листопад,01.11,6,сб,"Неділя 22-га по Зісланні Святого Духа. 🕂 Сщмч. Теодора Ромжі, єп. Мукачівського 🕃 Свв. чудотв. і безср. Косми й Дам’яна","священномученика Теодора Ромжі, єпископа Мукачівського, якого сьогодні пам'ять світло звершуємо, cвятих чудотворців і безсрібників Косми й Дам’яна",так,свято,,,"Священник: Христос, істинний Бог наш - молитвами пречистої Своєї Матері, святих славних і всехвальних апостолів, святого отця нашого Івана Золотоустого, архиєпископа Константинополя, і святого, якого є храм, і священномученика Теодора Ромжі, єпископа Мукачівського, якого сьогодні пам'ять світло звершуємо, cвятих чудотворців і безсрібників Косми й Дам’яна, і всіх святих - помилує і спасе нас як благий і людинолюбний.","Священник: Христос, істинний Бог наш - молитвами пречистої Своєї Матері, святих славних і всехвальних апостолів, і святого, якого є храм, і священномученика Теодора Ромжі, єпископа Мукачівського, якого сьогодні пам'ять світло звершуємо, cвятих чудотворців і безсрібників Косми й Дам’яна, і всіх святих - помилує і спасе нас як благий і людинолюбний.","Христос, істинний Бог наш - молитвами пречистої Своєї Матері, святих славних і всехвальних апостолів, святого отця нашого Івана Золотоустого, архиєпископа Константинополя, і святого, якого є храм,",
Листопад,02.11,7,нд,"Свв. мчч. Акиндина, Пигасія, Афтонія, Єлпидифора й Анемподиста","святих мучеників Акиндина, Пигасія, Афтонія, Єлпидифора й Анемподиста",ні,,,,"Священник: Христос, що воскрес із мертвих, істинний Бог наш - молитвами пречистої Своєї Матері, святих славних і всехвальних апостолів, святого отця нашого Івана Золотоустого, архиєпископа Константинополя, і святого, якого є храм, і святих мучеників Акиндина, Пигасія, Афтонія, Єлпидифора й Анемподиста, і всіх святих - помилує і спасе нас як благий і людинолюбний.","Священник: Христос, що воскрес із мертвих, істинний Бог наш - молитвами пречистої Своєї Матері, святих славних і всехвальних апостолів, і святого, якого є храм, і святих мучеників Акиндина, Пигасія, Афтонія, Єлпидифора й Анемподиста, і всіх святих - помилує і спасе нас як благий і людинолюбний.",,
Листопад,03.11,1,пн,"Свв. мчч. Акепсими, єп., Йосифа, пресвіт., і Аїтала, дияк. Оновлення храму св. вмч. Юрія, що в Лідді, де спочиває його чесне тіло","святих мучеників Акепсими, єпископа, Йосифа, пресвітера, і Аїтала, диякона, оновлення храму Святого великомученика Юрія, що в Лідді, де спочиває його чесне тіло",ні,,,,"Священник: Христос, істинний Бог наш - молитвами пречистої Своєї Матері, заступництвом чесних небесних сил безтілесних, святих славних і всехвальних апостолів, святого отця нашого Івана Золотоустого, архиєпископа Константинополя, і святого, якого є храм, і святих мучеників Акепсими, єпископа, Йосифа, пресвітера, і Аїтала, диякона, оновлення храму Святого великомученика Юрія, що в Лідді, де спочиває його чесне тіло, і всіх святих - помилує і спасе нас як благий і людинолюбний.","Священник: Христос, істинний Бог наш - молитвами пречистої Своєї Матері, заступництвом чесних небесних сил безтілесних, святих славних і всехвальних апостолів, і святого, якого є храм, і святих мучеників Акепсими, єпископа, Йосифа, пресвітера, і Аїтала, диякона, оновлення храму Святого великомученика Юрія, що в Лідді, де спочиває його чесне тіло, і всіх святих - помилує і спасе нас як благий і людинолюбний.",,
Листопад,04.11,2,вв,"Прп. Йоанікія Великого Св. мч. Нікандра, єп. Мирського Св. Єрмея, пресвіт.","преподобного отця нашого Йоанікія Великого, святого мученика Нікандра, єпископа Мирського, святого Єрмея, пресвітера",ні,,,,"Священник: Христос, істинний Бог наш - молитвами пречистої Своєї Матері, чесного і славного пророка, предтечі і хрестителя Івана, святих славних і всехвальних апостолів, святого отця нашого Івана Золотоустого, архиєпископа Константинополя, і святого, якого є храм, і преподобного отця нашого Йоанікія Великого, святого мученика Нікандра, єпископа Мирського, святого Єрмея, пресвітера, і всіх святих - помилує і спасе нас як благий і людинолюбний.","Священник: Христос, істинний Бог наш - молитвами пречистої Своєї Матері, чесного і славного пророка, предтечі і хрестителя Івана, святих славних і всехвальних апостолів, і святого, якого є храм, і преподобного отця нашого Йоанікія Великого, святого мученика Нікандра, єпископа Мирського, святого Єрмея, пресвітера, і всіх святих - помилує і спасе нас як благий і людинолюбний.",,
Листопад,05.11,3,ср,Свв. мчч. Галактіона і Єпістими,святих мучеників Галактіона і Єпістими,ні,,,,"Священник: Христос, істинний Бог наш - молитвами пречистої Своєї Матері, силою чесного і животворчого хреста, заступництвом святих славних і всехвальних апостолів, святого отця нашого Івана Золотоустого, архиєпископа Константинополя, і святого, якого є храм, і святих мучеників Галактіона і Єпістими, і всіх святих - помилує і спасе нас як благий і людинолюбний.","Священник: Христос, істинний Бог наш - молитвами пречистої Своєї Матері, силою чесного і животворчого хреста, заступництвом святих славних і всехвальних апостолів, і святого, якого є храм, і святих мучеників Галактіона і Єпістими, і всіх святих - помилує і спасе нас як благий і людинолюбний.",,
Листопад,06.11,4,чт,"🕃 Св. Павла, архиєп. Царгородського, ісп.","святого Павла, архиєпископа Царгородського, ісповідника",ні,,,,"Священник: Христос, істинний Бог наш - молитвами пречистої Своєї Матері, святих славних і всехвальних апостолів, святого отця нашого Миколая, архиєпископа Мир Ликійських, чудотворця, святого отця нашого Івана Золотоустого, архиєпископа Константинополя, і святого, якого є храм, і святого Павла, архиєпископа Царгородського, ісповідника, і всіх святих - помилує і спасе нас як благий і людинолюбний.","Священник: Христос, істинний Бог наш - молитвами пречистої Своєї Матері, святих славних і всехвальних апостолів, святого отця нашого Миколая, архиєпископа Мир Ликійських, чудотворця, і святого, якого є храм, і святого Павла, архиєпископа Царгородського, ісповідника, і всіх святих - помилує і спасе нас як благий і людинолюбний.",,
Листопад,07.11,5,пт,"Свв. тридцяти трьох мчч., що в Мелітині Прп. і чудотв. Лазаря, що постив на Галисійській горі","святих тридцяти трьох мучеників, що в Мелітині, преподобного отця нашого і чудотворця Лазаря, що постив на Галисійській горі",ні,,,,"Священник: Христос, істинний Бог наш - молитвами пречистої Своєї Матері, силою чесного і животворчого хреста, заступництвом святих славних і всехвальних апостолів, святого отця нашого Івана Золотоустого, архиєпископа Константинополя, і святого, якого є храм, і святих тридцяти трьох мучеників, що в Мелітині, преподобного отця нашого і чудотворця Лазаря, що постив на Галисійській горі, і всіх святих - помилує і спасе нас як благий і людинолюбний.","Священник: Христос, істинний Бог наш - молитвами пречистої Своєї Матері, силою чесного і животворчого хреста, заступництвом святих славних і всехвальних апостолів, і святого, якого є храм, і святих тридцяти трьох мучеників, що в Мелітині, преподобного отця нашого і чудотворця Лазаря, що постив на Галисійській горі, і всіх святих - помилує і спасе нас як благий і людинолюбний.",,
Листопад,08.11,6,сб,Неділя 23-тя по Зісланні Святого Духа. 🕁 Собор св. архистр. Михаїла та інших безтілесних сил</i>,собору святого архистратига Михаїла та інших безтілесних сил,так,свято,,,"Священник: Христос, істинний Бог наш - молитвами пречистої Своєї Матері, святих славних і всехвальних апостолів, святого отця нашого Івана Золотоустого, архиєпископа Константинополя, і святого, якого є храм, і собору святого архистратига Михаїла та інших безтілесних сил, і всіх святих - помилує і спасе нас як благий і людинолюбний.","Священник: Христос, істинний Бог наш - молитвами пречистої Своєї Матері, святих славних і всехвальних апостолів, і святого, якого є храм, і собору святого архистратига Михаїла та інших безтілесних сил, і всіх святих - помилує і спасе нас як благий і людинолюбний.","Христос, істинний Бог наш - молитвами пречистої Своєї Матері, святих славних і всехвальних апостолів, святого отця нашого Івана Золотоустого, архиєпископа Константинополя, і святого, якого є храм,",
Листопад,09.11,7,нд,"Свв. мчч. Онисифора й Порфирія Прп. Матрони Прп. Теоктисти, що з Лезви","святих мучеників Онисифора й Порфирія, преподобної матері нашої Матрони, преподобної Теоктисти, що з Лезви",ні,,,,"Священник: Христос, що воскрес із мертвих, істинний Бог наш - молитвами пречистої Своєї Матері, святих славних і всехвальних апостолів, святого отця нашого Івана Золотоустого, архиєпископа Константинополя, і святого, якого є храм, і святих мучеників Онисифора й Порфирія, преподобної матері нашої Матрони, преподобної Теоктисти, що з Лезви, і всіх святих - помилує і спасе нас як благий і людинолюбний.","Священник: Христос, що воскрес із мертвих, істинний Бог наш - молитвами пречистої Своєї Матері, святих славних і всехвальних апостолів, і святого, якого є храм, і святих мучеників Онисифора й Порфирія, преподобної матері нашої Матрони, преподобної Теоктисти, що з Лезви, і всіх святих - помилує і спасе нас як благий і людинолюбний.",,
Листопад,10.11,1,пн,"Свв. апп. Ераста, Олімпа, Родіона і тих, що з ними","святих апостолів Ераста, Олімпа, Родіона і тих, що з ними",ні,,,,"Священник: Христос, істинний Бог наш - молитвами пречистої Своєї Матері, заступництвом чесних небесних сил безтілесних, святих славних і всехвальних апостолів, святого отця нашого Івана Золотоустого, архиєпископа Константинополя, і святого, якого є храм, і святих апостолів Ераста, Олімпа, Родіона і тих, що з ними, і всіх святих - помилує і спасе нас як благий і людинолюбний.","Священник: Христос, істинний Бог наш - молитвами пречистої Своєї Матері, заступництвом чесних небесних сил безтілесних, святих славних і всехвальних апостолів, і святого, якого є храм, і святих апостолів Ераста, Олімпа, Родіона і тих, що з ними, і всіх святих - помилує і спасе нас як благий і людинолюбний.",,
Листопад,11.11,2,вв,"Свв. мчч. Мини, Віктора й Вінкентія Св. мц. Стефаніди Прп. й ісп. Теодора Студійського","святих мучеників Мини, Віктора й Вінкентія, святої мучениці Стефаніди, преподобного отця нашого й ісповідника Теодора Студійського",ні,,,,"Священник: Христос, істинний Бог наш - молитвами пречистої Своєї Матері, чесного і славного пророка, предтечі і хрестителя Івана, святих славних і всехвальних апостолів, святого отця нашого Івана Золотоустого, архиєпископа Константинополя, і святого, якого є храм, і святих мучеників Мини, Віктора й Вінкентія, святої мучениці Стефаніди, преподобного отця нашого й ісповідника Теодора Студійського, і всіх святих - помилує і спасе нас як благий і людинолюбний.","Священник: Христос, істинний Бог наш - молитвами пречистої Своєї Матері, чесного і славного пророка, предтечі і хрестителя Івана, святих славних і всехвальних апостолів, і святого, якого є храм, і святих мучеників Мини, Віктора й Вінкентія, святої мучениці Стефаніди, преподобного отця нашого й ісповідника Теодора Студійського, і всіх святих - помилує і спасе нас як благий і людинолюбний.",,
Листопад,12.11,3,ср,"🕁 Св. сщмч. Йосафата, архиєп. Полоцького 🕃 Св. Івана Милостивого, патр. Олександрійського Прп. Ніла Блаж. сщмч. Григорія Лакоти, єп.","святого священномученика Йосафата, архиєпископа Полоцького, якого сьогодні пам'ять світло звершуємо, святого отця нашого Івана Милостивого, патріарха Олександрійського, преподобного отця нашого Ніла, блаженного священномученика Григорія Лакоти, єпископа",так,свято,,,"Священник: Христос, істинний Бог наш - молитвами пречистої Своєї Матері, святих славних і всехвальних апостолів, святого отця нашого Івана Золотоустого, архиєпископа Константинополя, і святого, якого є храм, і святого священномученика Йосафата, архиєпископа Полоцького, якого сьогодні пам'ять світло звершуємо, святого отця нашого Івана Милостивого, патріарха Олександрійського, преподобного отця нашого Ніла, блаженного священномученика Григорія Лакоти, єпископа, і всіх святих - помилує і спасе нас як благий і людинолюбний.","Священник: Христос, істинний Бог наш - молитвами пречистої Своєї Матері, святих славних і всехвальних апостолів, і святого, якого є храм, і святого священномученика Йосафата, архиєпископа Полоцького, якого сьогодні пам'ять світло звершуємо, святого отця нашого Івана Милостивого, патріарха Олександрійського, преподобного отця нашого Ніла, блаженного священномученика Григорія Лакоти, єпископа, і всіх святих - помилує і спасе нас як благий і людинолюбний.","Христос, істинний Бог наш - молитвами пречистої Своєї Матері, святих славних і всехвальних апостолів, святого отця нашого Івана Золотоустого, архиєпископа Константинополя, і святого, якого є храм,",
Листопад,13.11,4,чт,"🕂 Св. Івана Золотоустого, архиєп. Царгородського",,так,свято,"святого отця нашого Йоана Золотоустого, архиєпископа Константинополя","святого отця нашого Йоана Золотоустого, архиєпископа Константинополя, якого сьогодні пам'ять торжественно звершуємо","Священник: Христос, істинний Бог наш - молитвами пречистої Своєї Матері, святих славних і всехвальних апостолів, святого отця нашого Івана Золотоустого, архиєпископа Константинополя, якого сьогодні пам'ять світло звершуємо, і святого, якого є храм, і всіх святих - помилує і спасе нас як благий і людинолюбний.","Священник: Христос, істинний Бог наш - молитвами пречистої Своєї Матері, святих славних і всехвальних апостолів, якого сьогодні пам'ять світло звершуємо, і святого, якого є храм, і всіх святих - помилує і спасе нас як благий і людинолюбний.","Христос, істинний Бог наш - молитвами пречистої Своєї Матері, святих славних і всехвальних апостолів, святого отця нашого Івана Золотоустого, архиєпископа Константинополя, якого сьогодні пам'ять світло звершуємо, і святого, якого є храм,",
Листопад,14.11,5,пт,🕂 Св. і всехв. ап. Филипа,"святого і всехвального апостола Филипа, якого сьогодні пам'ять світло звершуємо",так,свято,,,"Священник: Христос, істинний Бог наш - молитвами пречистої Своєї Матері, святих славних і всехвальних апостолів, святого отця нашого Івана Золотоустого, архиєпископа Константинополя, і святого, якого є храм, і святого і всехвального апостола Филипа, якого сьогодні пам'ять світло звершуємо, і всіх святих - помилує і спасе нас як благий і людинолюбний.","Священник: Христос, істинний Бог наш - молитвами пречистої Своєї Матері, святих славних і всехвальних апостолів, і святого, якого є храм, і святого і всехвального апостола Филипа, якого сьогодні пам'ять світло звершуємо, і всіх святих - помилує і спасе нас як благий і людинолюбний.","Христос, істинний Бог наш - молитвами пречистої Своєї Матері, святих славних і всехвальних апостолів, святого отця нашого Івана Золотоустого, архиєпископа Константинополя, і святого, якого є храм,",
Листопад,15.11,6,сб,"Неділя 24-та по Зісланні Святого Духа. Свв. мчч. та ісп. Гурія, Самона й Авіва Початок Різдвяного посту</i>","святих мучеників та ісповідників Гурія, Самона й Авіва",ні,,,,"Священник: Христос, істинний Бог наш - молитвами пречистої Своєї Матері, силою чесного і животворчого Хреста, заступництвом чесних небесних сил безтілесних, чесного і славного пророка, предтечі і хрестителя Івана, святих славних і всехвальних апостолів, святого отця нашого Миколая, архиєпископа Мир Ликійських, чудотворця, святих славних і переможних мучеників, преподобних і богоносних отців наших, святого отця нашого Івана Золотоустого, архиєпископа Константинополя, святих і праведних богоотців Йоакима й Анни, і святого, якого є храм, і святих мучеників та ісповідників Гурія, Самона й Авіва, і всіх святих - помилує і спасе нас як благий і людинолюбний.","Священник: Христос, істинний Бог наш - молитвами пречистої Своєї Матері, силою чесного і животворчого Хреста, заступництвом чесних небесних сил безтілесних, чесного і славного пророка, предтечі і хрестителя Івана, святих славних і всехвальних апостолів, святого отця нашого Миколая, архиєпископа Мир Ликійських, чудотворця, святих славних і переможних мучеників, преподобних і богоносних отців наших, святих і праведних богоотців Йоакима й Анни, і святого, якого є храм, і святих мучеників та ісповідників Гурія, Самона й Авіва, і всіх святих - помилує і спасе нас як благий і людинолюбний.",,
Листопад,16.11,7,нд,🕂 Св. ап. і єв. Матея,"святого апостола і євангелиста Матея, якого сьогодні пам'ять світло звершуємо",так,свято,,,"Священник: Христос, що воскрес із мертвих, істинний Бог наш - молитвами пречистої Своєї Матері, святих славних і всехвальних апостолів, святого отця нашого Івана Золотоустого, архиєпископа Константинополя, і святого, якого є храм, і святого апостола і євангелиста Матея, якого сьогодні пам'ять світло звершуємо, і всіх святих - помилує і спасе нас як благий і людинолюбний.","Священник: Христос, що воскрес із мертвих, істинний Бог наш - молитвами пречистої Своєї Матері, святих славних і всехвальних апостолів, і святого, якого є храм, і святого апостола і євангелиста Матея, якого сьогодні пам'ять світло звершуємо, і всіх святих - помилує і спасе нас як благий і людинолюбний.","Христос, істинний Бог наш - молитвами пречистої Своєї Матері, святих славних і всехвальних апостолів, святого отця нашого Івана Золотоустого, архиєпископа Константинополя, і святого, якого є храм,",
Листопад,17.11,1,пн,"Св. Григорія, єп. Неокесарійського, чудотв. Блаж. сщмч. Йосафата Коциловського, єп. Перемишльського","святого отця нашого Григорія, єпископа Неокесарійського, чудотворця, блаженного священномученика Йосафата (Коциловського), єпископа Перемишльського",ні,,,,"Священник: Христос, істинний Бог наш - молитвами пречистої Своєї Матері, заступництвом чесних небесних сил безтілесних, святих славних і всехвальних апостолів, святого отця нашого Івана Золотоустого, архиєпископа Константинополя, і святого, якого є храм, і святого отця нашого Григорія, єпископа Неокесарійського, чудотворця, блаженного священномученика Йосафата (Коциловського), єпископа Перемишльського, і всіх святих - помилує і спасе нас як благий і людинолюбний.","Священник: Христос, істинний Бог наш - молитвами пречистої Своєї Матері, заступництвом чесних небесних сил безтілесних, святих славних і всехвальних апостолів, і святого, якого є храм, і святого отця нашого Григорія, єпископа Неокесарійського, чудотворця, блаженного священномученика Йосафата (Коциловського), єпископа Перемишльського, і всіх святих - помилує і спасе нас як благий і людинолюбний.",,
Листопад,18.11,2,вв,Свв. мчч. Платона й Романа,святих мучеників Платона й Романа,ні,,,,"Священник: Христос, істинний Бог наш - молитвами пречистої Своєї Матері, чесного і славного пророка, предтечі і хрестителя Івана, святих славних і всехвальних апостолів, святого отця нашого Івана Золотоустого, архиєпископа Константинополя, і святого, якого є храм, і святих мучеників Платона й Романа, і всіх святих - помилує і спасе нас як благий і людинолюбний.","Священник: Христос, істинний Бог наш - молитвами пречистої Своєї Матері, чесного і славного пророка, предтечі і хрестителя Івана, святих славних і всехвальних апостолів, і святого, якого є храм, і святих мучеників Платона й Романа, і всіх святих - помилує і спасе нас як благий і людинолюбний.",,
Листопад,19.11,3,ср,Св. прор. Авдія Св. мч. Варлаама,"святого пророка Авдія, святого мученика Варлаама",ні,,,,"Священник: Христос, істинний Бог наш - молитвами пречистої Своєї Матері, силою чесного і животворчого хреста, заступництвом святих славних і всехвальних апостолів, святого отця нашого Івана Золотоустого, архиєпископа Константинополя, і святого, якого є храм, і святого пророка Авдія, святого мученика Варлаама, і всіх святих - помилує і спасе нас як благий і людинолюбний.","Священник: Христос, істинний Бог наш - молитвами пречистої Своєї Матері, силою чесного і животворчого хреста, заступництвом святих славних і всехвальних апостолів, і святого, якого є храм, і святого пророка Авдія, святого мученика Варлаама, і всіх святих - помилує і спасе нас як благий і людинолюбний.",,
Листопад,20.11,4,чт,"🕂 Прп. Йосафати Гордашевської Передсвяття Введення у храм Пресвятої Богородиці Прп. Григорія Декаполіта Св. Прокла, архиєп. Царгородського","преподобної матері нашої Йосафати Гордашевської, якого сьогодні пам'ять світло звершуємо,  преподобного Григорія Декаполіта, святого отця нашого Прокла, архиєпископа Царгородського",так,свято,,,"Священник: Христос, істинний Бог наш - молитвами пречистої Своєї Матері, святих славних і всехвальних апостолів, святого отця нашого Івана Золотоустого, архиєпископа Константинополя, і святого, якого є храм, і преподобної матері нашої Йосафати Гордашевської, якого сьогодні пам'ять світло звершуємо,  преподобного Григорія Декаполіта, святого отця нашого Прокла, архиєпископа Царгородського, і всіх святих - помилує і спасе нас як благий і людинолюбний.","Священник: Христос, істинний Бог наш - молитвами пречистої Своєї Матері, святих славних і всехвальних апостолів, і святого, якого є храм, і преподобної матері нашої Йосафати Гордашевської, якого сьогодні пам'ять світло звершуємо,  преподобного Григорія Декаполіта, святого отця нашого Прокла, архиєпископа Царгородського, і всіх святих - помилує і спасе нас як благий і людинолюбний.","Христос, істинний Бог наш - молитвами пречистої Своєї Матері, святих славних і всехвальних апостолів, святого отця нашого Івана Золотоустого, архиєпископа Константинополя, і святого, якого є храм,",
Листопад,21.11,5,пт,🕀 Введення у храм Пресвятої Владичиці нашої Богородиці і Приснодіви Марії,,так,свято,,,"Священник: Христос, істинний Бог наш - молитвами пречистої Cвоєї Матері, якої Введення в храм сьогодні торжественне свято світло звершуємо, святих, славних і всехвальних апостолів, святого отця нашого Івана Золотоустого, архиєпископа Константинополя, і святого, якого є храм, і всіх святих - помилує і спасе нас як благий і людинолюбний.","Священник: Христос, істинний Бог наш - молитвами пречистої Cвоєї Матері, якої Введення в храм сьогодні торжественне свято світло звершуємо, святих, славних і всехвальних апостолів, і святого, якого є храм, і всіх святих - помилує і спасе нас як благий і людинолюбний.","Христос, істинний Бог наш - молитвами пречистої Cвоєї Матері, якої Введення в храм сьогодні торжественне свято світло звершуємо, святих, славних і всехвальних апостолів, святого отця нашого Івана Золотоустого, архиєпископа Константинополя, і святого, якого є храм,",
Листопад,22.11,6,сб,"Неділя 25-та по Зісланні Святого Духа. Св. ап. Филимона і тих, що з ним","святого апостола Филимона і тих, що з ним",так,посвяття,"молитвами пречистої своєї Матері, ","молитвами пречистої Своєї Матері, якої Введення в храм свято звершуємо, ","Священник: Христос, істинний Бог наш - молитвами пречистої Cвоєї Матері, якої Введення в храм свято звершуємо, святих, славних і всехвальних апостолів, святого отця нашого Івана Золотоустого, архиєпископа Константинополя, і святого, якого є храм, і святого апостола Филимона і тих, що з ним, і всіх святих - помилує і спасе нас як благий і людинолюбний.","Священник: Христос, істинний Бог наш - молитвами пречистої Cвоєї Матері, якої Введення в храм свято звершуємо, святих, славних і всехвальних апостолів, і святого, якого є храм, і святого апостола Филимона і тих, що з ним, і всіх святих - помилує і спасе нас як благий і людинолюбний.","Христос, істинний Бог наш - молитвами пречистої Cвоєї Матері, якої Введення в храм сьогодні торжественне свято світло звершуємо, святих, славних і всехвальних апостолів, святого отця нашого Івана Золотоустого, архиєпископа Константинополя, і святого, якого є храм, ",
Листопад,23.11,7,нд,"Свв. Амфілохія, єп. Іконійського, і Григорія, єп. Акрагантійського","святих отців наших Амфілохія, єпископа Іконійського, і Григорія, єпископа Акрагантійського",так,посвяття,"молитвами пречистої своєї Матері, ","молитвами пречистої Своєї Матері, якої Введення в храм свято звершуємо, ","Священник: Христос, що воскрес із мертвих, істинний Бог наш - молитвами пречистої Cвоєї Матері, якої Введення в храм свято звершуємо, святих, славних і всехвальних апостолів, святого отця нашого Івана Золотоустого, архиєпископа Константинополя, і святого, якого є храм, і святих отців наших Амфілохія, єпископа Іконійського, і Григорія, єпископа Акрагантійського, і всіх святих - помилує і спасе нас як благий і людинолюбний.","Священник: Христос, що воскрес із мертвих, істинний Бог наш - молитвами пречистої Cвоєї Матері, якої Введення в храм свято звершуємо, святих, славних і всехвальних апостолів, і святого, якого є храм, і святих отців наших Амфілохія, єпископа Іконійського, і Григорія, єпископа Акрагантійського, і всіх святих - помилує і спасе нас як благий і людинолюбний.","Христос, істинний Бог наш - молитвами пречистої Cвоєї Матері, якої Введення в храм сьогодні торжественне свято світло звершуємо, святих, славних і всехвальних апостолів, святого отця нашого Івана Золотоустого, архиєпископа Константинополя, і святого, якого є храм, ",
Листопад,24.11,1,пн,🕃 Св. вмц. Катерини Св. вмч. Меркурія,"святої великомучениці Катерини, святого великомученика Меркурія",так,посвяття,"молитвами пречистої своєї Матері, ","молитвами пречистої Своєї Матері, якої Введення в храм свято звершуємо, ","Священник: Христос, істинний Бог наш - молитвами пречистої Cвоєї Матері, якої Введення в храм свято звершуємо, святих, славних і всехвальних апостолів, святого отця нашого Івана Золотоустого, архиєпископа Константинополя, і святого, якого є храм, і святої великомучениці Катерини, святого великомученика Меркурія, і всіх святих - помилує і спасе нас як благий і людинолюбний.","Священник: Христос, істинний Бог наш - молитвами пречистої Cвоєї Матері, якої Введення в храм свято звершуємо, святих, славних і всехвальних апостолів, і святого, якого є храм, і святої великомучениці Катерини, святого великомученика Меркурія, і всіх святих - помилує і спасе нас як благий і людинолюбний.","Христос, істинний Бог наш - молитвами пречистої Cвоєї Матері, якої Введення в храм сьогодні торжественне свято світло звершуємо, святих, славних і всехвальних апостолів, святого отця нашого Івана Золотоустого, архиєпископа Константинополя, і святого, якого є храм, ",
Листопад,25.11,2,вв,"Свв. сщмчч. Климента, папи Римського, і Петра, єп. Олександрійського Віддання Введення у храм Пресв. Богородиці</i>","святих отців наших і священномучеників Климента, папи Римського, і Петра, єпископа Олександрійського,",так,віддання,"молитвами пречистої своєї Матері, ","молитвами пречистої Своєї Матері, якої Введення в храм свято звершуємо, ","Священник: Христос, істинний Бог наш - молитвами пречистої Cвоєї Матері, якої Введення в храм свято звершуємо, святих, славних і всехвальних апостолів, святого отця нашого Івана Золотоустого, архиєпископа Константинополя, і святого, якого є храм, і святих отців наших і священномучеників Климента, папи Римського, і Петра, єпископа Олександрійського,, і всіх святих - помилує і спасе нас як благий і людинолюбний.","Священник: Христос, істинний Бог наш - молитвами пречистої Cвоєї Матері, якої Введення в храм свято звершуємо, святих, славних і всехвальних апостолів, і святого, якого є храм, і святих отців наших і священномучеників Климента, папи Римського, і Петра, єпископа Олександрійського,, і всіх святих - помилує і спасе нас як благий і людинолюбний.",,
Листопад,26.11,3,ср,"Прп. Аліпія Стовпника Пам’ять посвячення храму Св. вмч. Юрія, що в Києві перед воротами Св. Софії","преподобного отця нашого Аліпія Стовпника, святого великомученика Юрія, що в його чесить у Києві перед воротами Святої Софії храму посвячення пам’ять творимо",ні,,,,"Священник: Христос, істинний Бог наш - молитвами пречистої Своєї Матері, силою чесного і животворчого хреста, заступництвом святих славних і всехвальних апостолів, святого отця нашого Івана Золотоустого, архиєпископа Константинополя, і святого, якого є храм, і преподобного отця нашого Аліпія Стовпника, святого великомученика Юрія, що в його чесить у Києві перед воротами Святої Софії храму посвячення пам’ять творимо, і всіх святих - помилує і спасе нас як благий і людинолюбний.","Священник: Христос, істинний Бог наш - молитвами пречистої Своєї Матері, силою чесного і животворчого хреста, заступництвом святих славних і всехвальних апостолів, і святого, якого є храм, і преподобного отця нашого Аліпія Стовпника, святого великомученика Юрія, що в його чесить у Києві перед воротами Святої Софії храму посвячення пам’ять творимо, і всіх святих - помилує і спасе нас як благий і людинолюбний.",,
Листопад,27.11,4,чт,Св. вмч. Якова Перського Прп. Палладія,"святого великомученика Якова Перського, преподобного отця нашого Палладія",ні,,,,"Священник: Христос, істинний Бог наш - молитвами пречистої Своєї Матері, святих славних і всехвальних апостолів, святого отця нашого Миколая, архиєпископа Мир Ликійських, чудотворця, святого отця нашого Івана Золотоустого, архиєпископа Константинополя, і святого, якого є храм, і святого великомученика Якова Перського, преподобного отця нашого Палладія, і всіх святих - помилує і спасе нас як благий і людинолюбний.","Священник: Христос, істинний Бог наш - молитвами пречистої Своєї Матері, святих славних і всехвальних апостолів, святого отця нашого Миколая, архиєпископа Мир Ликійських, чудотворця, і святого, якого є храм, і святого великомученика Якова Перського, преподобного отця нашого Палладія, і всіх святих - помилує і спасе нас як благий і людинолюбний.",,
Листопад,28.11,5,пт,🕃 Прпмч. Стефана Нового Св. мч. Іринарха,"преподобномученика Стефана Нового, святого мученика Іринарха",ні,,,,"Священник: Христос, істинний Бог наш - молитвами пречистої Своєї Матері, силою чесного і животворчого хреста, заступництвом святих славних і всехвальних апостолів, святого отця нашого Івана Золотоустого, архиєпископа Константинополя, і святого, якого є храм, і преподобномученика Стефана Нового, святого мученика Іринарха, і всіх святих - помилує і спасе нас як благий і людинолюбний.","Священник: Христос, істинний Бог наш - молитвами пречистої Своєї Матері, силою чесного і животворчого хреста, заступництвом святих славних і всехвальних апостолів, і святого, якого є храм, і преподобномученика Стефана Нового, святого мученика Іринарха, і всіх святих - помилує і спасе нас як благий і людинолюбний.",,
Листопад,29.11,6,сб,"Неділя 26-та по Зісланні Святого Духа. Св. мч. Парамона Св. мч. Філумена Прп. Акакія, що згадується в «Ліствиці»","святого мученика Парамона, святого мученика Філумена, преподобного Акакія, що згадується в «Ліствиці»",ні,,,,"Священник: Христос, істинний Бог наш - молитвами пречистої Своєї Матері, силою чесного і животворчого Хреста, заступництвом чесних небесних сил безтілесних, чесного і славного пророка, предтечі і хрестителя Івана, святих славних і всехвальних апостолів, святого отця нашого Миколая, архиєпископа Мир Ликійських, чудотворця, святих славних і переможних мучеників, преподобних і богоносних отців наших, святого отця нашого Івана Золотоустого, архиєпископа Константинополя, святих і праведних богоотців Йоакима й Анни, і святого, якого є храм, і святого мученика Парамона, святого мученика Філумена, преподобного Акакія, що згадується в «Ліствиці», і всіх святих - помилує і спасе нас як благий і людинолюбний.","Священник: Христос, істинний Бог наш - молитвами пречистої Своєї Матері, силою чесного і животворчого Хреста, заступництвом чесних небесних сил безтілесних, чесного і славного пророка, предтечі і хрестителя Івана, святих славних і всехвальних апостолів, святого отця нашого Миколая, архиєпископа Мир Ликійських, чудотворця, святих славних і переможних мучеників, преподобних і богоносних отців наших, святих і праведних богоотців Йоакима й Анни, і святого, якого є храм, і святого мученика Парамона, святого мученика Філумена, преподобного Акакія, що згадується в «Ліствиці», і всіх святих - помилує і спасе нас як благий і людинолюбний.",,
Листопад,30.11,7,нд,🕂 Св. всехв. ап. Андрія Первозваного,"святого всехвального апостола Андрія Первозваного, якого сьогодні пам'ять світло звершуємо",так,свято,,,"Священник: Христос, що воскрес із мертвих, істинний Бог наш - молитвами пречистої Своєї Матері, святих славних і всехвальних апостолів, святого отця нашого Івана Золотоустого, архиєпископа Константинополя, і святого, якого є храм, і святого всехвального апостола Андрія Первозваного, якого сьогодні пам'ять світло звершуємо, і всіх святих - помилує і спасе нас як благий і людинолюбний.","Священник: Христос, що воскрес із мертвих, істинний Бог наш - молитвами пречистої Своєї Матері, святих славних і всехвальних апостолів, і святого, якого є храм, і святого всехвального апостола Андрія Первозваного, якого сьогодні пам'ять світло звершуємо, і всіх святих - помилує і спасе нас як благий і людинолюбний.","Христос, істинний Бог наш - молитвами пречистої Своєї Матері, святих славних і всехвальних апостолів, святого отця нашого Івана Золотоустого, архиєпископа Константинополя, і святого, якого є храм,",
Грудень,01.12,1,пн,Св. прор. Наума,святого пророка Наума,ні,,,,"Священник: Христос, істинний Бог наш - молитвами пречистої Своєї Матері, заступництвом чесних небесних сил безтілесних, святих славних і всехвальних апостолів, святого отця нашого Івана Золотоустого, архиєпископа Константинополя, і святого, якого є храм, і святого пророка Наума, і всіх святих - помилує і спасе нас як благий і людинолюбний.","Священник: Христос, істинний Бог наш - молитвами пречистої Своєї Матері, заступництвом чесних небесних сил безтілесних, святих славних і всехвальних апостолів, і святого, якого є храм, і святого пророка Наума, і всіх святих - помилує і спасе нас як благий і людинолюбний.",,
Грудень,02.12,2,вв,"Св. прор. Аввакума Блаж. сщмч. Івана Слезюка, єп.","святого пророка Аввакума, блаженного священномученика Івана Слезюка, єпископа",ні,,,,"Священник: Христос, істинний Бог наш - молитвами пречистої Своєї Матері, чесного і славного пророка, предтечі і хрестителя Івана, святих славних і всехвальних апостолів, святого отця нашого Івана Золотоустого, архиєпископа Константинополя, і святого, якого є храм, і святого пророка Аввакума, блаженного священномученика Івана Слезюка, єпископа, і всіх святих - помилує і спасе нас як благий і людинолюбний.","Священник: Христос, істинний Бог наш - молитвами пречистої Своєї Матері, чесного і славного пророка, предтечі і хрестителя Івана, святих славних і всехвальних апостолів, і святого, якого є храм, і святого пророка Аввакума, блаженного священномученика Івана Слезюка, єпископа, і всіх святих - помилує і спасе нас як благий і людинолюбний.",,
Грудень,03.12,3,ср,Св. прор. Софонії,святого пророка Софонії,ні,,,,"Священник: Христос, істинний Бог наш - молитвами пречистої Своєї Матері, силою чесного і животворчого хреста, заступництвом святих славних і всехвальних апостолів, святого отця нашого Івана Золотоустого, архиєпископа Константинополя, і святого, якого є храм, і святого пророка Софонії, і всіх святих - помилує і спасе нас як благий і людинолюбний.","Священник: Христос, істинний Бог наш - молитвами пречистої Своєї Матері, силою чесного і животворчого хреста, заступництвом святих славних і всехвальних апостолів, і святого, якого є храм, і святого пророка Софонії, і всіх святих - помилує і спасе нас як благий і людинолюбний.",,
Грудень,04.12,4,чт,🕃 Св. вмц. Варвари Прп. Івана Дамаскина,"святої великомучениці Варвари, преподобного отця нашого Івана Дамаскина",ні,,,,"Священник: Христос, істинний Бог наш - молитвами пречистої Своєї Матері, святих славних і всехвальних апостолів, святого отця нашого Миколая, архиєпископа Мир Ликійських, чудотворця, святого отця нашого Івана Золотоустого, архиєпископа Константинополя, і святого, якого є храм, і святої великомучениці Варвари, преподобного отця нашого Івана Дамаскина, і всіх святих - помилує і спасе нас як благий і людинолюбний.","Священник: Христос, істинний Бог наш - молитвами пречистої Своєї Матері, святих славних і всехвальних апостолів, святого отця нашого Миколая, архиєпископа Мир Ликійських, чудотворця, і святого, якого є храм, і святої великомучениці Варвари, преподобного отця нашого Івана Дамаскина, і всіх святих - помилує і спасе нас як благий і людинолюбний.",,
Грудень,05.12,5,пт,🕂 Прп. й богоносного Сави Освященного,"преподобного й богоносного отця нашого Сави Освященного, якого сьогодні пам'ять торжественно звершуємо",так,свято,,,"Священник: Христос, істинний Бог наш - молитвами пречистої Своєї Матері, святих славних і всехвальних апостолів, святого отця нашого Івана Золотоустого, архиєпископа Константинополя, і святого, якого є храм, і преподобного й богоносного отця нашого Сави Освященного, якого сьогодні пам'ять торжественно звершуємо, і всіх святих - помилує і спасе нас як благий і людинолюбний.","Священник: Христос, істинний Бог наш - молитвами пречистої Своєї Матері, святих славних і всехвальних апостолів, і святого, якого є храм, і преподобного й богоносного отця нашого Сави Освященного, якого сьогодні пам'ять торжественно звершуємо, і всіх святих - помилує і спасе нас як благий і людинолюбний.","Христос, істинний Бог наш - молитвами пречистої Своєї Матері, святих славних і всехвальних апостолів, святого отця нашого Івана Золотоустого, архиєпископа Константинополя, і святого, якого є храм,",
Грудень,06.12,6,сб,"Неділя 27-ма по Зісланні Святого Духа. 🕁 Св. Миколая, архиєп. Мир Ликійських, чудотв.","святого отця нашого Миколая, архиєпископа Мир Ликійських, чудотворця, якого сьогодні пам'ять торжественно звершуємо",так,свято,,,"Священник: Христос, істинний Бог наш - молитвами пречистої Своєї Матері, святих славних і всехвальних апостолів, святого отця нашого Івана Золотоустого, архиєпископа Константинополя, і святого, якого є храм, і святого отця нашого Миколая, архиєпископа Мир Ликійських, чудотворця, якого сьогодні пам'ять торжественно звершуємо, і всіх святих - помилує і спасе нас як благий і людинолюбний.","Священник: Христос, істинний Бог наш - молитвами пречистої Своєї Матері, святих славних і всехвальних апостолів, і святого, якого є храм, і святого отця нашого Миколая, архиєпископа Мир Ликійських, чудотворця, якого сьогодні пам'ять торжественно звершуємо, і всіх святих - помилує і спасе нас як благий і людинолюбний.","Христос, істинний Бог наш - молитвами пречистої Своєї Матері, святих славних і всехвальних апостолів, святого отця нашого Івана Золотоустого, архиєпископа Константинополя, і святого, якого є храм,",
Грудень,07.12,7,нд,"Св. Амвросія, єп. Медіоланського","святого отця нашого Амвросія, єпископа Медіоланського",ні,,,,"Священник: Христос, що воскрес із мертвих, істинний Бог наш - молитвами пречистої Своєї Матері, святих славних і всехвальних апостолів, святого отця нашого Івана Золотоустого, архиєпископа Константинополя, і святого, якого є храм, і святого отця нашого Амвросія, єпископа Медіоланського, і всіх святих - помилує і спасе нас як благий і людинолюбний.","Священник: Христос, що воскрес із мертвих, істинний Бог наш - молитвами пречистої Своєї Матері, святих славних і всехвальних апостолів, і святого, якого є храм, і святого отця нашого Амвросія, єпископа Медіоланського, і всіх святих - помилує і спасе нас як благий і людинолюбний.",,
Грудень,08.12,1,пн,Прп. Патапія,преподобного отця нашого Патапія,ні,,,,"Священник: Христос, істинний Бог наш - молитвами пречистої Своєї Матері, заступництвом чесних небесних сил безтілесних, святих славних і всехвальних апостолів, святого отця нашого Івана Золотоустого, архиєпископа Константинополя, і святого, якого є храм, і преподобного отця нашого Патапія, і всіх святих - помилує і спасе нас як благий і людинолюбний.","Священник: Христос, істинний Бог наш - молитвами пречистої Своєї Матері, заступництвом чесних небесних сил безтілесних, святих славних і всехвальних апостолів, і святого, якого є храм, і преподобного отця нашого Патапія, і всіх святих - помилує і спасе нас як благий і людинолюбний.",,
Грудень,09.12,2,вв,🕁 Непорочне Зачаття Пресв. Богородиці св. Анною,,так,свято,,,"Священник: Христос, істинний Бог наш - молитвами пречистої Своєї Матері, Непорочного Зачаття сьогодні торжественне свято світло звершуємо, святих славних і всехвальних апостолів, святого отця нашого Івана Золотоустого, архиєпископа Константинополя, і святого, якого є храм, і всіх святих - помилує і спасе нас як благий і людинолюбний.","Священник: Христос, істинний Бог наш - молитвами пречистої Своєї Матері, Непорочного Зачаття сьогодні торжественне свято світло звершуємо, святих славних і всехвальних апостолів, і святого, якого є храм, і всіх святих - помилує і спасе нас як благий і людинолюбний.","Христос, істинний Бог наш - молитвами пречистої Своєї Матері, Непорочного Зачаття сьогодні торжественне свято світло звершуємо, святих славних і всехвальних апостолів, святого отця нашого Івана Золотоустого, архиєпископа Константинополя, і святого, якого є храм,",
Грудень,10.12,3,ср,"Свв. мчч. Мини, Єрмогена і Євграфа","святих мучеників Мини, Єрмогена і Євграфа",ні,,,,"Священник: Христос, істинний Бог наш - молитвами пречистої Своєї Матері, силою чесного і животворчого хреста, заступництвом святих славних і всехвальних апостолів, святого отця нашого Івана Золотоустого, архиєпископа Константинополя, і святого, якого є храм, і святих мучеників Мини, Єрмогена і Євграфа, і всіх святих - помилує і спасе нас як благий і людинолюбний.","Священник: Христос, істинний Бог наш - молитвами пречистої Своєї Матері, силою чесного і животворчого хреста, заступництвом святих славних і всехвальних апостолів, і святого, якого є храм, і святих мучеників Мини, Єрмогена і Євграфа, і всіх святих - помилує і спасе нас як благий і людинолюбний.",,
Грудень,11.12,4,чт,Прп. Даниїла Стовпника,преподобного отця нашого Даниїла Стовпника,ні,,,,"Священник: Христос, істинний Бог наш - молитвами пречистої Своєї Матері, святих славних і всехвальних апостолів, святого отця нашого Миколая, архиєпископа Мир Ликійських, чудотворця, святого отця нашого Івана Золотоустого, архиєпископа Константинополя, і святого, якого є храм, і преподобного отця нашого Даниїла Стовпника, і всіх святих - помилує і спасе нас як благий і людинолюбний.","Священник: Христос, істинний Бог наш - молитвами пречистої Своєї Матері, святих славних і всехвальних апостолів, святого отця нашого Миколая, архиєпископа Мир Ликійських, чудотворця, і святого, якого є храм, і преподобного отця нашого Даниїла Стовпника, і всіх святих - помилує і спасе нас як благий і людинолюбний.",,
Грудень,12.12,5,пт,"🕃 Прп. Спиридона, чудотв., єп. Трімитійського","преподобного отця нашого Спиридона, чудотворця, єпископа Трімитійського",ні,,,,"Священник: Христос, істинний Бог наш - молитвами пречистої Своєї Матері, силою чесного і животворчого хреста, заступництвом святих славних і всехвальних апостолів, святого отця нашого Івана Золотоустого, архиєпископа Константинополя, і святого, якого є храм, і преподобного отця нашого Спиридона, чудотворця, єпископа Трімитійського, і всіх святих - помилує і спасе нас як благий і людинолюбний.","Священник: Христос, істинний Бог наш - молитвами пречистої Своєї Матері, силою чесного і животворчого хреста, заступництвом святих славних і всехвальних апостолів, і святого, якого є храм, і преподобного отця нашого Спиридона, чудотворця, єпископа Трімитійського, і всіх святих - помилує і спасе нас як благий і людинолюбний.",,
Грудень,13.12,6,сб,"Неділя 28-ма по Зісланні Святого Духа. 🕂 Свв. мчч. Євстратія, Авксентія, Євгенія, Мардарія й Ореста Св. мц. Лукії, діви","святих мучеників Євстратія, Авксентія, Євгенія, Мардарія й Ореста, яких сьогодні пам'ять торжественно звершуємо, святої мучениці Лукії, діви",так,свято,,,"Священник: Христос, істинний Бог наш - молитвами пречистої Своєї Матері, святих славних і всехвальних апостолів, святого отця нашого Івана Золотоустого, архиєпископа Константинополя, і святого, якого є храм, і святих мучеників Євстратія, Авксентія, Євгенія, Мардарія й Ореста, яких сьогодні пам'ять торжественно звершуємо, святої мучениці Лукії, діви, і всіх святих - помилує і спасе нас як благий і людинолюбний.","Священник: Христос, істинний Бог наш - молитвами пречистої Своєї Матері, святих славних і всехвальних апостолів, і святого, якого є храм, і святих мучеників Євстратія, Авксентія, Євгенія, Мардарія й Ореста, яких сьогодні пам'ять торжественно звершуємо, святої мучениці Лукії, діви, і всіх святих - помилує і спасе нас як благий і людинолюбний.","Христос, істинний Бог наш - молитвами пречистої Своєї Матері, святих славних і всехвальних апостолів, святого отця нашого Івана Золотоустого, архиєпископа Константинополя, і святого, якого є храм,",
Грудень,14.12,7,нд,"Свв. мчч. Тирса, Левкія, Филимона, Аполлонія й Каленика","святих мучеників Тирса, Левкія, Филимона, Аполлонія й Каленика",ні,,,,"Священник: Христос, що воскрес із мертвих, істинний Бог наш - молитвами пречистої Своєї Матері, святих славних і всехвальних апостолів, святого отця нашого Івана Золотоустого, архиєпископа Константинополя, і святого, якого є храм, і святих мучеників Тирса, Левкія, Филимона, Аполлонія й Каленика, і всіх святих - помилує і спасе нас як благий і людинолюбний.","Священник: Христос, що воскрес із мертвих, істинний Бог наш - молитвами пречистої Своєї Матері, святих славних і всехвальних апостолів, і святого, якого є храм, і святих мучеників Тирса, Левкія, Филимона, Аполлонія й Каленика, і всіх святих - помилує і спасе нас як благий і людинолюбний.",,
Грудень,15.12,1,пн,"🕃 Св. Стефана ісп., архиєп. Сурозького Св. сщмч. Єлевтерія Прп. Павла, що в Латрі","святого отця нашого Стефана ісповідника, архиєпископа Сурозького, святого священномученика Єлевтерія, преподобного отця нашого Павла, що в Латрі",ні,,,,"Священник: Христос, істинний Бог наш - молитвами пречистої Своєї Матері, заступництвом чесних небесних сил безтілесних, святих славних і всехвальних апостолів, святого отця нашого Івана Золотоустого, архиєпископа Константинополя, і святого, якого є храм, і святого отця нашого Стефана ісповідника, архиєпископа Сурозького, святого священномученика Єлевтерія, преподобного отця нашого Павла, що в Латрі, і всіх святих - помилує і спасе нас як благий і людинолюбний.","Священник: Христос, істинний Бог наш - молитвами пречистої Своєї Матері, заступництвом чесних небесних сил безтілесних, святих славних і всехвальних апостолів, і святого, якого є храм, і святого отця нашого Стефана ісповідника, архиєпископа Сурозького, святого священномученика Єлевтерія, преподобного отця нашого Павла, що в Латрі, і всіх святих - помилує і спасе нас як благий і людинолюбний.",,
Грудень,16.12,2,вв,Св. прор. Аггея,святого пророка Аггея,ні,,,,"Священник: Христос, істинний Бог наш - молитвами пречистої Своєї Матері, чесного і славного пророка, предтечі і хрестителя Івана, святих славних і всехвальних апостолів, святого отця нашого Івана Золотоустого, архиєпископа Константинополя, і святого, якого є храм, і святого пророка Аггея, і всіх святих - помилує і спасе нас як благий і людинолюбний.","Священник: Христос, істинний Бог наш - молитвами пречистої Своєї Матері, чесного і славного пророка, предтечі і хрестителя Івана, святих славних і всехвальних апостолів, і святого, якого є храм, і святого пророка Аггея, і всіх святих - помилує і спасе нас як благий і людинолюбний.",,
Грудень,17.12,3,ср,"🕃 Св. прор. Даниїла Свв. трьох отроків: Ананії, Азарії й Мисаїла","святого пророка Даниїла, святих трьох отроків: Ананії, Азарії й Мисаїла",ні,,,,"Священник: Христос, істинний Бог наш - молитвами пречистої Своєї Матері, силою чесного і животворчого хреста, заступництвом святих славних і всехвальних апостолів, святого отця нашого Івана Золотоустого, архиєпископа Константинополя, і святого, якого є храм, і святого пророка Даниїла, святих трьох отроків: Ананії, Азарії й Мисаїла, і всіх святих - помилує і спасе нас як благий і людинолюбний.","Священник: Христос, істинний Бог наш - молитвами пречистої Своєї Матері, силою чесного і животворчого хреста, заступництвом святих славних і всехвальних апостолів, і святого, якого є храм, і святого пророка Даниїла, святих трьох отроків: Ананії, Азарії й Мисаїла, і всіх святих - помилує і спасе нас як благий і людинолюбний.",,
Грудень,18.12,4,чт,"Св. мч. Севастіана і тих, що з ним","святого мученика Севастіана і тих, що з ним",ні,,,,"Священник: Христос, істинний Бог наш - молитвами пречистої Своєї Матері, святих славних і всехвальних апостолів, святого отця нашого Миколая, архиєпископа Мир Ликійських, чудотворця, святого отця нашого Івана Золотоустого, архиєпископа Константинополя, і святого, якого є храм, і святого мученика Севастіана і тих, що з ним, і всіх святих - помилує і спасе нас як благий і людинолюбний.","Священник: Христос, істинний Бог наш - молитвами пречистої Своєї Матері, святих славних і всехвальних апостолів, святого отця нашого Миколая, архиєпископа Мир Ликійських, чудотворця, і святого, якого є храм, і святого мученика Севастіана і тих, що з ним, і всіх святих - помилує і спасе нас як благий і людинолюбний.",,
Грудень,19.12,5,пт,Субота перед Різдвом Св. мч. Боніфатія,святого мученика Боніфатія,ні,,,,"Священник: Христос, істинний Бог наш - молитвами пречистої Своєї Матері, силою чесного і животворчого хреста, заступництвом святих славних і всехвальних апостолів, святого отця нашого Івана Золотоустого, архиєпископа Константинополя, і святого, якого є храм, і святого мученика Боніфатія, і всіх святих - помилує і спасе нас як благий і людинолюбний.","Священник: Христос, істинний Бог наш - молитвами пречистої Своєї Матері, силою чесного і животворчого хреста, заступництвом святих славних і всехвальних апостолів, і святого, якого є храм, і святого мученика Боніфатія, і всіх святих - помилує і спасе нас як благий і людинолюбний.",,
Грудень,20.12,6,сб,"Неділя перед Різдвом, святих Отців 🕃 Передсвяття Різдва Господа Бога і Спаса нашого Ісуса Христа Св. сщмч. Ігнатія Богоносця",святого священномученика Ігнатія Богоносця,ні,,,,"Священник: Христос, істинний Бог наш - молитвами пречистої Своєї Матері, силою чесного і животворчого Хреста, заступництвом чесних небесних сил безтілесних, чесного і славного пророка, предтечі і хрестителя Івана, святих славних і всехвальних апостолів, святого отця нашого Миколая, архиєпископа Мир Ликійських, чудотворця, святих славних і переможних мучеників, преподобних і богоносних отців наших, святого отця нашого Івана Золотоустого, архиєпископа Константинополя, святих і праведних богоотців Йоакима й Анни, і святого, якого є храм, і святого священномученика Ігнатія Богоносця, і всіх святих - помилує і спасе нас як благий і людинолюбний.","Священник: Христос, істинний Бог наш - молитвами пречистої Своєї Матері, силою чесного і животворчого Хреста, заступництвом чесних небесних сил безтілесних, чесного і славного пророка, предтечі і хрестителя Івана, святих славних і всехвальних апостолів, святого отця нашого Миколая, архиєпископа Мир Ликійських, чудотворця, святих славних і переможних мучеників, преподобних і богоносних отців наших, святих і праведних богоотців Йоакима й Анни, і святого, якого є храм, і святого священномученика Ігнатія Богоносця, і всіх святих - помилує і спасе нас як благий і людинолюбний.",,
Грудень,21.12,7,нд,Передсвяття Різдва Христового Св. мц. Юліанії,святої мучениці Юліанії,ні,,,,"Священник: Христос, що воскрес із мертвих, істинний Бог наш - молитвами пречистої Своєї Матері, святих славних і всехвальних апостолів, святого отця нашого Івана Золотоустого, архиєпископа Константинополя, і святого, якого є храм, і святої мучениці Юліанії, і всіх святих - помилує і спасе нас як благий і людинолюбний.","Священник: Христос, що воскрес із мертвих, істинний Бог наш - молитвами пречистої Своєї Матері, святих славних і всехвальних апостолів, і святого, якого є храм, і святої мучениці Юліанії, і всіх святих - помилує і спасе нас як благий і людинолюбний.",,
Грудень,22.12,1,пн,Передсвяття Різдва Христового Св. вмц. Анастасії,святої великомучениці Анастасії,ні,,,,"Священник: Христос, істинний Бог наш - молитвами пречистої Своєї Матері, заступництвом чесних небесних сил безтілесних, святих славних і всехвальних апостолів, святого отця нашого Івана Золотоустого, архиєпископа Константинополя, і святого, якого є храм, і святої великомучениці Анастасії, і всіх святих - помилує і спасе нас як благий і людинолюбний.","Священник: Христос, істинний Бог наш - молитвами пречистої Своєї Матері, заступництвом чесних небесних сил безтілесних, святих славних і всехвальних апостолів, і святого, якого є храм, і святої великомучениці Анастасії, і всіх святих - помилує і спасе нас як благий і людинолюбний.",,
Грудень,23.12,2,вв,"Передсвяття Різдва Христового Свв. десятьох мчч., що в Криті","святих десятьох мучеників, що в Криті",ні,,,,"Священник: Христос, істинний Бог наш - молитвами пречистої Своєї Матері, чесного і славного пророка, предтечі і хрестителя Івана, святих славних і всехвальних апостолів, святого отця нашого Івана Золотоустого, архиєпископа Константинополя, і святого, якого є храм, і святих десятьох мучеників, що в Криті, і всіх святих - помилує і спасе нас як благий і людинолюбний.","Священник: Христос, істинний Бог наш - молитвами пречистої Своєї Матері, чесного і славного пророка, предтечі і хрестителя Івана, святих славних і всехвальних апостолів, і святого, якого є храм, і святих десятьох мучеників, що в Криті, і всіх святих - помилує і спасе нас як благий і людинолюбний.",,
Грудень,24.12,3,ср,Навечір’я Різдва Христового Св. прпмц. Євгенії,святої преподобномучениці Євгенії,ні,,,,"Священник: Христос, істинний Бог наш - молитвами пречистої Своєї Матері, силою чесного і животворчого хреста, заступництвом святих славних і всехвальних апостолів, святого отця нашого Івана Золотоустого, архиєпископа Константинополя, і святого, якого є храм, і святої преподобномучениці Євгенії, і всіх святих - помилує і спасе нас як благий і людинолюбний.","Священник: Христос, істинний Бог наш - молитвами пречистої Своєї Матері, силою чесного і животворчого хреста, заступництвом святих славних і всехвальних апостолів, і святого, якого є храм, і святої преподобномучениці Євгенії, і всіх святих - помилує і спасе нас як благий і людинолюбний.",,
Грудень,25.12,4,чт,🕀 Різдво Господа Бога і Спаса нашого Ісуса Христа,,так,свято,,,"Священник: Христос, істинний Бог наш, що народився у вертепі у Вифлеємі Юдейському і в яслах положився спасіння нашого ради - молитвами пречистої своєї Матері, святих славних і всехвальних апостолів, святого отця нашого Івана Золотоустого, архиєпископа Константинополя, і святого, якого є храм, і всіх святих - помилує і спасе нас як благий і людинолюбний.","Священник: Христос, істинний Бог наш, що народився у вертепі у Вифлеємі Юдейському і в яслах положився спасіння нашого ради - молитвами пречистої своєї Матері, святих славних і всехвальних апостолів, і святого, якого є храм, і всіх святих - помилує і спасе нас як благий і людинолюбний.","Христос, істинний Бог наш, що народився у вертепі у Вифлеємі Юдейському і в яслах положився спасіння нашого ради - молитвами пречистої своєї Матері, святих славних і всехвальних апостолів, святого отця нашого Івана Золотоустого, архиєпископа Константинополя, і святого, якого є храм,",
Грудень,26.12,5,пт,"Субота по Різдві 🕃 Собор Пресвятої Богородиці Св. сщмч. Євтимія, єп. Сардійського","святого священномученика Євтимія, єпископа Сардійського",так,свято,,,"Священник: Христос, істинний Бог наш, що народився у вертепі у Вифлеємі Юдейському і в яслах положився спасіння нашого ради - молитвами пречистої своєї Матері, якої пам'ять собору сьогодні святкуємо, святих, славних і всехвальних апостолів, святого отця нашого Івана Золотоустого, архиєпископа Константинополя, і святого, якого є храм, і святого священномученика Євтимія, єпископа Сардійського, і всіх святих - помилує і спасе нас як благий і людинолюбний.","Священник: Христос, істинний Бог наш, що народився у вертепі у Вифлеємі Юдейському і в яслах положився спасіння нашого ради - молитвами пречистої своєї Матері, якої пам'ять собору сьогодні святкуємо, святих, славних і всехвальних апостолів, і святого, якого є храм, і святого священномученика Євтимія, єпископа Сардійського, і всіх святих - помилує і спасе нас як благий і людинолюбний.","Христос, істинний Бог наш, що народився у вертепі у Вифлеємі Юдейському і в яслах положився спасіння нашого ради - молитвами пречистої своєї Матері, якої пам'ять собору сьогодні святкуємо, святих, славних і всехвальних апостолів, святого отця нашого Івана Золотоустого, архиєпископа Константинополя, і святого, якого є храм,",
Грудень,27.12,6,сб,"Неділя по Різдві. Пам’ять святих і праведних Йосифа Обручника, Давида, царя, і Якова, брата Божого 🕃 Св. ап., первмч. й архдияк. Стефана Прп. й ісп. Теодора Начертанного, брата Теофана, творця канонів","святого апостола, первомученика й архидиякона Стефана, преподобного отця нашого й ісповідника Теодора Начертанного, брата Теофана, творця канонів",так,свято,"істинний Бог наш,","істинний Бог наш, що народився в вертепі у Вифлеємі Юдейському і дав Себе покласти в ясла спасіння нашого ради,","Священник: Христос, істинний Бог наш, що народився у вертепі у Вифлеємі Юдейському і в яслах положився спасіння нашого ради - молитвами пречистої своєї Матері, святих славних і всехвальних апостолів, святого отця нашого Івана Золотоустого, архиєпископа Константинополя, і святого, якого є храм, і святого апостола, первомученика й архидиякона Стефана, преподобного отця нашого й ісповідника Теодора Начертанного, брата Теофана, творця канонів, і всіх святих - помилує і спасе нас як благий і людинолюбний.","Священник: Христос, істинний Бог наш, що народився у вертепі у Вифлеємі Юдейському і в яслах положився спасіння нашого ради - молитвами пречистої своєї Матері, святих славних і всехвальних апостолів, і святого, якого є храм, і святого апостола, первомученика й архидиякона Стефана, преподобного отця нашого й ісповідника Теодора Начертанного, брата Теофана, творця канонів, і всіх святих - помилує і спасе нас як благий і людинолюбний.","Христос, істинний Бог наш, що народився у вертепі у Вифлеємі Юдейському і в яслах положився спасіння нашого ради - молитвами пречистої своєї Матері, святих славних і всехвальних апостолів, святого отця нашого Івана Золотоустого, архиєпископа Константинополя, і святого, якого є храм,",
Грудень,28.12,7,нд,"Свв. двадцяти тисяч мчч., спалених у Нікомидії Блаж. сщмч. Григорія Хомишина, єп. Станіславівського","святих двадцяти тисяч мучеників, спалених у Нікомидії, блаженного священномученика Григорія, єпископа Станіславівського",так,посвяття,"істинний Бог наш,","істинний Бог наш, що народився в вертепі у Вифлеємі Юдейському і дав Себе покласти в ясла спасіння нашого ради,","Священник: Христос, що воскрес із мертвих, істинний Бог наш, що народився у вертепі у Вифлеємі Юдейському і в яслах положився спасіння нашого ради - молитвами пречистої своєї Матері, святих славних і всехвальних апостолів, святого отця нашого Івана Золотоустого, архиєпископа Константинополя, і святого, якого є храм, і святих двадцяти тисяч мучеників, спалених у Нікомидії, блаженного священномученика Григорія, єпископа Станіславівського, і всіх святих - помилує і спасе нас як благий і людинолюбний.","Священник: Христос, що воскрес із мертвих, істинний Бог наш, що народився у вертепі у Вифлеємі Юдейському і в яслах положився спасіння нашого ради - молитвами пречистої своєї Матері, святих славних і всехвальних апостолів, і святого, якого є храм, і святих двадцяти тисяч мучеників, спалених у Нікомидії, блаженного священномученика Григорія, єпископа Станіславівського, і всіх святих - помилує і спасе нас як благий і людинолюбний.","Христос, істинний Бог наш, що народився у вертепі у Вифлеємі Юдейському і в яслах положився спасіння нашого ради - молитвами пречистої своєї Матері, святих славних і всехвальних апостолів, святого отця нашого Івана Золотоустого, архиєпископа Константинополя, і святого, якого є храм, ",
Грудень,29.12,1,пн,"Свв. немовлят, за Христа вбитих у Вифлеємі Прп. Маркелла, ігум. монастиря невсипущих","святих і праведних Йосифа Обручника, Давида царя і Якова, по плоті брата Господнього, святих немовлят, за Христа вбитих у Вифлеємі, преподобного отця нашого Маркелла, ігумена монастиря невсипущих",так,посвяття,"істинний Бог наш,","істинний Бог наш, що народився в вертепі у Вифлеємі Юдейському і дав Себе покласти в ясла спасіння нашого ради,","Священник: Христос, істинний Бог наш, що народився у вертепі у Вифлеємі Юдейському і в яслах положився спасіння нашого ради - молитвами пречистої своєї Матері, святих славних і всехвальних апостолів, святого отця нашого Івана Золотоустого, архиєпископа Константинополя, і святого, якого є храм, і святих і праведних Йосифа Обручника, Давида царя і Якова, по плоті брата Господнього, святих немовлят, за Христа вбитих у Вифлеємі, преподобного отця нашого Маркелла, ігумена монастиря невсипущих, і всіх святих - помилує і спасе нас як благий і людинолюбний.","Священник: Христос, істинний Бог наш, що народився у вертепі у Вифлеємі Юдейському і в яслах положився спасіння нашого ради - молитвами пречистої своєї Матері, святих славних і всехвальних апостолів, і святого, якого є храм, і святих і праведних Йосифа Обручника, Давида царя і Якова, по плоті брата Господнього, святих немовлят, за Христа вбитих у Вифлеємі, преподобного отця нашого Маркелла, ігумена монастиря невсипущих, і всіх святих - помилує і спасе нас як благий і людинолюбний.","Христос, істинний Бог наш, що народився у вертепі у Вифлеємі Юдейському і в яслах положився спасіння нашого ради - молитвами пречистої своєї Матері, святих славних і всехвальних апостолів, святого отця нашого Івана Золотоустого, архиєпископа Константинополя, і святого, якого є храм, ",
Грудень,30.12,2,вв,"Св. мц. Анісії Прп. Зотика, пресвіт. і кормителя сиріт","святої мучениці Анісії, преподобного Зотика, пресвітера і кормителя сиріт",так,посвяття,"істинний Бог наш,","істинний Бог наш, що народився в вертепі у Вифлеємі Юдейському і дав Себе покласти в ясла спасіння нашого ради,","Священник: Христос, істинний Бог наш, що народився у вертепі у Вифлеємі Юдейському і в яслах положився спасіння нашого ради - молитвами пречистої своєї Матері, святих славних і всехвальних апостолів, святого отця нашого Івана Золотоустого, архиєпископа Константинополя, і святого, якого є храм, і святої мучениці Анісії, преподобного Зотика, пресвітера і кормителя сиріт, і всіх святих - помилує і спасе нас як благий і людинолюбний.","Священник: Христос, істинний Бог наш, що народився у вертепі у Вифлеємі Юдейському і в яслах положився спасіння нашого ради - молитвами пречистої своєї Матері, святих славних і всехвальних апостолів, і святого, якого є храм, і святої мучениці Анісії, преподобного Зотика, пресвітера і кормителя сиріт, і всіх святих - помилує і спасе нас як благий і людинолюбний.","Христос, істинний Бог наш, що народився у вертепі у Вифлеємі Юдейському і в яслах положився спасіння нашого ради - молитвами пречистої своєї Матері, святих славних і всехвальних апостолів, святого отця нашого Івана Золотоустого, архиєпископа Константинополя, і святого, якого є храм, ",
Грудень,31.12,3,ср,Прп. Меланії Римлянки Віддання Різдва Христового,преподобної матері нашої Меланії Римлянки,так,віддання,"істинний Бог наш,","істинний Бог наш, що народився в вертепі у Вифлеємі Юдейському і дав Себе покласти в ясла спасіння нашого ради,","Священник: Христос, істинний Бог наш, що народився у вертепі у Вифлеємі Юдейському і в яслах положився спасіння нашого ради - молитвами пречистої своєї Матері, святих славних і всехвальних апостолів, святого отця нашого Івана Золотоустого, архиєпископа Константинополя, і святого, якого є храм, і преподобної матері нашої Меланії Римлянки, і всіх святих - помилує і спасе нас як благий і людинолюбний.","Священник: Христос, істинний Бог наш, що народився у вертепі у Вифлеємі Юдейському і в яслах положився спасіння нашого ради - молитвами пречистої своєї Матері, святих славних і всехвальних апостолів, і святого, якого є храм, і преподобної матері нашої Меланії Римлянки, і всіх святих - помилує і спасе нас як благий і людинолюбний.",,
Січень,01.01,5,пт,"🕀 Обрізання Господа Бога і Спаса нашого Ісуса Христа Св. Василія Великого, архиєп. Кесарії Каппадокійської",,так,свято,,,#N/A,#N/A,#N/A,
Січень,02.01,6,сб,"Передсвяття Богоявлення Св. Сильвестра, папи Римського","святого Сильвестра, папи Римського",ні,,,,"Священник: Христос, істинний Бог наш - молитвами пречистої Своєї Матері, силою чесного і животворчого Хреста, заступництвом чесних небесних сил безтілесних, чесного і славного пророка, предтечі і хрестителя Івана, святих славних і всехвальних апостолів, святого отця нашого Миколая, архиєпископа Мир Ликійських, чудотворця, святих славних і переможних мучеників, преподобних і богоносних отців наших, святого отця нашого Івана Золотоустого, архиєпископа Константинополя, святих і праведних богоотців Йоакима й Анни, і святого, якого є храм, і святого Сильвестра, папи Римського, і всіх святих - помилує і спасе нас як благий і людинолюбний.","Священник: Христос, істинний Бог наш - молитвами пречистої Своєї Матері, силою чесного і животворчого Хреста, заступництвом чесних небесних сил безтілесних, чесного і славного пророка, предтечі і хрестителя Івана, святих славних і всехвальних апостолів, святого отця нашого Миколая, архиєпископа Мир Ликійських, чудотворця, святих славних і переможних мучеників, преподобних і богоносних отців наших, святих і праведних богоотців Йоакима й Анни, і святого, якого є храм, і святого Сильвестра, папи Римського, і всіх святих - помилує і спасе нас як благий і людинолюбний.",,
Січень,03.01,7,нд,Субота перед Богоявленням Передсвяття Богоявлення Св. прор. Малахії Св. мч. Гордія,"святого пророка Малахії, святого мученика Гордія",ні,,,,"Священник: Христос, що воскрес із мертвих, істинний Бог наш - молитвами пречистої Своєї Матері, святих славних і всехвальних апостолів, святого отця нашого Івана Золотоустого, архиєпископа Константинополя, і святого, якого є храм, і святого пророка Малахії, святого мученика Гордія, і всіх святих - помилує і спасе нас як благий і людинолюбний.","Священник: Христос, що воскрес із мертвих, істинний Бог наш - молитвами пречистої Своєї Матері, святих славних і всехвальних апостолів, і святого, якого є храм, і святого пророка Малахії, святого мученика Гордія, і всіх святих - помилує і спасе нас як благий і людинолюбний.",,
Січень,04.01,1,пн,"Неділя перед Богоявленням Передсвяття Богоявлення Собор свв. сімдесяти апп. Прп. Теоктиста, ігум., що в Кукумі Сікелійській","собор святих сімдесяти апостолів, преподобного отця нашого Теоктиста, ігумена, що в Кукумі Сікелійській",ні,,,,"Священник: Христос, істинний Бог наш - молитвами пречистої Своєї Матері, заступництвом чесних небесних сил безтілесних, святих славних і всехвальних апостолів, святого отця нашого Івана Золотоустого, архиєпископа Константинополя, і святого, якого є храм, і собор святих сімдесяти апостолів, преподобного отця нашого Теоктиста, ігумена, що в Кукумі Сікелійській, і всіх святих - помилує і спасе нас як благий і людинолюбний.","Священник: Христос, істинний Бог наш - молитвами пречистої Своєї Матері, заступництвом чесних небесних сил безтілесних, святих славних і всехвальних апостолів, і святого, якого є храм, і собор святих сімдесяти апостолів, преподобного отця нашого Теоктиста, ігумена, що в Кукумі Сікелійській, і всіх святих - помилує і спасе нас як благий і людинолюбний.",,
Січень,05.01,2,вв,Навечір’я Богоявлення Свв. мчч. Теопемпта й Теони Прп. Синклитікії Олександрійської,"святих мучеників Теопемпта й Теони, преподобної Синклитікії Олександрійської",ні,,,,"Священник: Христос, істинний Бог наш - молитвами пречистої Своєї Матері, чесного і славного пророка, предтечі і хрестителя Івана, святих славних і всехвальних апостолів, святого отця нашого Івана Золотоустого, архиєпископа Константинополя, і святого, якого є храм, і святих мучеників Теопемпта й Теони, преподобної Синклитікії Олександрійської, і всіх святих - помилує і спасе нас як благий і людинолюбний.","Священник: Христос, істинний Бог наш - молитвами пречистої Своєї Матері, чесного і славного пророка, предтечі і хрестителя Івана, святих славних і всехвальних апостолів, і святого, якого є храм, і святих мучеників Теопемпта й Теони, преподобної Синклитікії Олександрійської, і всіх святих - помилує і спасе нас як благий і людинолюбний.",,
Січень,06.01,3,ср,🕀 Святе Богоявлення Господа Бога і Спаса нашого Ісуса Христа,,так,свято,,,#N/A,#N/A,#N/A,
Січень,07.01,4,чт,"🕃 Собор св. славн. прор., предтечі і хрестителя Господнього Івана",,так,свято,"істинний Бог наш,","істинний Бог наш, що в Йордані христитися зволив від Йоана спасіння нашого ради,",#N/A,#N/A,#N/A,
Січень,08.01,5,пт,"Прп. Юрія Хозевіта Св. Еміліяна, ісп. Прп. Домніки","преподобного отця нашого Юрія Хозевіта, святого Еміліяна, ісповідника, преподобної матері нашої Домніки",так,посвяття,"істинний Бог наш,","істинний Бог наш, що в Йордані христитися зволив від Йоана спасіння нашого ради,",#N/A,#N/A,#N/A,
Січень,09.01,6,сб,Св. мч. Полієвкта,святого мученика Полієвкта,так,посвяття,"істинний Бог наш,","істинний Бог наш, що в Йордані христитися зволив від Йоана спасіння нашого ради,",#N/A,#N/A,#N/A,
Січень,10.01,7,нд,"Субота по Богоявленні Св. Григорія, єп. Ниського Прп. Дометіяна, єп. Мелітинського Прп. Маркіяна, пресвіт. й економа Великої Церкви","святого отця нашого Григорія, єпископа Ниського, преподобного Дометіяна, єпископа Мелітинського, преподобного Маркіяна, пресвітера й економа Великої Церкви",так,посвяття,"істинний Бог наш,","істинний Бог наш, що в Йордані христитися зволив від Йоана спасіння нашого ради,",#N/A,#N/A,#N/A,
Січень,11.01,1,пн,"Неділя по Богоявленні 🕂 Прп. Теодосія, спільного життя засновника","преподобного отця нашого Теодосія, спільного життя засновника",так,посвяття,"істинний Бог наш,","істинний Бог наш, що в Йордані христитися зволив від Йоана спасіння нашого ради,",#N/A,#N/A,#N/A,
Січень,12.01,2,вв,Св. мц. Тетяни,святої мучениці Тетяни,так,посвяття,"істинний Бог наш,","істинний Бог наш, що в Йордані христитися зволив від Йоана спасіння нашого ради,",#N/A,#N/A,#N/A,
Січень,13.01,3,ср,Свв. мчч. Єрмила і Стратоніка,святих мучеників Єрмила і Стратоніка,так,посвяття,"істинний Бог наш,","істинний Бог наш, що в Йордані христитися зволив від Йоана спасіння нашого ради,",#N/A,#N/A,#N/A,
Січень,14.01,4,чт,"Прпп., у Синаї і Раїті повбиваних Пам’ять переставл. св. рівноап. Ніни, просвітительки Грузії Віддання Богоявлення</i>","преподобних отців наших, у Синаї і Раїті повбиваних, святої рівноапостольної Ніни, просвітительки Грузії",так,віддання,"істинний Бог наш,","істинний Бог наш, що в Йордані христитися зволив від Йоана спасіння нашого ради,",#N/A,#N/A,,
Січень,15.01,5,пт,🕃 Прпп. Павла Тивейського та Івана Кущника,преподобних отців наших Павла Тивейського та Івана Кущника,ні,,,,"Священник: Христос, істинний Бог наш - молитвами пречистої Своєї Матері, силою чесного і животворчого хреста, заступництвом святих славних і всехвальних апостолів, святого отця нашого Івана Золотоустого, архиєпископа Константинополя, і святого, якого є храм, і преподобних отців наших Павла Тивейського та Івана Кущника, і всіх святих - помилує і спасе нас як благий і людинолюбний.","Священник: Христос, істинний Бог наш - молитвами пречистої Своєї Матері, силою чесного і животворчого хреста, заступництвом святих славних і всехвальних апостолів, і святого, якого є храм, і преподобних отців наших Павла Тивейського та Івана Кущника, і всіх святих - помилує і спасе нас як благий і людинолюбний.",,
Січень,16.01,6,сб,🕃 Поклін чесним оковам св. і всехв. ап. Петра,"святого і всехвального апостола Петра, що його чесним оковам сьогодні поклін звершуємо",ні,,,,"Священник: Христос, істинний Бог наш - молитвами пречистої Своєї Матері, силою чесного і животворчого Хреста, заступництвом чесних небесних сил безтілесних, чесного і славного пророка, предтечі і хрестителя Івана, святих славних і всехвальних апостолів, святого отця нашого Миколая, архиєпископа Мир Ликійських, чудотворця, святих славних і переможних мучеників, преподобних і богоносних отців наших, святого отця нашого Івана Золотоустого, архиєпископа Константинополя, святих і праведних богоотців Йоакима й Анни, і святого, якого є храм, і святого і всехвального апостола Петра, що його чесним оковам сьогодні поклін звершуємо, і всіх святих - помилує і спасе нас як благий і людинолюбний.","Священник: Христос, істинний Бог наш - молитвами пречистої Своєї Матері, силою чесного і животворчого Хреста, заступництвом чесних небесних сил безтілесних, чесного і славного пророка, предтечі і хрестителя Івана, святих славних і всехвальних апостолів, святого отця нашого Миколая, архиєпископа Мир Ликійських, чудотворця, святих славних і переможних мучеників, преподобних і богоносних отців наших, святих і праведних богоотців Йоакима й Анни, і святого, якого є храм, і святого і всехвального апостола Петра, що його чесним оковам сьогодні поклін звершуємо, і всіх святих - помилує і спасе нас як благий і людинолюбний.",,
Січень,17.01,7,нд,🕂 Прп. й богоносного Антонія Великого,"преподобного й богоносного отця нашого Антонія Великого, якого сьогодні пам'ять світло звершуємо",так,свято,,,#VALUE!,#VALUE!,#N/A,
Січень,18.01,1,пн,Неділя 32-га по Зісланні Святого Духа. 🕃 Свв. і архиєпп. Олександрійських Атанасія й Кирила,святих отців наших і архиєпископів Олександрійських Атанасія й Кирила,ні,,,,"Священник: Христос, істинний Бог наш - молитвами пречистої Своєї Матері, заступництвом чесних небесних сил безтілесних, святих славних і всехвальних апостолів, святого отця нашого Івана Золотоустого, архиєпископа Константинополя, і святого, якого є храм, і святих отців наших і архиєпископів Олександрійських Атанасія й Кирила, і всіх святих - помилує і спасе нас як благий і людинолюбний.","Священник: Христос, істинний Бог наш - молитвами пречистої Своєї Матері, заступництвом чесних небесних сил безтілесних, святих славних і всехвальних апостолів, і святого, якого є храм, і святих отців наших і архиєпископів Олександрійських Атанасія й Кирила, і всіх святих - помилує і спасе нас як благий і людинолюбний.",,
Січень,19.01,2,вв,🕃 Прп. Макарія Єгипетського,преподобного отця нашого Макарія Єгипетського,ні,,,,"Священник: Христос, істинний Бог наш - молитвами пречистої Своєї Матері, чесного і славного пророка, предтечі і хрестителя Івана, святих славних і всехвальних апостолів, святого отця нашого Івана Золотоустого, архиєпископа Константинополя, і святого, якого є храм, і преподобного отця нашого Макарія Єгипетського, і всіх святих - помилує і спасе нас як благий і людинолюбний.","Священник: Христос, істинний Бог наш - молитвами пречистої Своєї Матері, чесного і славного пророка, предтечі і хрестителя Івана, святих славних і всехвальних апостолів, і святого, якого є храм, і преподобного отця нашого Макарія Єгипетського, і всіх святих - помилує і спасе нас як благий і людинолюбний.",,
Січень,20.01,3,ср,🕂 Прп. й богоносного Євтимія Великого,"прeподобного й богоносного отця нашого Євтимія Великого, якого сьогодні пам'ять світло звершуємо",так,свято,,,#N/A,#N/A,#N/A,
Січень,21.01,4,чт,"Прп. Максима Ісповідника Св. мч. Неофіта Свв. мчч. Євгенія, Кандида, Валеріяна й Акили","преподобного отця нашого Максима Ісповідника, святого мученика Неофіта, святих мучеників Євгенія, Кандида, Валеріяна й Акили",ні,,,,"Священник: Христос, істинний Бог наш - молитвами пречистої Своєї Матері, святих славних і всехвальних апостолів, святого отця нашого Миколая, архиєпископа Мир Ликійських, чудотворця, святого отця нашого Івана Золотоустого, архиєпископа Константинополя, і святого, якого є храм, і преподобного отця нашого Максима Ісповідника, святого мученика Неофіта, святих мучеників Євгенія, Кандида, Валеріяна й Акили, і всіх святих - помилує і спасе нас як благий і людинолюбний.","Священник: Христос, істинний Бог наш - молитвами пречистої Своєї Матері, святих славних і всехвальних апостолів, святого отця нашого Миколая, архиєпископа Мир Ликійських, чудотворця, і святого, якого є храм, і преподобного отця нашого Максима Ісповідника, святого мученика Неофіта, святих мучеників Євгенія, Кандида, Валеріяна й Акили, і всіх святих - помилує і спасе нас як благий і людинолюбний.",,
Січень,22.01,5,пт,Св. ап. Тимотея Св. прпмч. Анастасія Перського,"святого апостола Тимотея, святого преподобномученика Анастасія Перського",ні,,,,"Священник: Христос, істинний Бог наш - молитвами пречистої Своєї Матері, силою чесного і животворчого хреста, заступництвом святих славних і всехвальних апостолів, святого отця нашого Івана Золотоустого, архиєпископа Константинополя, і святого, якого є храм, і святого апостола Тимотея, святого преподобномученика Анастасія Перського, і всіх святих - помилує і спасе нас як благий і людинолюбний.","Священник: Христос, істинний Бог наш - молитвами пречистої Своєї Матері, силою чесного і животворчого хреста, заступництвом святих славних і всехвальних апостолів, і святого, якого є храм, і святого апостола Тимотея, святого преподобномученика Анастасія Перського, і всіх святих - помилує і спасе нас як благий і людинолюбний.",,
Січень,23.01,6,сб,"Блаж. Пратулинських мчч. Св. сщмч. Климента, єп. Анкирського Св. мч. Агатангела","блаженних Пратулинських мучеників: Вінкентія, Микити, Івана, Константина, Михаїла, Онуфрія, Филипа, Максима, Даниїла, Константина, Вартоломея, Луки й Ігнатія, святого священномученика Климента, єпископа Анкирського, святого мученика Агатангела",ні,,,,"Священник: Христос, істинний Бог наш - молитвами пречистої Своєї Матері, силою чесного і животворчого Хреста, заступництвом чесних небесних сил безтілесних, чесного і славного пророка, предтечі і хрестителя Івана, святих славних і всехвальних апостолів, святого отця нашого Миколая, архиєпископа Мир Ликійських, чудотворця, святих славних і переможних мучеників, преподобних і богоносних отців наших, святого отця нашого Івана Золотоустого, архиєпископа Константинополя, святих і праведних богоотців Йоакима й Анни, і святого, якого є храм, і блаженних Пратулинських мучеників: Вінкентія, Микити, Івана, Константина, Михаїла, Онуфрія, Филипа, Максима, Даниїла, Константина, Вартоломея, Луки й Ігнатія, святого священномученика Климента, єпископа Анкирського, святого мученика Агатангела, і всіх святих - помилує і спасе нас як благий і людинолюбний.","Священник: Христос, істинний Бог наш - молитвами пречистої Своєї Матері, силою чесного і животворчого Хреста, заступництвом чесних небесних сил безтілесних, чесного і славного пророка, предтечі і хрестителя Івана, святих славних і всехвальних апостолів, святого отця нашого Миколая, архиєпископа Мир Ликійських, чудотворця, святих славних і переможних мучеників, преподобних і богоносних отців наших, святих і праведних богоотців Йоакима й Анни, і святого, якого є храм, і блаженних Пратулинських мучеників: Вінкентія, Микити, Івана, Константина, Михаїла, Онуфрія, Филипа, Максима, Даниїла, Константина, Вартоломея, Луки й Ігнатія, святого священномученика Климента, єпископа Анкирського, святого мученика Агатангела, і всіх святих - помилує і спасе нас як благий і людинолюбний.",,
Січень,24.01,7,нд,Прп. Ксенії Римлянки,преподобної матері нашої Ксенії Римлянки,ні,,,,"Священник: Христос, що воскрес із мертвих, істинний Бог наш - молитвами пречистої Своєї Матері, святих славних і всехвальних апостолів, святого отця нашого Івана Золотоустого, архиєпископа Константинополя, і святого, якого є храм, і преподобної матері нашої Ксенії Римлянки, і всіх святих - помилує і спасе нас як благий і людинолюбний.","Священник: Христос, що воскрес із мертвих, істинний Бог наш - молитвами пречистої Своєї Матері, святих славних і всехвальних апостолів, і святого, якого є храм, і преподобної матері нашої Ксенії Римлянки, і всіх святих - помилує і спасе нас як благий і людинолюбний.",,
Січень,25.01,1,пн,"Неділя про Закхея 🕂 Св. Григорія Богослова, архиєп. Царгородського","святого отця нашого Григорія Богослова, архиєпископа Царгородського, якого сьогодні пам'ять світло звершуємо",так,свято,,,#N/A,#N/A,#N/A,
Січень,26.01,2,вв,"Прп. Ксенофонта, дружини його Марії","преподобного отця нашого Ксенофонта, дружини його Марії",ні,,,,"Священник: Христос, істинний Бог наш - молитвами пречистої Своєї Матері, чесного і славного пророка, предтечі і хрестителя Івана, святих славних і всехвальних апостолів, святого отця нашого Івана Золотоустого, архиєпископа Константинополя, і святого, якого є храм, і преподобного отця нашого Ксенофонта, дружини його Марії, і всіх святих - помилує і спасе нас як благий і людинолюбний.","Священник: Христос, істинний Бог наш - молитвами пречистої Своєї Матері, чесного і славного пророка, предтечі і хрестителя Івана, святих славних і всехвальних апостолів, і святого, якого є храм, і преподобного отця нашого Ксенофонта, дружини його Марії, і всіх святих - помилує і спасе нас як благий і людинолюбний.",,
Січень,27.01,3,ср,🕂 Перенесення чесних мощів св. Івана Золотоустого,,так,свято,,,#N/A,"Священник: Христос, істинний Бог наш - молитвами пречистої Своєї Матері, святих славних і всехвальних апостолів, святого отця нашого Івана Золотоустого, архиєпископа Константинополя, що його чесних мощів перенесення сьогодні пам'ять світло звершуємо, і святого, якого є храм, і всіх святих - помилує і спасе нас як благий і людинолюбний.",#N/A,
Січень,28.01,4,чт,🕃 Прп. Єфрема Сирійця,преподобного отця нашого Єфрема Сирійця,ні,,,,"Священник: Христос, істинний Бог наш - молитвами пречистої Своєї Матері, святих славних і всехвальних апостолів, святого отця нашого Миколая, архиєпископа Мир Ликійських, чудотворця, святого отця нашого Івана Золотоустого, архиєпископа Константинополя, і святого, якого є храм, і преподобного отця нашого Єфрема Сирійця, і всіх святих - помилує і спасе нас як благий і людинолюбний.","Священник: Христос, істинний Бог наш - молитвами пречистої Своєї Матері, святих славних і всехвальних апостолів, святого отця нашого Миколая, архиєпископа Мир Ликійських, чудотворця, і святого, якого є храм, і преподобного отця нашого Єфрема Сирійця, і всіх святих - помилує і спасе нас як благий і людинолюбний.",,
Січень,29.01,5,пт,🕃 Перенесення мощів св. сщмч. Ігнатія Богоносця,"святого священномученика Ігнатія Богоносця, що його мощів перенесення сьогодні пам'ять звершуємо",ні,,,,"Священник: Христос, істинний Бог наш - молитвами пречистої Своєї Матері, силою чесного і животворчого хреста, заступництвом святих славних і всехвальних апостолів, святого отця нашого Івана Золотоустого, архиєпископа Константинополя, і святого, якого є храм, і святого священномученика Ігнатія Богоносця, що його мощів перенесення сьогодні пам'ять звершуємо, і всіх святих - помилує і спасе нас як благий і людинолюбний.","Священник: Христос, істинний Бог наш - молитвами пречистої Своєї Матері, силою чесного і животворчого хреста, заступництвом святих славних і всехвальних апостолів, і святого, якого є храм, і святого священномученика Ігнатія Богоносця, що його мощів перенесення сьогодні пам'ять звершуємо, і всіх святих - помилує і спасе нас як благий і людинолюбний.",,
Січень,30.01,6,сб,"🕁 Свв. трьох святителів, великих архиєреїв: Василія Великого, Григорія Богослова та Івана Золотоустого Св. сщмч. Іполита","святих трьох святителів, великих архиєреїв: Василія Великого, Григорія Богослова та Івана Золотоустого, яких сьогодні пам'ять світло звершуємо, святого священномученика Іполита",так,свято,,,#N/A,#N/A,#N/A,
Січень,31.01,7,нд,🕃 Свв. чудотв. і безср. Кира й Івана Прп. Івана Боско,"святих чудотворців і безсрібників Кира й Івана, преподобного отця нашого Івана Боско",ні,,,,"Священник: Христос, що воскрес із мертвих, істинний Бог наш - молитвами пречистої Своєї Матері, святих славних і всехвальних апостолів, святого отця нашого Івана Золотоустого, архиєпископа Константинополя, і святого, якого є храм, і святих чудотворців і безсрібників Кира й Івана, преподобного отця нашого Івана Боско, і всіх святих - помилує і спасе нас як благий і людинолюбний.","Священник: Христос, що воскрес із мертвих, істинний Бог наш - молитвами пречистої Своєї Матері, святих славних і всехвальних апостолів, і святого, якого є храм, і святих чудотворців і безсрібників Кира й Івана, преподобного отця нашого Івана Боско, і всіх святих - помилує і спасе нас як благий і людинолюбний.",,
Лютий,01.02,1,пн,Неділя про митаря і фарисея 🕃 Передсвяття Стрітення Господа Бога і Спаса нашого Ісуса Христа Св. мч. Трифона,святого мученика Трифона,ні,,,,"Священник: Христос, істинний Бог наш - молитвами пречистої Своєї Матері, заступництвом чесних небесних сил безтілесних, святих славних і всехвальних апостолів, святого отця нашого Івана Золотоустого, архиєпископа Константинополя, і святого, якого є храм, і святого мученика Трифона, і всіх святих - помилує і спасе нас як благий і людинолюбний.","Священник: Христос, істинний Бог наш - молитвами пречистої Своєї Матері, заступництвом чесних небесних сил безтілесних, святих славних і всехвальних апостолів, і святого, якого є храм, і святого мученика Трифона, і всіх святих - помилує і спасе нас як благий і людинолюбний.",,
Лютий,02.02,2,вв,🕀 Стрітення Господа Бога і Спаса нашого Ісуса Христа,,так,свято,,,#N/A,#N/A,#N/A,
Лютий,03.02,3,ср,"🕃 Св. і прав. Симеона Богоприємця і Анни, пророчиці","святого і праведного Симеона Богоприємця і Анни, пророчиці",так,посвяття,"істинний Бог наш,","істинний Бог наш, що зволив спочити в обіймах праведного Симеона спасіння нашого ради,",#N/A,#N/A,#N/A,
Лютий,04.02,4,чт,Прп. Ісидора Пилусіотського,преподобного отця нашого Ісидора Пилусіотського,так,посвяття,"істинний Бог наш,","істинний Бог наш, що зволив спочити в обіймах праведного Симеона спасіння нашого ради,",#N/A,#N/A,#N/A,
Лютий,05.02,5,пт,Св. мц. Агафії,святої мучениці Агафії,так,посвяття,"істинний Бог наш,","істинний Бог наш, що зволив спочити в обіймах праведного Симеона спасіння нашого ради,",#N/A,#N/A,#N/A,
Лютий,06.02,6,сб,"Прп. Вукола, єп. Смирнського Св. сщмч. Сілвана, єп. Ємеського, і тих, що з ним","преподобного отця нашого Вукола, єпископа Смирнського, святого священномученика Сілвана, єпископа Ємеського, і тих, що з ним",так,посвяття,"істинний Бог наш,","істинний Бог наш, що зволив спочити в обіймах праведного Симеона спасіння нашого ради,",#N/A,#N/A,#N/A,
Лютий,07.02,7,нд,"Прп. Партенія, єп. Лампсакійського Блаж. сщмч. Петра Вергуна, пресвіт.","преподобного отця нашого Партенія, єпископа Лампсакійського, блаженного священномученика Петра Вергуна, пресвітера",так,посвяття,"істинний Бог наш,","істинний Бог наш, що зволив спочити в обіймах праведного Симеона спасіння нашого ради,",#N/A,#N/A,#N/A,
Лютий,08.02,1,пн,Неділя про блудного сина 🕃 Св. вмч. Теодора Стратилата Св. прор. Захарії Серповидця Віддання Стрітення</i>,"святого великомученика Теодора Стратилата, святого пророка Захарії Серповидця",так,посвяття,"істинний Бог наш,","істинний Бог наш, що зволив спочити в обіймах праведного Симеона спасіння нашого ради,",#N/A,#N/A,#N/A,
Лютий,09.02,2,вв,Тиждень м'ясопусний Св. мч. Никифора,святого мученика Никифора,так,віддання,,,#N/A,#N/A,,
Лютий,10.02,3,ср,Св. мч. Харалампія,святого мученика Харалампія,ні,,,,"Священник: Христос, істинний Бог наш - молитвами пречистої Своєї Матері, силою чесного і животворчого хреста, заступництвом святих славних і всехвальних апостолів, святого отця нашого Івана Золотоустого, архиєпископа Константинополя, і святого, якого є храм, і святого мученика Харалампія, і всіх святих - помилує і спасе нас як благий і людинолюбний.","Священник: Христос, істинний Бог наш - молитвами пречистої Своєї Матері, силою чесного і животворчого хреста, заступництвом святих славних і всехвальних апостолів, і святого, якого є храм, і святого мученика Харалампія, і всіх святих - помилує і спасе нас як благий і людинолюбний.",,
Лютий,11.02,4,чт,"Св. сщмч. Власія, єп. Севастійського","святого священномученика Власія, єпископа Севастійського",ні,,,,"Священник: Христос, істинний Бог наш - молитвами пречистої Своєї Матері, святих славних і всехвальних апостолів, святого отця нашого Миколая, архиєпископа Мир Ликійських, чудотворця, святого отця нашого Івана Золотоустого, архиєпископа Константинополя, і святого, якого є храм, і святого священномученика Власія, єпископа Севастійського, і всіх святих - помилує і спасе нас як благий і людинолюбний.","Священник: Христос, істинний Бог наш - молитвами пречистої Своєї Матері, святих славних і всехвальних апостолів, святого отця нашого Миколая, архиєпископа Мир Ликійських, чудотворця, і святого, якого є храм, і святого священномученика Власія, єпископа Севастійського, і всіх святих - помилує і спасе нас як благий і людинолюбний.",,
Лютий,12.02,5,пт,"Св. Мелетія, архиєп. Антіохійського","святого отця нашого Мелетія, архиєпископа Антіохійського",ні,,,,"Священник: Христос, істинний Бог наш - молитвами пречистої Своєї Матері, силою чесного і животворчого хреста, заступництвом святих славних і всехвальних апостолів, святого отця нашого Івана Золотоустого, архиєпископа Константинополя, і святого, якого є храм, і святого отця нашого Мелетія, архиєпископа Антіохійського, і всіх святих - помилує і спасе нас як благий і людинолюбний.","Священник: Христос, істинний Бог наш - молитвами пречистої Своєї Матері, силою чесного і животворчого хреста, заступництвом святих славних і всехвальних апостолів, і святого, якого є храм, і святого отця нашого Мелетія, архиєпископа Антіохійського, і всіх святих - помилує і спасе нас як благий і людинолюбний.",,
Лютий,13.02,6,сб,Прп. Мартиніана Свв. жінок Зої і Фотини (Світлани),"преподобного отця нашого Мартиніана, святих жінок Зої і Фотини",ні,,,,"Священник: Христос, істинний Бог наш - молитвами пречистої Своєї Матері, силою чесного і животворчого Хреста, заступництвом чесних небесних сил безтілесних, чесного і славного пророка, предтечі і хрестителя Івана, святих славних і всехвальних апостолів, святого отця нашого Миколая, архиєпископа Мир Ликійських, чудотворця, святих славних і переможних мучеників, преподобних і богоносних отців наших, святого отця нашого Івана Золотоустого, архиєпископа Константинополя, святих і праведних богоотців Йоакима й Анни, і святого, якого є храм, і преподобного отця нашого Мартиніана, святих жінок Зої і Фотини, і всіх святих - помилує і спасе нас як благий і людинолюбний.","Священник: Христос, істинний Бог наш - молитвами пречистої Своєї Матері, силою чесного і животворчого Хреста, заступництвом чесних небесних сил безтілесних, чесного і славного пророка, предтечі і хрестителя Івана, святих славних і всехвальних апостолів, святого отця нашого Миколая, архиєпископа Мир Ликійських, чудотворця, святих славних і переможних мучеників, преподобних і богоносних отців наших, святих і праведних богоотців Йоакима й Анни, і святого, якого є храм, і преподобного отця нашого Мартиніана, святих жінок Зої і Фотини, і всіх святих - помилує і спасе нас як благий і людинолюбний.",,
Лютий,14.02,7,нд,"Субота заупокійна 🕂 Переставл. прп. Константина, філософа, у монахах Кирила, учителя слов’янського Прп. Авксентія Прп. Марона, пустинника, чудотв.","преподобного отця нашого Константина, філософа, у монахах Кирила, учителя слов’янського, преподобного отця нашого Авксентія, преподобного Марона, пустинника, чудотворця",ні,,,,"Священник: Христос, істинний Бог наш, що живими і мертвими володіє - молитвами пречистої Cвоєї Матері, святих славних і всехвальних апостолів, святого отця нашого Івана Золотоустого, архиєпископа Константинополя, преподобних і богоносних отців наших, і святого, якого є храм, і преподобного отця нашого Константина, філософа, у монахах Кирила, учителя слов’янського, преподобного отця нашого Авксентія, преподобного Марона, пустинника, чудотворця, і всіх святих - помилує і спасе нас як благий і людинолюбний.","Священник: Христос, істинний Бог наш, що живими і мертвими володіє - молитвами пречистої Cвоєї Матері, святих славних і всехвальних апостолів, преподобних і богоносних отців наших, і святого, якого є храм, і преподобного отця нашого Константина, філософа, у монахах Кирила, учителя слов’янського, преподобного отця нашого Авксентія, преподобного Марона, пустинника, чудотворця, і всіх святих - помилує і спасе нас як благий і людинолюбний.",,
Лютий,15.02,1,пн,"Неділя м'ясопусна, про Сташний суд Св. ап. Онисима",святого апостола Онисима,ні,,,,"Священник: Христос, істинний Бог наш - молитвами пречистої Своєї Матері, заступництвом чесних небесних сил безтілесних, святих славних і всехвальних апостолів, святого отця нашого Івана Золотоустого, архиєпископа Константинополя, і святого, якого є храм, і святого апостола Онисима, і всіх святих - помилує і спасе нас як благий і людинолюбний.","Священник: Христос, істинний Бог наш - молитвами пречистої Своєї Матері, заступництвом чесних небесних сил безтілесних, святих славних і всехвальних апостолів, і святого, якого є храм, і святого апостола Онисима, і всіх святих - помилує і спасе нас як благий і людинолюбний.",,
Лютий,16.02,2,вв,"Тиждень сиропусний Свв. мчч. Памфила, єрея, Порфирія і тих, що з ними","святих мучеників Памфила, єрея, Порфирія і тих, що з ними",ні,,,,"Священник: Христос, істинний Бог наш - молитвами пречистої Своєї Матері, чесного і славного пророка, предтечі і хрестителя Івана, святих славних і всехвальних апостолів, святого отця нашого Івана Золотоустого, архиєпископа Константинополя, і святого, якого є храм, і святих мучеників Памфила, єрея, Порфирія і тих, що з ними, і всіх святих - помилує і спасе нас як благий і людинолюбний.","Священник: Христос, істинний Бог наш - молитвами пречистої Своєї Матері, чесного і славного пророка, предтечі і хрестителя Івана, святих славних і всехвальних апостолів, і святого, якого є храм, і святих мучеників Памфила, єрея, Порфирія і тих, що з ними, і всіх святих - помилує і спасе нас як благий і людинолюбний.",,
Лютий,17.02,3,ср,🕃 Св. вмч. Теодора Тирона,святого великомученика Теодора Тирона,ні,,,,"Священник: Христос, істинний Бог наш - молитвами пречистої Своєї Матері, силою чесного і животворчого хреста, заступництвом святих славних і всехвальних апостолів, святого отця нашого Івана Золотоустого, архиєпископа Константинополя, і святого, якого є храм, і святого великомученика Теодора Тирона, і всіх святих - помилує і спасе нас як благий і людинолюбний.","Священник: Христос, істинний Бог наш - молитвами пречистої Своєї Матері, силою чесного і животворчого хреста, заступництвом святих славних і всехвальних апостолів, і святого, якого є храм, і святого великомученика Теодора Тирона, і всіх святих - помилує і спасе нас як благий і людинолюбний.",,
Лютий,18.02,4,чт,"Св. Лева, папи Римського","святого отця нашого Лева, папи Римського",ні,,,,"Священник: Христос, істинний Бог наш - молитвами пречистої Своєї Матері, святих славних і всехвальних апостолів, святого отця нашого Миколая, архиєпископа Мир Ликійських, чудотворця, святого отця нашого Івана Золотоустого, архиєпископа Константинополя, і святого, якого є храм, і святого отця нашого Лева, папи Римського, і всіх святих - помилує і спасе нас як благий і людинолюбний.","Священник: Христос, істинний Бог наш - молитвами пречистої Своєї Матері, святих славних і всехвальних апостолів, святого отця нашого Миколая, архиєпископа Мир Ликійських, чудотворця, і святого, якого є храм, і святого отця нашого Лева, папи Римського, і всіх святих - помилує і спасе нас як благий і людинолюбний.",,
Лютий,19.02,5,пт,Св. ап. Архипа,святого апостола Архипа,ні,,,,"Священник: Христос, істинний Бог наш - молитвами пречистої Своєї Матері, силою чесного і животворчого хреста, заступництвом святих славних і всехвальних апостолів, святого отця нашого Івана Золотоустого, архиєпископа Константинополя, і святого, якого є храм, і святого апостола Архипа, і всіх святих - помилує і спасе нас як благий і людинолюбний.","Священник: Христос, істинний Бог наш - молитвами пречистої Своєї Матері, силою чесного і животворчого хреста, заступництвом святих славних і всехвальних апостолів, і святого, якого є храм, і святого апостола Архипа, і всіх святих - помилує і спасе нас як благий і людинолюбний.",,
Лютий,20.02,6,сб,"Прп. Лева, єп. Катанського","преподобного отця нашого Лева, єпископа Катанського",ні,,,,"Священник: Христос, істинний Бог наш - молитвами пречистої Своєї Матері, силою чесного і животворчого Хреста, заступництвом чесних небесних сил безтілесних, чесного і славного пророка, предтечі і хрестителя Івана, святих славних і всехвальних апостолів, святого отця нашого Миколая, архиєпископа Мир Ликійських, чудотворця, святих славних і переможних мучеників, преподобних і богоносних отців наших, святого отця нашого Івана Золотоустого, архиєпископа Константинополя, святих і праведних богоотців Йоакима й Анни, і святого, якого є храм, і преподобного отця нашого Лева, єпископа Катанського, і всіх святих - помилує і спасе нас як благий і людинолюбний.","Священник: Христос, істинний Бог наш - молитвами пречистої Своєї Матері, силою чесного і животворчого Хреста, заступництвом чесних небесних сил безтілесних, чесного і славного пророка, предтечі і хрестителя Івана, святих славних і всехвальних апостолів, святого отця нашого Миколая, архиєпископа Мир Ликійських, чудотворця, святих славних і переможних мучеників, преподобних і богоносних отців наших, святих і праведних богоотців Йоакима й Анни, і святого, якого є храм, і преподобного отця нашого Лева, єпископа Катанського, і всіх святих - помилує і спасе нас як благий і людинолюбний.",,
Лютий,21.02,7,нд,"Субота сиропусна, всіх преподобних отців, що в подвизі просіяли Прп. Тимотея, що в Символах Св. Євстатія, архиєп. Великої Антіохії","преподобного отця нашого Тимотея, що в Символах, святого отця нашого Євстатія, архиєпископа Великої Антіохії",ні,,,,"Священник: Христос, істинний Бог наш - молитвами пречистої Своєї Матері, силою чесного і животворчого Хреста, заступництвом чесних небесних сил безтілесних, чесного і славного пророка, предтечі і хрестителя Івана, святих славних і всехвальних апостолів, святого отця нашого Миколая, архиєпископа Мир Ликійських, чудотворця, святих славних і переможних мучеників, преподобних і богоносних отців наших, що у подвизі просіяли, святого отця нашого Івана Золотоустого, архиєпископа Константинополя, святих і праведних богоотців Йоакима й Анни, і святого, якого є храм, і преподобного отця нашого Тимотея, що в Символах, святого отця нашого Євстатія, архиєпископа Великої Антіохії, і всіх святих - помилує і спасе нас як благий і людинолюбний.","Священник: Христос, істинний Бог наш - молитвами пречистої Своєї Матері, силою чесного і животворчого Хреста, заступництвом чесних небесних сил безтілесних, чесного і славного пророка, предтечі і хрестителя Івана, святих славних і всехвальних апостолів, святого отця нашого Миколая, архиєпископа Мир Ликійських, чудотворця, святих славних і переможних мучеників, преподобних і богоносних отців наших, що у подвизі просіяли, святих і праведних богоотців Йоакима й Анни, і святого, якого є храм, і преподобного отця нашого Тимотея, що в Символах, святого отця нашого Євстатія, архиєпископа Великої Антіохії, і всіх святих - помилує і спасе нас як благий і людинолюбний.",,
Лютий,22.02,1,пн,"Неділя сиропусна, прощення Віднайдення чесних мощів свв. мчч., що в Євгенії","святих мучеників, що в Євгенії",ні,,,,"Священник: Христос, істинний Бог наш - молитвами пречистої Своєї Матері, заступництвом чесних небесних сил безтілесних, святих славних і всехвальних апостолів, святого отця нашого Івана Золотоустого, архиєпископа Константинополя, і святого, якого є храм, і святих мучеників, що в Євгенії, і всіх святих - помилує і спасе нас як благий і людинолюбний.","Священник: Христос, істинний Бог наш - молитвами пречистої Своєї Матері, заступництвом чесних небесних сил безтілесних, святих славних і всехвальних апостолів, і святого, якого є храм, і святих мучеників, що в Євгенії, і всіх святих - помилує і спасе нас як благий і людинолюбний.",,
Лютий,23.02,2,вв,"Початок св. Великого Посту Св. сщмч. Полікарпа, єп. Смирнського","святого священномученика Полікарпа, єпископа Смирнського",ні,,,,"Священник: Христос, істинний Бог наш - молитвами пречистої Своєї Матері, чесного і славного пророка, предтечі і хрестителя Івана, святих славних і всехвальних апостолів, святого отця нашого Івана Золотоустого, архиєпископа Константинополя, і святого, якого є храм, і святого священномученика Полікарпа, єпископа Смирнського, і всіх святих - помилує і спасе нас як благий і людинолюбний.","Священник: Христос, істинний Бог наш - молитвами пречистої Своєї Матері, чесного і славного пророка, предтечі і хрестителя Івана, святих славних і всехвальних апостолів, і святого, якого є храм, і святого священномученика Полікарпа, єпископа Смирнського, і всіх святих - помилує і спасе нас як благий і людинолюбний.",,
Лютий,24.02,3,ср,"🕂 Перше і друге знайдення чесної голови св. славн. прор., предтечі і хрестителя Господнього Івана",,так,свято,,,#N/A,#N/A,#N/A,
Лютий,25.02,4,чт,"Св. Тарасія, архиєп. Царгородського","святого отця нашого Тарасія, архиєпископа Царгородського",ні,,,,"Священник: Христос, істинний Бог наш - молитвами пречистої Своєї Матері, святих славних і всехвальних апостолів, святого отця нашого Миколая, архиєпископа Мир Ликійських, чудотворця, святого отця нашого Івана Золотоустого, архиєпископа Константинополя, і святого, якого є храм, і святого отця нашого Тарасія, архиєпископа Царгородського, і всіх святих - помилує і спасе нас як благий і людинолюбний.","Священник: Христос, істинний Бог наш - молитвами пречистої Своєї Матері, святих славних і всехвальних апостолів, святого отця нашого Миколая, архиєпископа Мир Ликійських, чудотворця, і святого, якого є храм, і святого отця нашого Тарасія, архиєпископа Царгородського, і всіх святих - помилує і спасе нас як благий і людинолюбний.",,
Лютий,26.02,5,пт,"Св. Порфирія, єп. Газького Блаж. Едігни","святого отця нашого Порфирія, єпископа Газького, блаженної Едігни",ні,,,,"Священник: Христос, істинний Бог наш - молитвами пречистої Своєї Матері, силою чесного і животворчого хреста, заступництвом святих славних і всехвальних апостолів, святого отця нашого Івана Золотоустого, архиєпископа Константинополя, і святого, якого є храм, і святого отця нашого Порфирія, єпископа Газького, блаженної Едігни, і всіх святих - помилує і спасе нас як благий і людинолюбний.","Священник: Христос, істинний Бог наш - молитвами пречистої Своєї Матері, силою чесного і животворчого хреста, заступництвом святих славних і всехвальних апостолів, і святого, якого є храм, і святого отця нашого Порфирія, єпископа Газького, блаженної Едігни, і всіх святих - помилує і спасе нас як благий і людинолюбний.",,
Лютий,27.02,6,сб,Прп. й ісп. Прокопія Декаполіта,преподобного отця нашого й ісповідника Прокопія Декаполіта,ні,,,,"Священник: Христос, істинний Бог наш - молитвами пречистої Своєї Матері, силою чесного і животворчого Хреста, заступництвом чесних небесних сил безтілесних, чесного і славного пророка, предтечі і хрестителя Івана, святих славних і всехвальних апостолів, святого отця нашого Миколая, архиєпископа Мир Ликійських, чудотворця, святих славних і переможних мучеників, преподобних і богоносних отців наших, святого отця нашого Івана Золотоустого, архиєпископа Константинополя, святих і праведних богоотців Йоакима й Анни, і святого, якого є храм, і преподобного отця нашого й ісповідника Прокопія Декаполіта, і всіх святих - помилує і спасе нас як благий і людинолюбний.","Священник: Христос, істинний Бог наш - молитвами пречистої Своєї Матері, силою чесного і животворчого Хреста, заступництвом чесних небесних сил безтілесних, чесного і славного пророка, предтечі і хрестителя Івана, святих славних і всехвальних апостолів, святого отця нашого Миколая, архиєпископа Мир Ликійських, чудотворця, святих славних і переможних мучеників, преподобних і богоносних отців наших, святих і праведних богоотців Йоакима й Анни, і святого, якого є храм, і преподобного отця нашого й ісповідника Прокопія Декаполіта, і всіх святих - помилує і спасе нас як благий і людинолюбний.",,
Лютий,28.02,7,нд,"Пам'ять великомученика Теодора Тирона Прп. й ісп. Василія, співпосника Прокопового","преподобного отця нашого й ісповідника Василія, співпосника Прокопового",ні,,,,"Священник: Христос, істинний Бог наш - молитвами пречистої Своєї Матері, силою чесного і животворчого Хреста, заступництвом чесних небесних сил безтілесних, чесного і славного пророка, предтечі і хрестителя Івана, святих славних і всехвальних апостолів, святого отця нашого Миколая, архиєпископа Мир Ликійських, чудотворця, святих славних і переможних мучеників, преподобних і богоносних отців наших, святого отця нашого Івана Золотоустого, архиєпископа Константинополя, святих і праведних богоотців Йоакима й Анни, і святого, якого є храм, і преподобного отця нашого й ісповідника Василія, співпосника Прокопового, і святого великомученика Теодора Тирона, що його пам'ять сьогодні звершуємо, і всіх святих - помилує і спасе нас як благий і людинолюбний.","Священник: Христос, істинний Бог наш - молитвами пречистої Своєї Матері, силою чесного і животворчого Хреста, заступництвом чесних небесних сил безтілесних, чесного і славного пророка, предтечі і хрестителя Івана, святих славних і всехвальних апостолів, святого отця нашого Миколая, архиєпископа Мир Ликійських, чудотворця, святих славних і переможних мучеників, преподобних і богоносних отців наших, святих і праведних богоотців Йоакима й Анни, і святого, якого є храм, і преподобного отця нашого й ісповідника Василія, співпосника Прокопового, і святого великомученика Теодора Тирона, що його пам'ять сьогодні звершуємо, і всіх святих - помилує і спасе нас як благий і людинолюбний.",,
Березень,01.03,1,пн,"Неділя 1-ша Великого Посту, Православ'я Св. прпмц. Євдокії",святої преподобномучениці Євдокії,ні,,,,"Священник: Христос, істинний Бог наш - молитвами пречистої Своєї Матері, заступництвом чесних небесних сил безтілесних, святих славних і всехвальних апостолів, святого отця нашого Івана Золотоустого, архиєпископа Константинополя, і святого, якого є храм, і святої преподобномучениці Євдокії, і всіх святих - помилує і спасе нас як благий і людинолюбний.","Священник: Христос, істинний Бог наш - молитвами пречистої Своєї Матері, заступництвом чесних небесних сил безтілесних, святих славних і всехвальних апостолів, і святого, якого є храм, і святої преподобномучениці Євдокії, і всіх святих - помилує і спасе нас як благий і людинолюбний.",,
Березень,02.03,2,вв,"Тиждень 2-ий Великого посту Св. сщмч. Теодота (Богдана), єп. Киринейського","святого священномученика Теодота, єпископа Киринейського",ні,,,,"Священник: Христос, істинний Бог наш - молитвами пречистої Своєї Матері, чесного і славного пророка, предтечі і хрестителя Івана, святих славних і всехвальних апостолів, святого отця нашого Івана Золотоустого, архиєпископа Константинополя, і святого, якого є храм, і святого священномученика Теодота, єпископа Киринейського, і всіх святих - помилує і спасе нас як благий і людинолюбний.","Священник: Христос, істинний Бог наш - молитвами пречистої Своєї Матері, чесного і славного пророка, предтечі і хрестителя Івана, святих славних і всехвальних апостолів, і святого, якого є храм, і святого священномученика Теодота, єпископа Киринейського, і всіх святих - помилує і спасе нас як благий і людинолюбний.",,
Березень,03.03,3,ср,"Свв. мчч. Євтропія, Клеоніка й Василиска","святих мучеників Євтропія, Клеоніка й Василиска",ні,,,,"Священник: Христос, істинний Бог наш - молитвами пречистої Своєї Матері, силою чесного і животворчого хреста, заступництвом святих славних і всехвальних апостолів, святого отця нашого Івана Золотоустого, архиєпископа Константинополя, і святого, якого є храм, і святих мучеників Євтропія, Клеоніка й Василиска, і всіх святих - помилує і спасе нас як благий і людинолюбний.","Священник: Христос, істинний Бог наш - молитвами пречистої Своєї Матері, силою чесного і животворчого хреста, заступництвом святих славних і всехвальних апостолів, і святого, якого є храм, і святих мучеників Євтропія, Клеоніка й Василиска, і всіх святих - помилує і спасе нас як благий і людинолюбний.",,
Березень,04.03,4,чт,"Прп. Герасима, що на Йордані","преподобного отця нашого Герасима, що на Йордані",ні,,,,"Священник: Христос, істинний Бог наш - молитвами пречистої Своєї Матері, святих славних і всехвальних апостолів, святого отця нашого Миколая, архиєпископа Мир Ликійських, чудотворця, святого отця нашого Івана Золотоустого, архиєпископа Константинополя, і святого, якого є храм, і преподобного отця нашого Герасима, що на Йордані, і всіх святих - помилує і спасе нас як благий і людинолюбний.","Священник: Христос, істинний Бог наш - молитвами пречистої Своєї Матері, святих славних і всехвальних апостолів, святого отця нашого Миколая, архиєпископа Мир Ликійських, чудотворця, і святого, якого є храм, і преподобного отця нашого Герасима, що на Йордані, і всіх святих - помилує і спасе нас як благий і людинолюбний.",,
Березень,05.03,5,пт,Св. мч. Конона,святого мученика Конона,ні,,,,"Священник: Христос, істинний Бог наш - молитвами пречистої Своєї Матері, силою чесного і животворчого хреста, заступництвом святих славних і всехвальних апостолів, святого отця нашого Івана Золотоустого, архиєпископа Константинополя, і святого, якого є храм, і святого мученика Конона, і всіх святих - помилує і спасе нас як благий і людинолюбний.","Священник: Христос, істинний Бог наш - молитвами пречистої Своєї Матері, силою чесного і животворчого хреста, заступництвом святих славних і всехвальних апостолів, і святого, якого є храм, і святого мученика Конона, і всіх святих - помилує і спасе нас як благий і людинолюбний.",,
Березень,06.03,6,сб,"Свв. сорока двох мчч., що в Аморії","святих сорока двох мучеників, що в Аморії",ні,,,,"Священник: Христос, істинний Бог наш - молитвами пречистої Своєї Матері, силою чесного і животворчого Хреста, заступництвом чесних небесних сил безтілесних, чесного і славного пророка, предтечі і хрестителя Івана, святих славних і всехвальних апостолів, святого отця нашого Миколая, архиєпископа Мир Ликійських, чудотворця, святих славних і переможних мучеників, преподобних і богоносних отців наших, святого отця нашого Івана Золотоустого, архиєпископа Константинополя, святих і праведних богоотців Йоакима й Анни, і святого, якого є храм, і святих сорока двох мучеників, що в Аморії, і всіх святих - помилує і спасе нас як благий і людинолюбний.","Священник: Христос, істинний Бог наш - молитвами пречистої Своєї Матері, силою чесного і животворчого Хреста, заступництвом чесних небесних сил безтілесних, чесного і славного пророка, предтечі і хрестителя Івана, святих славних і всехвальних апостолів, святого отця нашого Миколая, архиєпископа Мир Ликійських, чудотворця, святих славних і переможних мучеників, преподобних і богоносних отців наших, святих і праведних богоотців Йоакима й Анни, і святого, якого є храм, і святих сорока двох мучеників, що в Аморії, і всіх святих - помилує і спасе нас як благий і людинолюбний.",,
Березень,07.03,7,нд,"Субота заупокійна Свв. сщмчч., що були єпп. в Херсоні: Василія, Єфрема, Капітона, Євгенія, Етерія й інших Блаж. сщмч. Леоніда-Леонтія Федорова","святих священномучеників, що були єпископами в Херсоні: Василія, Єфрема, Капітона, Євгенія, Етерія й інших, блаженного священномученика Леоніда-Леонтія Федорова",ні,,,,"Священник: Христос, істинний Бог наш, що живими і мертвими володіє - молитвами пречистої Cвоєї Матері, святих славних і всехвальних апостолів, святого отця нашого Івана Золотоустого, архиєпископа Константинополя, преподобних і богоносних отців наших, і святого, якого є храм, і святих священномучеників, що були єпископами в Херсоні: Василія, Єфрема, Капітона, Євгенія, Етерія й інших, блаженного священномученика Леоніда-Леонтія Федорова, і всіх святих - помилує і спасе нас як благий і людинолюбний.","Священник: Христос, істинний Бог наш, що живими і мертвими володіє - молитвами пречистої Cвоєї Матері, святих славних і всехвальних апостолів, преподобних і богоносних отців наших, і святого, якого є храм, і святих священномучеників, що були єпископами в Херсоні: Василія, Єфрема, Капітона, Євгенія, Етерія й інших, блаженного священномученика Леоніда-Леонтія Федорова, і всіх святих - помилує і спасе нас як благий і людинолюбний.",,
Березень,08.03,1,пн,"Неділя 2-га Великого Посту Прп. й ісп. Теофілакта, єп. Нікомидійського","преподобного отця нашого й ісповідника Теофілакта, єпископа Нікомидійського",ні,,,,"Священник: Христос, істинний Бог наш - молитвами пречистої Своєї Матері, заступництвом чесних небесних сил безтілесних, святих славних і всехвальних апостолів, святого отця нашого Івана Золотоустого, архиєпископа Константинополя, і святого, якого є храм, і преподобного отця нашого й ісповідника Теофілакта, єпископа Нікомидійського, і всіх святих - помилує і спасе нас як благий і людинолюбний.","Священник: Христос, істинний Бог наш - молитвами пречистої Своєї Матері, заступництвом чесних небесних сил безтілесних, святих славних і всехвальних апостолів, і святого, якого є храм, і преподобного отця нашого й ісповідника Теофілакта, єпископа Нікомидійського, і всіх святих - помилує і спасе нас як благий і людинолюбний.",,
Березень,09.03,2,вв,"Тиждень 3-ий Великого посту 🕂 Свв. сорока мчч., замучених у Севастійському озері","святих сорока мучеників, замучених у Севастійському озері, яких сьогодні пам'ять світло звершуємо",так,свято,,,#N/A,#N/A,#N/A,
Березень,10.03,3,ср,"Св. мч. Кодрата і тих, що з ним: Кипріана, Ніки, Галини та інших","святого мученика Кодрата і тих, що з ним: Кипріана, Ніки, Галини та інших",ні,,,,"Священник: Христос, істинний Бог наш - молитвами пречистої Своєї Матері, силою чесного і животворчого хреста, заступництвом святих славних і всехвальних апостолів, святого отця нашого Івана Золотоустого, архиєпископа Константинополя, і святого, якого є храм, і святого мученика Кодрата і тих, що з ним: Кипріана, Ніки, Галини та інших, і всіх святих - помилує і спасе нас як благий і людинолюбний.","Священник: Христос, істинний Бог наш - молитвами пречистої Своєї Матері, силою чесного і животворчого хреста, заступництвом святих славних і всехвальних апостолів, і святого, якого є храм, і святого мученика Кодрата і тих, що з ним: Кипріана, Ніки, Галини та інших, і всіх святих - помилує і спасе нас як благий і людинолюбний.",,
Березень,11.03,4,чт,"Св. Софронія, патр. Єрусалимського","святого отця нашого Софронія, патріарха Єрусалимського",ні,,,,"Священник: Христос, істинний Бог наш - молитвами пречистої Своєї Матері, святих славних і всехвальних апостолів, святого отця нашого Миколая, архиєпископа Мир Ликійських, чудотворця, святого отця нашого Івана Золотоустого, архиєпископа Константинополя, і святого, якого є храм, і святого отця нашого Софронія, патріарха Єрусалимського, і всіх святих - помилує і спасе нас як благий і людинолюбний.","Священник: Христос, істинний Бог наш - молитвами пречистої Своєї Матері, святих славних і всехвальних апостолів, святого отця нашого Миколая, архиєпископа Мир Ликійських, чудотворця, і святого, якого є храм, і святого отця нашого Софронія, патріарха Єрусалимського, і всіх святих - помилує і спасе нас як благий і людинолюбний.",,
Березень,12.03,5,пт,"Прп. й ісп. Теофана Сигріанського Св. Григорія Двоєслова, папи Римського","преподобного отця нашого й ісповідника Теофана Сигріанського, святого отця нашого Григорія Двоєслова, папи Римського",ні,,,,"Священник: Христос, істинний Бог наш - молитвами пречистої Своєї Матері, силою чесного і животворчого хреста, заступництвом святих славних і всехвальних апостолів, святого отця нашого Івана Золотоустого, архиєпископа Константинополя, і святого, якого є храм, і преподобного отця нашого й ісповідника Теофана Сигріанського, святого отця нашого Григорія Двоєслова, папи Римського, і всіх святих - помилує і спасе нас як благий і людинолюбний.","Священник: Христос, істинний Бог наш - молитвами пречистої Своєї Матері, силою чесного і животворчого хреста, заступництвом святих славних і всехвальних апостолів, і святого, якого є храм, і преподобного отця нашого й ісповідника Теофана Сигріанського, святого отця нашого Григорія Двоєслова, папи Римського, і всіх святих - помилує і спасе нас як благий і людинолюбний.",,
Березень,13.03,6,сб,"Перенесення мощів св. Никифора, патр. Царгородського","перенесення мощів святого отця нашого Никифора, патріарха Царгородського",ні,,,,"Священник: Христос, істинний Бог наш - молитвами пречистої Своєї Матері, силою чесного і животворчого Хреста, заступництвом чесних небесних сил безтілесних, чесного і славного пророка, предтечі і хрестителя Івана, святих славних і всехвальних апостолів, святого отця нашого Миколая, архиєпископа Мир Ликійських, чудотворця, святих славних і переможних мучеників, преподобних і богоносних отців наших, святого отця нашого Івана Золотоустого, архиєпископа Константинополя, святих і праведних богоотців Йоакима й Анни, і святого, якого є храм, і перенесення мощів святого отця нашого Никифора, патріарха Царгородського, і всіх святих - помилує і спасе нас як благий і людинолюбний.","Священник: Христос, істинний Бог наш - молитвами пречистої Своєї Матері, силою чесного і животворчого Хреста, заступництвом чесних небесних сил безтілесних, чесного і славного пророка, предтечі і хрестителя Івана, святих славних і всехвальних апостолів, святого отця нашого Миколая, архиєпископа Мир Ликійських, чудотворця, святих славних і переможних мучеників, преподобних і богоносних отців наших, святих і праведних богоотців Йоакима й Анни, і святого, якого є храм, і перенесення мощів святого отця нашого Никифора, патріарха Царгородського, і всіх святих - помилує і спасе нас як благий і людинолюбний.",,
Березень,14.03,7,нд,Субота заупокійна Прп. Венедикта,преподобного отця нашого Венедикта,ні,,,,"Священник: Христос, істинний Бог наш, що живими і мертвими володіє - молитвами пречистої Cвоєї Матері, святих славних і всехвальних апостолів, святого отця нашого Івана Золотоустого, архиєпископа Константинополя, преподобних і богоносних отців наших, і святого, якого є храм, і преподобного отця нашого Венедикта, і всіх святих - помилує і спасе нас як благий і людинолюбний.","Священник: Христос, істинний Бог наш, що живими і мертвими володіє - молитвами пречистої Cвоєї Матері, святих славних і всехвальних апостолів, преподобних і богоносних отців наших, і святого, якого є храм, і преподобного отця нашого Венедикта, і всіх святих - помилує і спасе нас як благий і людинолюбний.",,
Березень,15.03,1,пн,"Неділя 3-тя Великого Посту, Хрестопоклонна Св. мч. Агапія і з ним шести мчч.",святого мученика Агапія і з ним шести мучеників,ні,,,,"Священник: Христос, істинний Бог наш - молитвами пречистої Своєї Матері, заступництвом чесних небесних сил безтілесних, святих славних і всехвальних апостолів, святого отця нашого Івана Золотоустого, архиєпископа Константинополя, і святого, якого є храм, і святого мученика Агапія і з ним шести мучеників, і всіх святих - помилує і спасе нас як благий і людинолюбний.","Священник: Христос, істинний Бог наш - молитвами пречистої Своєї Матері, заступництвом чесних небесних сил безтілесних, святих славних і всехвальних апостолів, і святого, якого є храм, і святого мученика Агапія і з ним шести мучеників, і всіх святих - помилує і спасе нас як благий і людинолюбний.",,
Березень,16.03,2,вв,Тиждень 4-ий Великого посту Свв. мчч. Савина й Папи,святих мучеників Савина й Папи,ні,,,,"Священник: Христос, істинний Бог наш - молитвами пречистої Своєї Матері, чесного і славного пророка, предтечі і хрестителя Івана, святих славних і всехвальних апостолів, святого отця нашого Івана Золотоустого, архиєпископа Константинополя, і святого, якого є храм, і святих мучеників Савина й Папи, і всіх святих - помилує і спасе нас як благий і людинолюбний.","Священник: Христос, істинний Бог наш - молитвами пречистої Своєї Матері, чесного і славного пророка, предтечі і хрестителя Івана, святих славних і всехвальних апостолів, і святого, якого є храм, і святих мучеників Савина й Папи, і всіх святих - помилує і спасе нас як благий і людинолюбний.",,
Березень,17.03,3,ср,"Прп. Олексія, чоловіка Божого","преподобного отця нашого Олексія, чоловіка Божого",ні,,,,"Священник: Христос, істинний Бог наш - молитвами пречистої Своєї Матері, силою чесного і животворчого хреста, заступництвом святих славних і всехвальних апостолів, святого отця нашого Івана Золотоустого, архиєпископа Константинополя, і святого, якого є храм, і преподобного отця нашого Олексія, чоловіка Божого, і всіх святих - помилує і спасе нас як благий і людинолюбний.","Священник: Христос, істинний Бог наш - молитвами пречистої Своєї Матері, силою чесного і животворчого хреста, заступництвом святих славних і всехвальних апостолів, і святого, якого є храм, і преподобного отця нашого Олексія, чоловіка Божого, і всіх святих - помилує і спасе нас як благий і людинолюбний.",,
Березень,18.03,4,чт,"Св. Кирила, архиєп. Єрусалимського","святого отця нашого Кирила, архиєпископа Єрусалимського",ні,,,,"Священник: Христос, істинний Бог наш - молитвами пречистої Своєї Матері, святих славних і всехвальних апостолів, святого отця нашого Миколая, архиєпископа Мир Ликійських, чудотворця, святого отця нашого Івана Золотоустого, архиєпископа Константинополя, і святого, якого є храм, і святого отця нашого Кирила, архиєпископа Єрусалимського, і всіх святих - помилує і спасе нас як благий і людинолюбний.","Священник: Христос, істинний Бог наш - молитвами пречистої Своєї Матері, святих славних і всехвальних апостолів, святого отця нашого Миколая, архиєпископа Мир Ликійських, чудотворця, і святого, якого є храм, і святого отця нашого Кирила, архиєпископа Єрусалимського, і всіх святих - помилує і спасе нас як благий і людинолюбний.",,
Березень,19.03,5,пт,Свв. мчч. Хризанта й Дарії,святих мучеників Хризанта й Дарії,ні,,,,"Священник: Христос, істинний Бог наш - молитвами пречистої Своєї Матері, силою чесного і животворчого хреста, заступництвом святих славних і всехвальних апостолів, святого отця нашого Івана Золотоустого, архиєпископа Константинополя, і святого, якого є храм, і святих мучеників Хризанта й Дарії, і всіх святих - помилує і спасе нас як благий і людинолюбний.","Священник: Христос, істинний Бог наш - молитвами пречистої Своєї Матері, силою чесного і животворчого хреста, заступництвом святих славних і всехвальних апостолів, і святого, якого є храм, і святих мучеників Хризанта й Дарії, і всіх святих - помилує і спасе нас як благий і людинолюбний.",,
Березень,20.03,6,сб,"Прпп. отців, яких убили сарацини в обителі Св. Сави","преподобних отців наших, яких убили сарацини в обителі Святого Сави",ні,,,,"Священник: Христос, істинний Бог наш - молитвами пречистої Своєї Матері, силою чесного і животворчого Хреста, заступництвом чесних небесних сил безтілесних, чесного і славного пророка, предтечі і хрестителя Івана, святих славних і всехвальних апостолів, святого отця нашого Миколая, архиєпископа Мир Ликійських, чудотворця, святих славних і переможних мучеників, преподобних і богоносних отців наших, святого отця нашого Івана Золотоустого, архиєпископа Константинополя, святих і праведних богоотців Йоакима й Анни, і святого, якого є храм, і преподобних отців наших, яких убили сарацини в обителі Святого Сави, і всіх святих - помилує і спасе нас як благий і людинолюбний.","Священник: Христос, істинний Бог наш - молитвами пречистої Своєї Матері, силою чесного і животворчого Хреста, заступництвом чесних небесних сил безтілесних, чесного і славного пророка, предтечі і хрестителя Івана, святих славних і всехвальних апостолів, святого отця нашого Миколая, архиєпископа Мир Ликійських, чудотворця, святих славних і переможних мучеників, преподобних і богоносних отців наших, святих і праведних богоотців Йоакима й Анни, і святого, якого є храм, і преподобних отців наших, яких убили сарацини в обителі Святого Сави, і всіх святих - помилує і спасе нас як благий і людинолюбний.",,
Березень,21.03,7,нд,"Субота заупокійна Прп. й ісп. Якова, єп. Катанського","преподобного отця нашого й ісповідника Якова, єпископа Катанського",ні,,,,"Священник: Христос, істинний Бог наш, що живими і мертвими володіє - молитвами пречистої Cвоєї Матері, святих славних і всехвальних апостолів, святого отця нашого Івана Золотоустого, архиєпископа Константинополя, преподобних і богоносних отців наших, і святого, якого є храм, і преподобного отця нашого й ісповідника Якова, єпископа Катанського, і всіх святих - помилує і спасе нас як благий і людинолюбний.","Священник: Христос, істинний Бог наш, що живими і мертвими володіє - молитвами пречистої Cвоєї Матері, святих славних і всехвальних апостолів, преподобних і богоносних отців наших, і святого, якого є храм, і преподобного отця нашого й ісповідника Якова, єпископа Катанського, і всіх святих - помилує і спасе нас як благий і людинолюбний.",,
Березень,22.03,1,пн,"Неділя 4-та Великого Посту, преподобного Івана Ліствичника Св. сщмч. Василія, пресвіт. Анкирського","святого священномученика Василія, пресвітера Анкирського, препoдобного отця нашого Івана, автора «Ліствиці»",ні,,,,"Священник: Христос, істинний Бог наш - молитвами пречистої Своєї Матері, заступництвом чесних небесних сил безтілесних, святих славних і всехвальних апостолів, святого отця нашого Івана Золотоустого, архиєпископа Константинополя, і святого, якого є храм, і святого священномученика Василія, пресвітера Анкирського, препoдобного отця нашого Івана, автора «Ліствиці», і всіх святих - помилує і спасе нас як благий і людинолюбний.","Священник: Христос, істинний Бог наш - молитвами пречистої Своєї Матері, заступництвом чесних небесних сил безтілесних, святих славних і всехвальних апостолів, і святого, якого є храм, і святого священномученика Василія, пресвітера Анкирського, препoдобного отця нашого Івана, автора «Ліствиці», і всіх святих - помилує і спасе нас як благий і людинолюбний.",,
Березень,23.03,2,вв,"Тиждень 5-ий Великого посту Св. прпмч. Нікона і 200 учнів його, з ним замучених","святого преподобномученика Нікона і двохсот учнів його, з ним замучених",ні,,,,"Священник: Христос, істинний Бог наш - молитвами пречистої Своєї Матері, чесного і славного пророка, предтечі і хрестителя Івана, святих славних і всехвальних апостолів, святого отця нашого Івана Золотоустого, архиєпископа Константинополя, і святого, якого є храм, і святого преподобномученика Нікона і двохсот учнів його, з ним замучених, і всіх святих - помилує і спасе нас як благий і людинолюбний.","Священник: Христос, істинний Бог наш - молитвами пречистої Своєї Матері, чесного і славного пророка, предтечі і хрестителя Івана, святих славних і всехвальних апостолів, і святого, якого є храм, і святого преподобномученика Нікона і двохсот учнів його, з ним замучених, і всіх святих - помилує і спасе нас як благий і людинолюбний.",,
Березень,24.03,3,ср,"🕃 Передсвяття Благовіщення Пресвятої Богородиці Прп. Захарії Св. Артемона, єп. Селевкії Пісідійської","преподобного отця нашого Захарії, святого отця нашого Артемона, єпископа Селевкії Пісідійської",ні,,,,"Священник: Христос, істинний Бог наш - молитвами пречистої Своєї Матері, силою чесного і животворчого хреста, заступництвом святих славних і всехвальних апостолів, святого отця нашого Івана Золотоустого, архиєпископа Константинополя, і святого, якого є храм, і преподобного отця нашого Захарії, святого отця нашого Артемона, єпископа Селевкії Пісідійської, і всіх святих - помилує і спасе нас як благий і людинолюбний.","Священник: Христос, істинний Бог наш - молитвами пречистої Своєї Матері, силою чесного і животворчого хреста, заступництвом святих славних і всехвальних апостолів, і святого, якого є храм, і преподобного отця нашого Захарії, святого отця нашого Артемона, єпископа Селевкії Пісідійської, і всіх святих - помилує і спасе нас як благий і людинолюбний.",,
Березень,25.03,4,чт,"🕀 Благовіщення Пресв. Владичиці нашої Богородиці і Приснодіви Марії Блаж. сщмч. Омеляна Ковча, пресвіт.","блаженного священномученика Омеляна Ковча, пресвітера",так,свято,,,#N/A,#N/A,#N/A,
Березень,26.03,5,пт,Великого Канону 🕃 Собор архангела Гавриїла Віддання Благовіщення,"святого архангела Гавриїла, що його собору пам'ять сьогодні звершуємо",так,віддання,,,#N/A,#N/A,,
Березень,27.03,6,сб,"Св. Матрони, що в Солуні","святої матері нашої Матрони, що в Солуні",ні,,,,"Священник: Христос, істинний Бог наш - молитвами пречистої Своєї Матері, силою чесного і животворчого Хреста, заступництвом чесних небесних сил безтілесних, чесного і славного пророка, предтечі і хрестителя Івана, святих славних і всехвальних апостолів, святого отця нашого Миколая, архиєпископа Мир Ликійських, чудотворця, святих славних і переможних мучеників, преподобних і богоносних отців наших, святого отця нашого Івана Золотоустого, архиєпископа Константинополя, святих і праведних богоотців Йоакима й Анни, і святого, якого є храм, і святої матері нашої Матрони, що в Солуні, і всіх святих - помилує і спасе нас як благий і людинолюбний.","Священник: Христос, істинний Бог наш - молитвами пречистої Своєї Матері, силою чесного і животворчого Хреста, заступництвом чесних небесних сил безтілесних, чесного і славного пророка, предтечі і хрестителя Івана, святих славних і всехвальних апостолів, святого отця нашого Миколая, архиєпископа Мир Ликійських, чудотворця, святих славних і переможних мучеників, преподобних і богоносних отців наших, святих і праведних богоотців Йоакима й Анни, і святого, якого є храм, і святої матері нашої Матрони, що в Солуні, і всіх святих - помилує і спасе нас як благий і людинолюбний.",,
Березень,28.03,7,нд,"Субота акафістова Прп. Іларіона Нового Св. Стефана, чудотв.","преподобного отця нашого Іларіона Нового, святого Стефана, чудотворця",ні,,,,"Священник: Христос, що воскрес із мертвих, істинний Бог наш - молитвами пречистої Своєї Матері, святих славних і всехвальних апостолів, святого отця нашого Івана Золотоустого, архиєпископа Константинополя, і святого, якого є храм, і преподобного отця нашого Іларіона Нового, святого Стефана, чудотворця, і всіх святих - помилує і спасе нас як благий і людинолюбний.","Священник: Христос, що воскрес із мертвих, істинний Бог наш - молитвами пречистої Своєї Матері, святих славних і всехвальних апостолів, і святого, якого є храм, і преподобного отця нашого Іларіона Нового, святого Стефана, чудотворця, і всіх святих - помилує і спасе нас як благий і людинолюбний.",,
Березень,29.03,1,пн,"Неділя 5-та Великого Посту, преподобної Марії Єгипетської Прп. Марка, єп. Аретусійського, і Кирила дияк., та інших, що з ним постраждали при Юліані, мучителеві","преподобного отця нашого Марка, єпископа Аретусійського, і Кирила диякона, та інших, що з ним постраждали при Юліані, мучителеві, преподобної матері нашої Марії Єгипетської",ні,,,,"Священник: Христос, істинний Бог наш - молитвами пречистої Своєї Матері, заступництвом чесних небесних сил безтілесних, святих славних і всехвальних апостолів, святого отця нашого Івана Золотоустого, архиєпископа Константинополя, і святого, якого є храм, і преподобного отця нашого Марка, єпископа Аретусійського, і Кирила диякона, та інших, що з ним постраждали при Юліані, мучителеві, преподобної матері нашої Марії Єгипетської, і всіх святих - помилує і спасе нас як благий і людинолюбний.","Священник: Христос, істинний Бог наш - молитвами пречистої Своєї Матері, заступництвом чесних небесних сил безтілесних, святих славних і всехвальних апостолів, і святого, якого є храм, і преподобного отця нашого Марка, єпископа Аретусійського, і Кирила диякона, та інших, що з ним постраждали при Юліані, мучителеві, преподобної матері нашої Марії Єгипетської, і всіх святих - помилує і спасе нас як благий і людинолюбний.",,
Березень,30.03,2,вв,"Тиждень 6-ий Великого посту Прп. Івана, автора «Ліствиці»","препoдобного отця нашого Івана, автора «Ліствиці»",ні,,,,"Священник: Христос, істинний Бог наш - молитвами пречистої Своєї Матері, чесного і славного пророка, предтечі і хрестителя Івана, святих славних і всехвальних апостолів, святого отця нашого Івана Золотоустого, архиєпископа Константинополя, і святого, якого є храм, і препoдобного отця нашого Івана, автора «Ліствиці», і всіх святих - помилує і спасе нас як благий і людинолюбний.","Священник: Христос, істинний Бог наш - молитвами пречистої Своєї Матері, чесного і славного пророка, предтечі і хрестителя Івана, святих славних і всехвальних апостолів, і святого, якого є храм, і препoдобного отця нашого Івана, автора «Ліствиці», і всіх святих - помилує і спасе нас як благий і людинолюбний.",,
Березень,31.03,3,ср,"Прп. Іпатія, єп. Гангрського","преподобного отця нашого Іпатія, єпископа Гангрського",ні,,,,"Священник: Христос, істинний Бог наш - молитвами пречистої Своєї Матері, силою чесного і животворчого хреста, заступництвом святих славних і всехвальних апостолів, святого отця нашого Івана Золотоустого, архиєпископа Константинополя, і святого, якого є храм, і преподобного отця нашого Іпатія, єпископа Гангрського, і всіх святих - помилує і спасе нас як благий і людинолюбний.","Священник: Христос, істинний Бог наш - молитвами пречистої Своєї Матері, силою чесного і животворчого хреста, заступництвом святих славних і всехвальних апостолів, і святого, якого є храм, і преподобного отця нашого Іпатія, єпископа Гангрського, і всіх святих - помилує і спасе нас як благий і людинолюбний.",,
Квітень,01.04,4,чт,Прп. Марії Єгипетської,преподобної матері нашої Марії Єгипетської,ні,,,,"Священник: Христос, істинний Бог наш - молитвами пречистої Своєї Матері, святих славних і всехвальних апостолів, святого отця нашого Миколая, архиєпископа Мир Ликійських, чудотворця, святого отця нашого Івана Золотоустого, архиєпископа Константинополя, і святого, якого є храм, і преподобної матері нашої Марії Єгипетської, і всіх святих - помилує і спасе нас як благий і людинолюбний.","Священник: Христос, істинний Бог наш - молитвами пречистої Своєї Матері, святих славних і всехвальних апостолів, святого отця нашого Миколая, архиєпископа Мир Ликійських, чудотворця, і святого, якого є храм, і преподобної матері нашої Марії Єгипетської, і всіх святих - помилує і спасе нас як благий і людинолюбний.",,
Квітень,02.04,5,пт,"Прп. Тита, чудотв.","преподобного отця нашого Тита, чудотворця",ні,,,,"Священник: Христос, істинний Бог наш - молитвами пречистої Своєї Матері, силою чесного і животворчого хреста, заступництвом святих славних і всехвальних апостолів, святого отця нашого Івана Золотоустого, архиєпископа Константинополя, і святого, якого є храм, і преподобного отця нашого Тита, чудотворця, і всіх святих - помилує і спасе нас як благий і людинолюбний.","Священник: Христос, істинний Бог наш - молитвами пречистої Своєї Матері, силою чесного і животворчого хреста, заступництвом святих славних і всехвальних апостолів, і святого, якого є храм, і преподобного отця нашого Тита, чудотворця, і всіх святих - помилує і спасе нас як благий і людинолюбний.",,
Квітень,03.04,6,сб,"Прп. й ісп. Микити, ігум. обителі Мидикійської","преподобного отця нашого й ісповідника Микити, ігумена обителі Мидикійської",ні,,,,"Священник: Христос, істинний Бог наш - молитвами пречистої Своєї Матері, силою чесного і животворчого Хреста, заступництвом чесних небесних сил безтілесних, чесного і славного пророка, предтечі і хрестителя Івана, святих славних і всехвальних апостолів, святого отця нашого Миколая, архиєпископа Мир Ликійських, чудотворця, святих славних і переможних мучеників, преподобних і богоносних отців наших, святого отця нашого Івана Золотоустого, архиєпископа Константинополя, святих і праведних богоотців Йоакима й Анни, і святого, якого є храм, і преподобного отця нашого й ісповідника Микити, ігумена обителі Мидикійської, і всіх святих - помилує і спасе нас як благий і людинолюбний.","Священник: Христос, істинний Бог наш - молитвами пречистої Своєї Матері, силою чесного і животворчого Хреста, заступництвом чесних небесних сил безтілесних, чесного і славного пророка, предтечі і хрестителя Івана, святих славних і всехвальних апостолів, святого отця нашого Миколая, архиєпископа Мир Ликійських, чудотворця, святих славних і переможних мучеників, преподобних і богоносних отців наших, святих і праведних богоотців Йоакима й Анни, і святого, якого є храм, і преподобного отця нашого й ісповідника Микити, ігумена обителі Мидикійської, і всіх святих - помилує і спасе нас як благий і людинолюбний.",,
Квітень,04.04,7,нд,"Субота Лазарева Прпп. Йосифа, піснописця, і Юрія, що в Малеї","преподобних отців наших Йосифа, піснописця, і Юрія, що в Малеї",ні,,,,#N/A,#N/A,,
Квітень,05.04,1,пн,"Неділя 6-та Великого Посту, Квітна 🕀 Вхід Господній в Єрусалим Свв. мчч. Теодула й Агатопода, і тих, що з ними","святих мучеників Теодула й Агатопода, і тих, що з ними",ні,,,,#N/A,#N/A,,
Квітень,06.04,2,вв,"Страсний тиждень. Великий понеділок 🕂 Переставл. св. Методія, учителя слов’янського Св. Євтихія, архиєп. Царгородського","святого отця нашого Методія, учителя слов’янського, якого сьогодні пам'ять світло звершуємо, святого отця нашого Євтихія, архиєпископа Царгородського",ні,,,,#N/A,#N/A,,
Квітень,07.04,3,ср,"Великий вівторок Прп. Юрія, єп. Мітилинського","преподобного отця нашого Юрія, єпископа Мітилинського",ні,,,,#N/A,#N/A,,
Квітень,08.04,4,чт,"Велика середа Свв. апп. Іродіона, Агава, Руфа, Асинкріта, Флегонта і Єрма","святих апостолів Іродіона, Агава, Руфа, Асинкріта, Флегонта і Єрма",ні,,,,#N/A,#N/A,,
Квітень,09.04,5,пт,Великий четвер Св. мч. Євпсихія,святого мученика Євпсихія,ні,,,,#N/A,#N/A,,
Квітень,10.04,6,сб,"Велика п'ятниця Свв. мчч. Терентія, Помпія і тих, що з ними","святих мучеників Терентія, Помпія і тих, що з ними",ні,,,,#N/A,#N/A,,
Квітень,11.04,7,нд,"Велика субота Св. сщмч. Антипи, єп. Пергаму Азійського","святого священномученика Антипи, єпископа Пергаму Азійського",ні,,,,#N/A,#N/A,,
Квітень,12.04,1,пн,"🕀 Неділя Пасхи. Воскресення Христове. Великдень. Прп. й ісп. Василія, єп. Парійського","преподобного отця нашого й ісповідника Василія, єпископа Парійського",ні,,,,#N/A,#N/A,,
Квітень,13.04,2,вв,"Світлий понеділок Св. сщмч. Артемона і тих, що з ним","святого священномученика Артемона і тих, що з ним",ні,,,,#N/A,#N/A,,
Квітень,14.04,3,ср,"Світлий вівторок Св. Мартина Ісповідника, папи Римського Свв. мчч. Віленських: Антонія, Івана і Євстатія","святого отця нашого Мартина Ісповідника, папи Римського, святих мучеників Віленських: Антонія, Івана і Євстатія",ні,,,,#N/A,#N/A,,
Квітень,15.04,4,чт,"Світла середа Свв. апп. Аристарха, Пуда і Трофима","святих апостолів Аристарха, Пуда і Трофима",ні,,,,#N/A,#N/A,,
Квітень,16.04,5,пт,"Світлий четвер Свв. мцц.-дів Агапії, Ірини й Хіонії","святих мучениць-дів Агапії, Ірини й Хіонії",ні,,,,#N/A,#N/A,,
Квітень,17.04,6,сб,"Світла п'ятниця Прп. Симеона, що в Персиді Прп. Акакія, єп. Мелітинського","преподобного отця нашого Симеона, що в Персиді, преподобного отця нашого Акакія, єпископа Мелітинського",ні,,,,#N/A,#N/A,,
Квітень,18.04,7,нд,"Світла субота Прп. Івана, учня св. Григорія Декаполіта","преподобного отця нашого Івана, учня святого Григорія Декаполіта",ні,,,,#N/A,#N/A,,
Квітень,19.04,1,пн,"Неділя 2-га після Пасхи, Томина. Антипасха Прп. Івана, старопечерника","преподобного отця нашого Івана, старопечерника",ні,,,,#N/A,#N/A,,
Квітень,20.04,2,вв,Тиждень 2-ий після Пасхи. Прп. Тедора Трихіни,преподобного отця нашого Теодора Трихіни,ні,,,,#N/A,#N/A,,
Квітень,21.04,3,ср,"Св. сщмч. Януарія і тих, що з ним Св. мч. Теодора, що в Пергії","святого священномученика Януарія і тих, що з ним, святого мученика Теодора, що в Пергії",ні,,,,#N/A,#N/A,,
Квітень,22.04,4,чт,Прп. Теодора Сикеота,преподобного отця нашого Теодора Сикеота,ні,,,,#N/A,#N/A,,
Квітень,23.04,5,пт,"🕁 Св. славн. вмч., переможця й чудотв. Юрія","святого славного великомученика, переможця й чудотворця Юрія, якого сьогодні пам'ять світло звершуємо",ні,,,,#N/A,#N/A,,
Квітень,24.04,6,сб,"Св. мч. Сави Стратилата, воєводи","святого мученика Сави Стратилата, воєводи",ні,,,,#N/A,#N/A,,
Квітень,25.04,7,нд,🕂 Св. ап. і єв. Марка,"святого апостола і євангелиста Марка, якого сьогодні пам'ять світло звершуємо",ні,,,,#N/A,#N/A,,
Квітень,26.04,1,пн,"Неділя 3-тя після Пасхи, мироносиць Св. сщмч. Василія, єп. Амасійського","святого священномученика Василія, єпископа Амасійського",ні,,,,#N/A,#N/A,,
Квітень,27.04,2,вв,"Тиждень 3-ій після Пасхи 🕃 Св. сщмч. Симеона, родича Господнього Прп. Стефана, єп. Володимирського","святого священномученика Симеона, родича Господнього, преподобного отця нашого Стефана, єпископа Володимирського",ні,,,,#N/A,#N/A,,
Квітень,28.04,3,ср,"Свв. апп. Ясона й Сосіпатра Свв. мчч. Дади, Максима й Кинтиліана Св. Кирила, єп. Турівського","святих апостолів Ясона й Сосіпатра, святих мучеників Дади, Максима й Кинтиліана, святого отця нашого Кирила, єпископа Турівського",ні,,,,#N/A,#N/A,,
Квітень,29.04,4,чт,"Свв. дев’ятьох мчч., що в Кизиці Прп. Мемнона, чудотв.","святих дев’ятьох мучеників, що в Кизиці, преподобного Мемнона, чудотворця",ні,,,,#N/A,#N/A,,
Квітень,30.04,5,пт,"🕂 Св. ап. Якова, брата св. Івана Богослова","святого апостола Якова, брата святого Івана Богослова, якого сьогодні пам'ять світло звершуємо",ні,,,,#N/A,#N/A,,
Травень,01.05,6,сб,"Св. прор. Єремії Блаж. сщмч. Климентія Шептицького, архим. Унівського","святого пророка Єремії, блаженного священномученика Климентія, архимандрита Унівського",ні,,,,#N/A,#N/A,,
Травень,02.05,7,нд,"🕃 Св. Атанасія Великого, архиєп. Олександрійського","святого отця Атанасія Великого, архиєпископа Олександрійського",ні,,,,#N/A,#N/A,,
Травень,03.05,1,пн,"Неділя 4-та після Пасхи, розслабленого 🕂 Переставл. прп. Теодосія, ігум. монастиря Печерського, спільного життя засновника Свв. мчч. Тимотея й Маври","преподобного отця нашого Теодосія, ігумена монастиря Печерського, спільного життя засновника, якого сьогодні пам'ять світло звершуємо, святих мучеників Тимотея й Маври",ні,,,,#N/A,#N/A,,
Травень,04.05,2,вв,Тиждень 4-ий після Пасхи Св. мц. Пелагії,святої мучениці Пелагії,ні,,,,#N/A,#N/A,,
Травень,05.05,3,ср,"Св. і славн. мц. Ірини Прп. Никифора, ігум. монастиря Мидікійського","святої і славної мучениці Ірини, преподобного отця нашого Никифора, ігумена монастиря Мидікійського",ні,,,,#N/A,#N/A,,
Травень,06.05,4,чт,"Пeреполовення П'ятдесятниці Св., і прав., і багатостражд. Йова","святого, і праведного, і багатостраждального Йова",ні,,,,#N/A,#N/A,,
Травень,07.05,5,пт,🕃 Спогад про явління на небі знамення чесного Хреста у св. місті Єрусалимі Св. мч. Акакія,"святого мученика Акакія, силою чесного і животворного Хреста, якого знамення явління на небі у святому місті Єрусалимі сьогодні пам'ять звершуємо",ні,,,,#N/A,#N/A,,
Травень,08.05,6,сб,🕁 Св. ап. і єв. Івана Богослова Прп. Арсенія Великого,"святого апостола і євангелиста Івана Богослова, якого сьогодні пам'ять світло звершуємо, преподобного отця нашого Арсенія Великого",ні,,,,#N/A,#N/A,,
Травень,09.05,7,нд,🕂 Перенесення чесних мощів св. Миколая Чудотворця з Мир до міста Барі Св. прор. Ісаї Св. мч. Христофора,"святого отця нашого Миколая Чудотворця з Мир до міста Барі, якого чесних мощів перенесення сьогодні пам'ять світло звершуємо, святого пророка Ісаї, святого мученика Христофора",ні,,,,#N/A,#N/A,,
Травень,10.05,1,пн,"Неділя 5-та після Пасхи, самарянки 🕂 Св. ап. Симона Зилота","святого апостола Симона Зилота, якого сьогодні пам'ять світло звершуємо",ні,,,,#N/A,#N/A,,
Травень,11.05,2,вв,"Тиждень 5-ий після Пасхи 🕂 Свв. рівноапп. Кирила й Методія, учителів слов’янських Св. сщмч. Мокія","святих рівноапостольних Кирила й Методія, учителів слов’янських, яких сьогодні пам'ять світло звершуємо, святого священномученика Мокія",ні,,,,#N/A,#N/A,,
Травень,12.05,3,ср,"Свв. Епіфанія, єп. Кипрського, і Германа, патр. Царгородського","святих отців наших Епіфанія, єпископа Кипрського, і Германа, патріярха Царгородського",ні,,,,#N/A,#N/A,,
Травень,13.05,4,чт,Віддання свята Пeреполовення Св. мц. Гликерії,святої мучениці Гликерії,ні,,,,#N/A,#N/A,,
Травень,14.05,5,пт,Св. мч. Ісидора,святого мученика Ісидора,ні,,,,#N/A,#N/A,,
Травень,15.05,6,сб,🕃 Прп. Пахомія Великого,преподобного отця нашого Пахомія Великого,ні,,,,#N/A,#N/A,,
Травень,16.05,7,нд,"Прп. Теодора Освященного, учня св. Пахомія Блаж. сщмчч. Северіана Бараника, Якима Сенківського, Віталія Байрака","преподобного отця нашого Теодора Освященного, учня святого Пахомія, блаженних священномучеників Северіана, Якима, Віталія",ні,,,,#N/A,#N/A,,
Травень,17.05,1,пн,"Неділя 6-та після Пасхи, сліпородженого Св. ап. Андроніка і тих, що з ним Блаж. сщмч. Івана Зятика","святого апостола Андроніка і тих, що з ним, блаженного священномученика Івана",ні,,,,#N/A,#N/A,,
Травень,18.05,2,вв,"Тиждень 6-ий після Пасхи Св. мч. Теодота (Богдана), що в Анкирі Свв. мчч. Петра, Діонісія і тих, що з ними Свв. сімох дів","святого мученика Теодота, що в Анкирі, святих мучеників Петра, Діонісія і тих, що з ними, святих сімох дів",ні,,,,#N/A,#N/A,,
Травень,19.05,3,ср,"Св. сщмч. Патрикія, єп. Пруського, і тих, що з ним","святого священномученика Патрикія, єпископа Пруського, і тих, що з ним",ні,,,,#N/A,#N/A,,
Травень,20.05,4,чт,Віддання Пасхи Св. мч. Талалея,святого мученика Талалея,ні,,,,#N/A,#N/A,,
Травень,21.05,5,пт,🕀 Вознесіння Господнє 🕂 Свв. великих царів і рівноапп. Константина й Олени,"святих великих царів і рівноапостольних Константина й Олени, яких сьогодні пам'ять світло звершуємо",ні,,,,#N/A,#N/A,,
Травень,22.05,6,сб,Св. мч. Василіска,святого мученика Василіска,ні,,,,#N/A,#N/A,,
Травень,23.05,7,нд,"Прп. Євфросинії Полоцької, ігум. монастиря Св. Спаса Прп. й ісп. Михаїла, єп. Синадського","преподобної Євфросинії Полоцької, ігумені монастиря Святого Спаса, преподобного отця нашого й ісповідника Михаїла, єпископа Синадського",ні,,,,#N/A,#N/A,,
Травень,24.05,1,пн,"Неділя 7-ма після Пасхи, свв. отців I-го Вселенського Собору 🕃 Прп. Микити, стовпника, переяславського чудотв. 🕃 Прп. Симеона, що на Дивній горі","преподобного отця нашого Микити, стовпника, переяславського чудотворця, преподобного отця нашого Симеона, що на Дивній горі",ні,,,,#N/A,#N/A,,
Травень,25.05,2,вв,"Тиждень 7-ий після Пасхи 🕂 Третє віднайдення чесної голови св. і славн. прор., предтечі і хрестителя Господнього Івана Блаж. сщмч. Миколи Цегельського, пресвіт.","чéсного і слáвного прорóка, предтéчі і хрестителя Госпóднього Івáна, якóго трéтього віднáйдення чéсноï голови пáм’ять сьогóдні свíтло звéршуємо, блаженного священномученика Миколи Цегельського, пресвітера",ні,,,,#N/A,#N/A,,
Травень,26.05,3,ср,"Св. ап. Карпа, одного із сімдесятьох","святого апостола Карпа, одного із сімдесятьох",ні,,,,#N/A,#N/A,,
Травень,27.05,4,чт,Св. сщмч. Терапонта,святого священномученика Терапонта,ні,,,,#N/A,#N/A,,
Травень,28.05,5,пт,"Прп. Микити, єп. Халкедонського","преподобного отця нашого Микити, єпископа Халкедонського",ні,,,,#N/A,#N/A,,
Травень,29.05,6,сб,"Віддання Вознесіння Св. прпмц. Теодосії, діви","святої преподобномучениці Теодосії, діви",ні,,,,#N/A,#N/A,,
Травень,30.05,7,нд,"Субота заупокійна Прп. Ісаакія, ігум. обителі Далматської","преподобного отця нашого Ісаакія, ігумена обителі Далматської",ні,,,,#N/A,#N/A,,
Травень,31.05,1,пн,🕀 Зіслання Святого Духа. П’ятдесятниця Св. ап. Єрмія Св. мч. Єрмея,"святого апостола Єрмія, святого мученика Єрмея",ні,,,,#N/A,#N/A,,
Червень,01.06,2,вв,"Понеділок Святого Духа Св. мч. Юстина, філософа, і тих, що з ним","святого мученика Юстина, філософа, і тих, що з ним",так,посвяття,,,#N/A,#N/A, ,"46 539,00"
Червень,02.06,3,ср,"Св. Никифора, ісп.","святого отця нашого Никифора, ісповідника",так,посвяття,,,#N/A,#N/A, ,"46 540,00"
Червень,03.06,4,чт,"Св. мч. Лукиліяна і тих, що з ним","святого мученика Лукиліяна і тих, що з ним",так,посвяття,,,#N/A,#N/A, ,"46 541,00"
Червень,04.06,5,пт,"Св. Митрофана, патр. Царгородського","святого отця нашого Митрофана, патріарха Царгородського",так,посвяття,,,#N/A,#N/A, ,"46 542,00"
Червень,05.06,6,сб,"Св. сщмч. Доротея, єп. Тирського Св. мч. Косми, пресвіт. вірменського","святого священномученика Доротея, єпископа Тирського, святого мученика Косми, пресвітера вірменського,",так,посвяття,,,#N/A,#N/A, ,"46 543,00"
Червень,06.06,7,нд,"Прп. Висаріона, чудотв. Прп. Іларіона Нового, ігум. Далматської обителі, ісп.","преподобного отця нашого Висаріона, чудотворця, преподобного Іларіона Нового, ігумена Далматської обителі, ісповідника",так,віддання,,,#N/A,#N/A,,"46 544,00"
Червень,07.06,1,пн,"Неділя 1-ша по Зісланні Святого Духа. Всіх святих Св. сщмч. Теодота (Богдана), єп. Анкирського","святого священномученика Теодота (Богдана), єпископа Анкирського",ні,,,,"Священник: Христос, істинний Бог наш - молитвами пречистої Своєї Матері, заступництвом чесних небесних сил безтілесних, святих славних і всехвальних апостолів, святого отця нашого Івана Золотоустого, архиєпископа Константинополя, і святого, якого є храм, і святого священномученика Теодота (Богдана), єпископа Анкирського, і всіх святих - помилує і спасе нас як благий і людинолюбний.","Священник: Христос, істинний Бог наш - молитвами пречистої Своєї Матері, заступництвом чесних небесних сил безтілесних, святих славних і всехвальних апостолів, і святого, якого є храм, і святого священномученика Теодота (Богдана), єпископа Анкирського, і всіх святих - помилує і спасе нас як благий і людинолюбний.",,"46 545,00"
Червень,08.06,2,вв,🕃 Перенесення мощів св. вмч. Теодора Стратилата,"святого великомученика Теодора Стратилата, що його перенесення мощів сьогодні пам'ять звершуємо",ні,,,,"Священник: Христос, істинний Бог наш - молитвами пречистої Своєї Матері, чесного і славного пророка, предтечі і хрестителя Івана, святих славних і всехвальних апостолів, святого отця нашого Івана Золотоустого, архиєпископа Константинополя, і святого, якого є храм, і святого великомученика Теодора Стратилата, що його перенесення мощів сьогодні пам'ять звершуємо, і всіх святих - помилує і спасе нас як благий і людинолюбний.","Священник: Христос, істинний Бог наш - молитвами пречистої Своєї Матері, чесного і славного пророка, предтечі і хрестителя Івана, святих славних і всехвальних апостолів, і святого, якого є храм, і святого великомученика Теодора Стратилата, що його перенесення мощів сьогодні пам'ять звершуємо, і всіх святих - помилує і спасе нас як благий і людинолюбний.",,
Червень,09.06,3,ср,"🕃 Св. Кирила, архиєп. Олександрійського","святого отця нашого Кирила, архиєпископа Олександрійського",ні,,,,"Священник: Христос, істинний Бог наш - молитвами пречистої Своєї Матері, силою чесного і животворчого хреста, заступництвом святих славних і всехвальних апостолів, святого отця нашого Івана Золотоустого, архиєпископа Константинополя, і святого, якого є храм, і святого отця нашого Кирила, архиєпископа Олександрійського, і всіх святих - помилує і спасе нас як благий і людинолюбний.","Священник: Христос, істинний Бог наш - молитвами пречистої Своєї Матері, силою чесного і животворчого хреста, заступництвом святих славних і всехвальних апостолів, і святого, якого є храм, і святого отця нашого Кирила, архиєпископа Олександрійського, і всіх святих - помилує і спасе нас як благий і людинолюбний.",,
Червень,10.06,4,чт,"Св. сщмч. Тимотея, єп. Пруського","святого священномученика Тимотея, єпископа Пруського",ні,,,,"Священник: Христос, істинний Бог наш - молитвами пречистої Своєї Матері, святих славних і всехвальних апостолів, святого отця нашого Миколая, архиєпископа Мир Ликійських, чудотворця, святого отця нашого Івана Золотоустого, архиєпископа Константинополя, і святого, якого є храм, і святого священномученика Тимотея, єпископа Пруського, і всіх святих - помилує і спасе нас як благий і людинолюбний.","Священник: Христос, істинний Бог наш - молитвами пречистої Своєї Матері, святих славних і всехвальних апостолів, святого отця нашого Миколая, архиєпископа Мир Ликійських, чудотворця, і святого, якого є храм, і святого священномученика Тимотея, єпископа Пруського, і всіх святих - помилує і спасе нас як благий і людинолюбний.",,
Червень,11.06,5,пт,🕀 Торжественне поклоніння пречистим Тайнам Тіла і Крови Господа нашого Ісуса Христа 🕂 Свв. апп. Вартоломея й Варнави,"святих апостолів Вартоломея й Варнави, яких сьогодні пам'ять світло звершуємо",так,свято,,,#N/A,#N/A,#N/A,
Червень,12.06,6,сб,🕃 Прп. Онуфрія Великого Прп. Петра Афонського,"преподобного отця нашого Онуфрія Великого, преподобного отця нашого Петра Афонського",ні,,,,"Священник: Христос, істинний Бог наш - молитвами пречистої Своєї Матері, силою чесного і животворчого Хреста, заступництвом чесних небесних сил безтілесних, чесного і славного пророка, предтечі і хрестителя Івана, святих славних і всехвальних апостолів, святого отця нашого Миколая, архиєпископа Мир Ликійських, чудотворця, святих славних і переможних мучеників, преподобних і богоносних отців наших, святого отця нашого Івана Золотоустого, архиєпископа Константинополя, святих і праведних богоотців Йоакима й Анни, і святого, якого є храм, і преподобного отця нашого Онуфрія Великого, преподобного отця нашого Петра Афонського, і всіх святих - помилує і спасе нас як благий і людинолюбний.","Священник: Христос, істинний Бог наш - молитвами пречистої Своєї Матері, силою чесного і животворчого Хреста, заступництвом чесних небесних сил безтілесних, чесного і славного пророка, предтечі і хрестителя Івана, святих славних і всехвальних апостолів, святого отця нашого Миколая, архиєпископа Мир Ликійських, чудотворця, святих славних і переможних мучеників, преподобних і богоносних отців наших, святих і праведних богоотців Йоакима й Анни, і святого, якого є храм, і преподобного отця нашого Онуфрія Великого, преподобного отця нашого Петра Афонського, і всіх святих - помилує і спасе нас як благий і людинолюбний.",,
Червень,13.06,7,нд,"Св. мц. Акилини Св. Трифилія, єп. Левкусії Кипрської Прп. Антонія Падуанського","святої мучениці Акилини, святого Трифилія, єпископа Левкусії Кипрської, преподобного отця нашого Антонія Падуанського",ні,,,,"Священник: Христос, що воскрес із мертвих, істинний Бог наш - молитвами пречистої Своєї Матері, святих славних і всехвальних апостолів, святого отця нашого Івана Золотоустого, архиєпископа Константинополя, і святого, якого є храм, і святої мучениці Акилини, святого Трифилія, єпископа Левкусії Кипрської, преподобного отця нашого Антонія Падуанського, і всіх святих - помилує і спасе нас як благий і людинолюбний.","Священник: Христос, що воскрес із мертвих, істинний Бог наш - молитвами пречистої Своєї Матері, святих славних і всехвальних апостолів, і святого, якого є храм, і святої мучениці Акилини, святого Трифилія, єпископа Левкусії Кипрської, преподобного отця нашого Антонія Падуанського, і всіх святих - помилує і спасе нас як благий і людинолюбний.",,
Червень,14.06,1,пн,"Неділя 2-га по Зісланні Святого Духа. Всіх святих українського народу. Св. прор. Єлисея Св. Методія, патр. Царгородського","святого пророка Єлисея, святого отця нашого Методія, патріарха Царгородського",ні,,,,#N/A,#N/A,,
Червень,15.06,2,вв,"Св. прор. Амоса Прп. Єроніма, пресвіт. Стридонського","святого пророка Амоса, преподобного Єроніма, пресвітера Стридонського",ні,,,,"Священник: Христос, істинний Бог наш - молитвами пречистої Своєї Матері, чесного і славного пророка, предтечі і хрестителя Івана, святих славних і всехвальних апостолів, святого отця нашого Івана Золотоустого, архиєпископа Константинополя, і святого, якого є храм, і святого пророка Амоса, преподобного Єроніма, пресвітера Стридонського, і всіх святих - помилує і спасе нас як благий і людинолюбний.","Священник: Христос, істинний Бог наш - молитвами пречистої Своєї Матері, чесного і славного пророка, предтечі і хрестителя Івана, святих славних і всехвальних апостолів, і святого, якого є храм, і святого пророка Амоса, преподобного Єроніма, пресвітера Стридонського, і всіх святих - помилує і спасе нас як благий і людинолюбний.",,
Червень,16.06,3,ср,Св. і чудотв. Тихона Аматунтського,святого отця нашого і чудотворця Тихона Аматунтського,ні,,,,"Священник: Христос, істинний Бог наш - молитвами пречистої Своєї Матері, силою чесного і животворчого хреста, заступництвом святих славних і всехвальних апостолів, святого отця нашого Івана Золотоустого, архиєпископа Константинополя, і святого, якого є храм, і святого отця нашого і чудотворця Тихона Аматунтського, і всіх святих - помилує і спасе нас як благий і людинолюбний.","Священник: Христос, істинний Бог наш - молитвами пречистої Своєї Матері, силою чесного і животворчого хреста, заступництвом святих славних і всехвальних апостолів, і святого, якого є храм, і святого отця нашого і чудотворця Тихона Аматунтського, і всіх святих - помилує і спасе нас як благий і людинолюбний.",,
Червень,17.06,4,чт,"Свв. мчч. Мануїла, Савела й Ісмаїла Прп. Іпатія, ігум. Руфеніанського","святих мучеників Мануїла, Савела й Ісмаїла, преподобного отця нашого Іпатія, ігумена Руфеніанського",ні,,,,"Священник: Христос, істинний Бог наш - молитвами пречистої Своєї Матері, святих славних і всехвальних апостолів, святого отця нашого Миколая, архиєпископа Мир Ликійських, чудотворця, святого отця нашого Івана Золотоустого, архиєпископа Константинополя, і святого, якого є храм, і святих мучеників Мануїла, Савела й Ісмаїла, преподобного отця нашого Іпатія, ігумена Руфеніанського, і всіх святих - помилує і спасе нас як благий і людинолюбний.","Священник: Христос, істинний Бог наш - молитвами пречистої Своєї Матері, святих славних і всехвальних апостолів, святого отця нашого Миколая, архиєпископа Мир Ликійських, чудотворця, і святого, якого є храм, і святих мучеників Мануїла, Савела й Ісмаїла, преподобного отця нашого Іпатія, ігумена Руфеніанського, і всіх святих - помилує і спасе нас як благий і людинолюбний.",,
Червень,18.06,5,пт,Св. мч. Леонтія,святого мученика Леонтія,ні,,,,"Священник: Христос, істинний Бог наш - молитвами пречистої Своєї Матері, силою чесного і животворчого хреста, заступництвом святих славних і всехвальних апостолів, святого отця нашого Івана Золотоустого, архиєпископа Константинополя, і святого, якого є храм, і святого мученика Леонтія, і всіх святих - помилує і спасе нас як благий і людинолюбний.","Священник: Христос, істинний Бог наш - молитвами пречистої Своєї Матері, силою чесного і животворчого хреста, заступництвом святих славних і всехвальних апостолів, і святого, якого є храм, і святого мученика Леонтія, і всіх святих - помилує і спасе нас як благий і людинолюбний.",,
Червень,19.06,6,сб,"🕀 Свято найсолодшого Господа Бога і Спаса нашого Ісуса Христа – Чоловіколюбця 🕂 Св. ап. Юди, брата Господнього","святого апостола Юди, брата Господнього, якого сьогодні пам'ять світло звершуємо",так,свято,,,#N/A,#N/A,#N/A,
Червень,20.06,7,нд,"🕃 Сострадання Пресвятої Богородиці Св. сщмч. Методія, єп. Патарського","святого священномученика Методія, єпископа Патарського",ні,,,,"Священник: Христос, що воскрес із мертвих, істинний Бог наш - молитвами пречистої Своєї Матері, святих славних і всехвальних апостолів, святого отця нашого Івана Золотоустого, архиєпископа Константинополя, і святого, якого є храм, і святого священномученика Методія, єпископа Патарського, і всіх святих - помилує і спасе нас як благий і людинолюбний.","Священник: Христос, що воскрес із мертвих, істинний Бог наш - молитвами пречистої Своєї Матері, святих славних і всехвальних апостолів, і святого, якого є храм, і святого священномученика Методія, єпископа Патарського, і всіх святих - помилує і спасе нас як благий і людинолюбний.",,
Червень,21.06,1,пн,Неділя 3-тя по Зісланні Святого Духа. Св. мч. Юліана Тарсійського,святого мученика Юліана Тарсійського,ні,,,,"Священник: Христос, істинний Бог наш - молитвами пречистої Своєї Матері, заступництвом чесних небесних сил безтілесних, святих славних і всехвальних апостолів, святого отця нашого Івана Золотоустого, архиєпископа Константинополя, і святого, якого є храм, і святого мученика Юліана Тарсійського, і всіх святих - помилує і спасе нас як благий і людинолюбний.","Священник: Христос, істинний Бог наш - молитвами пречистої Своєї Матері, заступництвом чесних небесних сил безтілесних, святих славних і всехвальних апостолів, і святого, якого є храм, і святого мученика Юліана Тарсійського, і всіх святих - помилує і спасе нас як благий і людинолюбний.",,
Червень,22.06,2,вв,"Св. сщмч. Євсевія, єп. Самосатського","святого священномученика Євсевія, єпископа Самосатського",ні,,,,"Священник: Христос, істинний Бог наш - молитвами пречистої Своєї Матері, чесного і славного пророка, предтечі і хрестителя Івана, святих славних і всехвальних апостолів, святого отця нашого Івана Золотоустого, архиєпископа Константинополя, і святого, якого є храм, і святого священномученика Євсевія, єпископа Самосатського, і всіх святих - помилує і спасе нас як благий і людинолюбний.","Священник: Христос, істинний Бог наш - молитвами пречистої Своєї Матері, чесного і славного пророка, предтечі і хрестителя Івана, святих славних і всехвальних апостолів, і святого, якого є храм, і святого священномученика Євсевія, єпископа Самосатського, і всіх святих - помилує і спасе нас як благий і людинолюбний.",,
Червень,23.06,3,ср,Св. мц. Агрипіни,святої мучениці Агрипіни,ні,,,,"Священник: Христос, істинний Бог наш - молитвами пречистої Своєї Матері, силою чесного і животворчого хреста, заступництвом святих славних і всехвальних апостолів, святого отця нашого Івана Золотоустого, архиєпископа Константинополя, і святого, якого є храм, і святої мучениці Агрипіни, і всіх святих - помилує і спасе нас як благий і людинолюбний.","Священник: Христос, істинний Бог наш - молитвами пречистої Своєї Матері, силою чесного і животворчого хреста, заступництвом святих славних і всехвальних апостолів, і святого, якого є храм, і святої мучениці Агрипіни, і всіх святих - помилує і спасе нас як благий і людинолюбний.",,
Червень,24.06,4,чт,"🕀 Різдво чесного і славн. прор., предтечі і хрестителя Господнього Івана",,так,свято,,,#N/A,#N/A,#N/A,
Червень,25.06,5,пт,Св. прпмц. Февронії,святої преподобномучениці Февронії,так,посвяття,,,#N/A,#N/A,#N/A,
Червень,26.06,6,сб,"Прп. Давида, що в Солуні Блаж. сщмч. Андрія Іщака, пресвіт. Блаж. сщмч. Миколи Конрада, пресвіт., і мч. Володимира Прийми, співця","преподобного отця нашого Давида, що в Солуні, блаженного священномученика Андрія Іщака, пресвітера, блаженних священномученика Миколи Конрада, пресвітера, і мученика Володимира Прийми, співця",ні,,,,"Священник: Христос, істинний Бог наш - молитвами пречистої Своєї Матері, силою чесного і животворчого Хреста, заступництвом чесних небесних сил безтілесних, чесного і славного пророка, предтечі і хрестителя Івана, святих славних і всехвальних апостолів, святого отця нашого Миколая, архиєпископа Мир Ликійських, чудотворця, святих славних і переможних мучеників, преподобних і богоносних отців наших, святого отця нашого Івана Золотоустого, архиєпископа Константинополя, святих і праведних богоотців Йоакима й Анни, і святого, якого є храм, і преподобного отця нашого Давида, що в Солуні, блаженного священномученика Андрія Іщака, пресвітера, блаженних священномученика Миколи Конрада, пресвітера, і мученика Володимира Прийми, співця, і всіх святих - помилує і спасе нас як благий і людинолюбний.","Священник: Христос, істинний Бог наш - молитвами пречистої Своєї Матері, силою чесного і животворчого Хреста, заступництвом чесних небесних сил безтілесних, чесного і славного пророка, предтечі і хрестителя Івана, святих славних і всехвальних апостолів, святого отця нашого Миколая, архиєпископа Мир Ликійських, чудотворця, святих славних і переможних мучеників, преподобних і богоносних отців наших, святих і праведних богоотців Йоакима й Анни, і святого, якого є храм, і преподобного отця нашого Давида, що в Солуні, блаженного священномученика Андрія Іщака, пресвітера, блаженних священномученика Миколи Конрада, пресвітера, і мученика Володимира Прийми, співця, і всіх святих - помилує і спасе нас як благий і людинолюбний.",,
Червень,27.06,7,нд,"🕁 Блаж. сщмч. Миколая Чарнецького і двадцяти чотирьох співмучеників; блаженного сщмч. Омеляна Ковча Прп. Сампсона, приятеля подорожніх й убогих","блаженного священномученика Миколая Чарнецького і двадцяти чотирьох співмучеників, яких сьогодні пам'ять світло звершуємо, блаженного священномученика Омеляна Ковча, преподобного отця нашого Сампсона, приятеля подорожніх й убогих",так,свято,,,#VALUE!,#VALUE!,#N/A,
Червень,28.06,1,пн,Неділя 4-та по Зісланні Святого Духа. 🕃 Перенесення мощів свв. безср. Кира і Івана,"святих безсрібників Кира і Івана, яких перенесення мощів сьогодні пам'ять звершуємо,",ні,,,,"Священник: Христос, істинний Бог наш - молитвами пречистої Своєї Матері, заступництвом чесних небесних сил безтілесних, святих славних і всехвальних апостолів, святого отця нашого Івана Золотоустого, архиєпископа Константинополя, і святого, якого є храм, і святих безсрібників Кира і Івана, яких перенесення мощів сьогодні пам'ять звершуємо,, і всіх святих - помилує і спасе нас як благий і людинолюбний.","Священник: Христос, істинний Бог наш - молитвами пречистої Своєї Матері, заступництвом чесних небесних сил безтілесних, святих славних і всехвальних апостолів, і святого, якого є храм, і святих безсрібників Кира і Івана, яких перенесення мощів сьогодні пам'ять звершуємо,, і всіх святих - помилує і спасе нас як благий і людинолюбний.",,
Червень,29.06,2,вв,🕀 Свв. славних і всехвальних первоверховних апп. Петра й Павла,,так,свято,,,#N/A,#N/A,#N/A,
Червень,30.06,3,ср,🕂 Собор свв. славних і всехвальних дванадцяти апп. Блаж. сщмч. Василія Величковського,блаженного священномученика Василія Величковського,так,свято,,,#N/A,#N/A,#N/A,
Липень,01.07,4,чт,🕃 Свв. безср. і чудотв. Косми й Дам’яна,святих безсрібників і чудотворців Косми й Дам’яна,ні,,,,"Священник: Христос, істинний Бог наш - молитвами пречистої Своєї Матері, святих славних і всехвальних апостолів, святого отця нашого Миколая, архиєпископа Мир Ликійських, чудотворця, святого отця нашого Івана Золотоустого, архиєпископа Константинополя, і святого, якого є храм, і святих безсрібників і чудотворців Косми й Дам’яна, і всіх святих - помилує і спасе нас як благий і людинолюбний.","Священник: Христос, істинний Бог наш - молитвами пречистої Своєї Матері, святих славних і всехвальних апостолів, святого отця нашого Миколая, архиєпископа Мир Ликійських, чудотворця, і святого, якого є храм, і святих безсрібників і чудотворців Косми й Дам’яна, і всіх святих - помилує і спасе нас як благий і людинолюбний.",,
Липень,02.07,5,пт,🕂 Положення чесної ризи Пресвятої Владичиці нашої Богородиці у Влахерні,,так,свято,,,#N/A,#N/A,#N/A,
Липень,03.07,6,сб,Св. мч. Якинта,святого мученика Якинта,ні,,,,"Священник: Христос, істинний Бог наш - молитвами пречистої Своєї Матері, силою чесного і животворчого Хреста, заступництвом чесних небесних сил безтілесних, чесного і славного пророка, предтечі і хрестителя Івана, святих славних і всехвальних апостолів, святого отця нашого Миколая, архиєпископа Мир Ликійських, чудотворця, святих славних і переможних мучеників, преподобних і богоносних отців наших, святого отця нашого Івана Золотоустого, архиєпископа Константинополя, святих і праведних богоотців Йоакима й Анни, і святого, якого є храм, і святого мученика Якинта, і всіх святих - помилує і спасе нас як благий і людинолюбний.","Священник: Христос, істинний Бог наш - молитвами пречистої Своєї Матері, силою чесного і животворчого Хреста, заступництвом чесних небесних сил безтілесних, чесного і славного пророка, предтечі і хрестителя Івана, святих славних і всехвальних апостолів, святого отця нашого Миколая, архиєпископа Мир Ликійських, чудотворця, святих славних і переможних мучеників, преподобних і богоносних отців наших, святих і праведних богоотців Йоакима й Анни, і святого, якого є храм, і святого мученика Якинта, і всіх святих - помилує і спасе нас як благий і людинолюбний.",,
Липень,04.07,7,нд,"Св. Андрія, архиєп. Критського, єрусалимлянина Прп. Марти, матері св. Симеона Дивногорця","святого отця нашого Андрія, архиєпископа Критського, єрусалимлянина, преподобної Марти, матері святого Симеона Дивногорця",ні,,,,"Священник: Христос, що воскрес із мертвих, істинний Бог наш - молитвами пречистої Своєї Матері, святих славних і всехвальних апостолів, святого отця нашого Івана Золотоустого, архиєпископа Константинополя, і святого, якого є храм, і святого отця нашого Андрія, архиєпископа Критського, єрусалимлянина, преподобної Марти, матері святого Симеона Дивногорця, і всіх святих - помилує і спасе нас як благий і людинолюбний.","Священник: Христос, що воскрес із мертвих, істинний Бог наш - молитвами пречистої Своєї Матері, святих славних і всехвальних апостолів, і святого, якого є храм, і святого отця нашого Андрія, архиєпископа Критського, єрусалимлянина, преподобної Марти, матері святого Симеона Дивногорця, і всіх святих - помилує і спасе нас як благий і людинолюбний.",,
Липень,05.07,1,пн,🕁 Свято Матері Божої Неустанної Помочі 🕂 Прп. Атанасія Афонського,"преподобного отця нашого Атанасія Афонського, якого сьогодні пам'ять світло звершуємо",так,свято,,,#N/A,#N/A,#N/A,
Липень,06.07,2,вв,Прп. Сисоя Великого,преподобного отця нашого Сисоя Великого,ні,,,,"Священник: Христос, істинний Бог наш - молитвами пречистої Своєї Матері, чесного і славного пророка, предтечі і хрестителя Івана, святих славних і всехвальних апостолів, святого отця нашого Івана Золотоустого, архиєпископа Константинополя, і святого, якого є храм, і преподобного отця нашого Сисоя Великого, і всіх святих - помилує і спасе нас як благий і людинолюбний.","Священник: Христос, істинний Бог наш - молитвами пречистої Своєї Матері, чесного і славного пророка, предтечі і хрестителя Івана, святих славних і всехвальних апостолів, і святого, якого є храм, і преподобного отця нашого Сисоя Великого, і всіх святих - помилує і спасе нас як благий і людинолюбний.",,
Липень,07.07,3,ср,"Прпп. Томи, що в Малеї, і Акакія, про якого згадує «Ліствиця»","преподобних отців наших Томи, що в Малеї, і Акакія, про якого згадує «Ліствиця»",ні,,,,"Священник: Христос, істинний Бог наш - молитвами пречистої Своєї Матері, силою чесного і животворчого хреста, заступництвом святих славних і всехвальних апостолів, святого отця нашого Івана Золотоустого, архиєпископа Константинополя, і святого, якого є храм, і преподобних отців наших Томи, що в Малеї, і Акакія, про якого згадує «Ліствиця», і всіх святих - помилує і спасе нас як благий і людинолюбний.","Священник: Христос, істинний Бог наш - молитвами пречистої Своєї Матері, силою чесного і животворчого хреста, заступництвом святих славних і всехвальних апостолів, і святого, якого є храм, і преподобних отців наших Томи, що в Малеї, і Акакія, про якого згадує «Ліствиця», і всіх святих - помилує і спасе нас як благий і людинолюбний.",,
Липень,08.07,4,чт,🕃 Св. вмч. Прокопія,святого великомученика Прокопія,ні,,,,"Священник: Христос, істинний Бог наш - молитвами пречистої Своєї Матері, святих славних і всехвальних апостолів, святого отця нашого Миколая, архиєпископа Мир Ликійських, чудотворця, святого отця нашого Івана Золотоустого, архиєпископа Константинополя, і святого, якого є храм, і святого великомученика Прокопія, і всіх святих - помилує і спасе нас як благий і людинолюбний.","Священник: Христос, істинний Бог наш - молитвами пречистої Своєї Матері, святих славних і всехвальних апостолів, святого отця нашого Миколая, архиєпископа Мир Ликійських, чудотворця, і святого, якого є храм, і святого великомученика Прокопія, і всіх святих - помилує і спасе нас як благий і людинолюбний.",,
Липень,09.07,5,пт,"Св. сщмч. Панкратія, єп. Тавроменійського","святого священномученика Панкратія, єпископа Тавроменійського",ні,,,,"Священник: Христос, істинний Бог наш - молитвами пречистої Своєї Матері, силою чесного і животворчого хреста, заступництвом святих славних і всехвальних апостолів, святого отця нашого Івана Золотоустого, архиєпископа Константинополя, і святого, якого є храм, і святого священномученика Панкратія, єпископа Тавроменійського, і всіх святих - помилує і спасе нас як благий і людинолюбний.","Священник: Христос, істинний Бог наш - молитвами пречистої Своєї Матері, силою чесного і животворчого хреста, заступництвом святих славних і всехвальних апостолів, і святого, якого є храм, і святого священномученика Панкратія, єпископа Тавроменійського, і всіх святих - помилує і спасе нас як благий і людинолюбний.",,
Липень,10.07,6,сб,"🕂 Прп. Антонія Печерського, Київського Свв. сорока п’ятьох мчч., що в Нікополі Вірменському Свв. братів-мчч. Франциска, Мутія і Рафаїла і тих, що з ними вбиті в Дамаску","преподобного отця нашого Антонія Печерського, Київського, якого сьогодні пам'ять світло звершуємо, святих сорока п’ятьох мучеників, що в Нікополі Вірменському, святих братів-мучеників Франциска, Мутія і Рафаїла і тих, що з ними вбиті в Дамаску",так,свято,,,#N/A,#N/A,#N/A,
Липень,11.07,7,нд,"🕂 Переставл. блаж. Ольги, княгині Київської, у хрещенні названої Оленою 🕃 Св. мц. і прехвальної Євфимії","переставлення блаженної Ольги, княгині Київської, у хрещенні названої Оленою, якої сьогодні пам'ять світло звершуємо, святої мучениці і прехвальної Євфимії",так,свято,,,#VALUE!,#VALUE!,#N/A,
Липень,12.07,1,пн,Неділя 6-та по Зісланні Святого Духа. Свв. мчч. Прокла й Іларія Прп. Михаїла Малеїна,"святих мучеників Прокла й Іларія, преподобного отця нашого Михаїла Малеїна",ні,,,,"Священник: Христос, істинний Бог наш - молитвами пречистої Своєї Матері, заступництвом чесних небесних сил безтілесних, святих славних і всехвальних апостолів, святого отця нашого Івана Золотоустого, архиєпископа Константинополя, і святого, якого є храм, і святих мучеників Прокла й Іларія, преподобного отця нашого Михаїла Малеїна, і всіх святих - помилує і спасе нас як благий і людинолюбний.","Священник: Христос, істинний Бог наш - молитвами пречистої Своєї Матері, заступництвом чесних небесних сил безтілесних, святих славних і всехвальних апостолів, і святого, якого є храм, і святих мучеників Прокла й Іларія, преподобного отця нашого Михаїла Малеїна, і всіх святих - помилує і спасе нас як благий і людинолюбний.",,
Липень,13.07,2,вв,"🕃 Собор св. архангела Гавриїла Прп. Стефана Савваїта Св. Юліана, єп. Кеноманійського","святого архангела Гавриїла, що його собору пам'ять сьогодні звершуємо, преподобного отця нашого Стефана Савваїта, святого отця нашого Юліана, єпископа Кеноманійського",ні,,,,"Священник: Христос, істинний Бог наш - молитвами пречистої Своєї Матері, чесного і славного пророка, предтечі і хрестителя Івана, святих славних і всехвальних апостолів, святого отця нашого Івана Золотоустого, архиєпископа Константинополя, і святого, якого є храм, і святого архангела Гавриїла, що його собору пам'ять сьогодні звершуємо, преподобного отця нашого Стефана Савваїта, святого отця нашого Юліана, єпископа Кеноманійського, і всіх святих - помилує і спасе нас як благий і людинолюбний.","Священник: Христос, істинний Бог наш - молитвами пречистої Своєї Матері, чесного і славного пророка, предтечі і хрестителя Івана, святих славних і всехвальних апостолів, і святого, якого є храм, і святого архангела Гавриїла, що його собору пам'ять сьогодні звершуємо, преподобного отця нашого Стефана Савваїта, святого отця нашого Юліана, єпископа Кеноманійського, і всіх святих - помилує і спасе нас як благий і людинолюбний.",,
Липень,14.07,3,ср,🕃 Св. ап. Акили,"святого апостола Акили, святих отців шести Вселенських Соборів",ні,,,,"Священник: Христос, істинний Бог наш - молитвами пречистої Своєї Матері, силою чесного і животворчого хреста, заступництвом святих славних і всехвальних апостолів, святого отця нашого Івана Золотоустого, архиєпископа Константинополя, і святого, якого є храм, і святого апостола Акили, святих отців шести Вселенських Соборів, і всіх святих - помилує і спасе нас як благий і людинолюбний.","Священник: Христос, істинний Бог наш - молитвами пречистої Своєї Матері, силою чесного і животворчого хреста, заступництвом святих славних і всехвальних апостолів, і святого, якого є храм, і святого апостола Акили, святих отців шести Вселенських Соборів, і всіх святих - помилує і спасе нас як благий і людинолюбний.",,
Липень,15.07,4,чт,"🕁 Св. рівноап., вел. князя Володимира, у святому хрещенні названого Василієм Свв. мчч. Кирика і Юліти","святого рівноапостольного, великого князя Володимира, у святому хрещенні названого Василієм, якого сьогодні пам'ять світло звершуємо, святих мучеників Кирика і Юліти",так,свято,,,#N/A,#N/A,#N/A,
Липень,16.07,5,пт,Св. сщмч. Атеногена і десятьох учнів його,святого священномученика Атеногена і десятьох учнів його,ні,,,,"Священник: Христос, істинний Бог наш - молитвами пречистої Своєї Матері, силою чесного і животворчого хреста, заступництвом святих славних і всехвальних апостолів, святого отця нашого Івана Золотоустого, архиєпископа Константинополя, і святого, якого є храм, і святого священномученика Атеногена і десятьох учнів його, і всіх святих - помилує і спасе нас як благий і людинолюбний.","Священник: Христос, істинний Бог наш - молитвами пречистої Своєї Матері, силою чесного і животворчого хреста, заступництвом святих славних і всехвальних апостолів, і святого, якого є храм, і святого священномученика Атеногена і десятьох учнів його, і всіх святих - помилує і спасе нас як благий і людинолюбний.",,
Липень,17.07,6,сб,"🕃 Св. вмц. Марини Блаж. сщмч. Павла Гойдича, єп. Пряшівського","святої великомучениці Марини, блаженного священномученика Павла Гойдича, єпископа Пряшівського",ні,,,,"Священник: Христос, істинний Бог наш - молитвами пречистої Своєї Матері, силою чесного і животворчого Хреста, заступництвом чесних небесних сил безтілесних, чесного і славного пророка, предтечі і хрестителя Івана, святих славних і всехвальних апостолів, святого отця нашого Миколая, архиєпископа Мир Ликійських, чудотворця, святих славних і переможних мучеників, преподобних і богоносних отців наших, святого отця нашого Івана Золотоустого, архиєпископа Константинополя, святих і праведних богоотців Йоакима й Анни, і святого, якого є храм, і святої великомучениці Марини, блаженного священномученика Павла Гойдича, єпископа Пряшівського, і всіх святих - помилує і спасе нас як благий і людинолюбний.","Священник: Христос, істинний Бог наш - молитвами пречистої Своєї Матері, силою чесного і животворчого Хреста, заступництвом чесних небесних сил безтілесних, чесного і славного пророка, предтечі і хрестителя Івана, святих славних і всехвальних апостолів, святого отця нашого Миколая, архиєпископа Мир Ликійських, чудотворця, святих славних і переможних мучеників, преподобних і богоносних отців наших, святих і праведних богоотців Йоакима й Анни, і святого, якого є храм, і святої великомучениці Марини, блаженного священномученика Павла Гойдича, єпископа Пряшівського, і всіх святих - помилує і спасе нас як благий і людинолюбний.",,
Липень,18.07,7,нд,"Св. мч. Якинта, що в Амастриді Св. мч. Еміліяна Блаж. прпмц. Тарсикії Мацьків","святого мученика Якинта, що в Амастриді, святого мученика Еміліяна, блаженної преподобномучениці Тарсикії Мацьків",ні,,,,"Священник: Христос, що воскрес із мертвих, істинний Бог наш - молитвами пречистої Своєї Матері, святих славних і всехвальних апостолів, святого отця нашого Івана Золотоустого, архиєпископа Константинополя, і святого, якого є храм, і святого мученика Якинта, що в Амастриді, святого мученика Еміліяна, блаженної преподобномучениці Тарсикії Мацьків, і всіх святих - помилує і спасе нас як благий і людинолюбний.","Священник: Христос, що воскрес із мертвих, істинний Бог наш - молитвами пречистої Своєї Матері, святих славних і всехвальних апостолів, і святого, якого є храм, і святого мученика Якинта, що в Амастриді, святого мученика Еміліяна, блаженної преподобномучениці Тарсикії Мацьків, і всіх святих - помилує і спасе нас як благий і людинолюбний.",,
Липень,19.07,1,пн,"Неділя 7-та, святих отців шести Вселенських Соборів. Прп. Макрини, сестри св. Василія Великого Прп. Дія","преподобної матері нашої Макрини, сестри святого Василія Великого, преподобного отця нашого Дія",ні,,,,"Священник: Христос, істинний Бог наш - молитвами пречистої Своєї Матері, заступництвом чесних небесних сил безтілесних, святих славних і всехвальних апостолів, святого отця нашого Івана Золотоустого, архиєпископа Константинополя, і святого, якого є храм, і преподобної матері нашої Макрини, сестри святого Василія Великого, преподобного отця нашого Дія, і всіх святих - помилує і спасе нас як благий і людинолюбний.","Священник: Христос, істинний Бог наш - молитвами пречистої Своєї Матері, заступництвом чесних небесних сил безтілесних, святих славних і всехвальних апостолів, і святого, якого є храм, і преподобної матері нашої Макрини, сестри святого Василія Великого, преподобного отця нашого Дія, і всіх святих - помилує і спасе нас як благий і людинолюбний.",,
Липень,20.07,2,вв,🕁 Св. славн. прор. Іллі,,так,свято,,,#N/A,#N/A,#N/A,
Липень,21.07,3,ср,"Прпп. Симеона, Христа ради юродивого, та Івана, співпосника його Св. прор. Єзекиїла","преподобних отців наших Симеона, Христа ради юродивого, та Івана, співпосника його, святого пророка Єзекиїла",ні,,,,"Священник: Христос, істинний Бог наш - молитвами пречистої Своєї Матері, силою чесного і животворчого хреста, заступництвом святих славних і всехвальних апостолів, святого отця нашого Івана Золотоустого, архиєпископа Константинополя, і святого, якого є храм, і преподобних отців наших Симеона, Христа ради юродивого, та Івана, співпосника його, святого пророка Єзекиїла, і всіх святих - помилує і спасе нас як благий і людинолюбний.","Священник: Христос, істинний Бог наш - молитвами пречистої Своєї Матері, силою чесного і животворчого хреста, заступництвом святих славних і всехвальних апостолів, і святого, якого є храм, і преподобних отців наших Симеона, Христа ради юродивого, та Івана, співпосника його, святого пророка Єзекиїла, і всіх святих - помилує і спасе нас як благий і людинолюбний.",,
Липень,22.07,4,чт,🕃 Св. мироносиці й рівноап. Марії Магдалини Повернення мощів св. сщмч. Фоки,"святої мироносиці й рівноапостольної Марії Магдалини, святого священномученика Фоки, якого повернення мощів пам'ять творимо",ні,,,,"Священник: Христос, істинний Бог наш - молитвами пречистої Своєї Матері, святих славних і всехвальних апостолів, святого отця нашого Миколая, архиєпископа Мир Ликійських, чудотворця, святого отця нашого Івана Золотоустого, архиєпископа Константинополя, і святого, якого є храм, і святої мироносиці й рівноапостольної Марії Магдалини, святого священномученика Фоки, якого повернення мощів пам'ять творимо, і всіх святих - помилує і спасе нас як благий і людинолюбний.","Священник: Христос, істинний Бог наш - молитвами пречистої Своєї Матері, святих славних і всехвальних апостолів, святого отця нашого Миколая, архиєпископа Мир Ликійських, чудотворця, і святого, якого є храм, і святої мироносиці й рівноапостольної Марії Магдалини, святого священномученика Фоки, якого повернення мощів пам'ять творимо, і всіх святих - помилує і спасе нас як благий і людинолюбний.",,
Липень,23.07,5,пт,"Свв. мчч. Трофима, Теофіла і тих, що з ними Блаж. сщмч. Василія Гопка, єп.","святих мучеників Трофима, Теофіла і тих, що з ними, блаженного священномученика Василія Гопка, єпископа",ні,,,,"Священник: Христос, істинний Бог наш - молитвами пречистої Своєї Матері, силою чесного і животворчого хреста, заступництвом святих славних і всехвальних апостолів, святого отця нашого Івана Золотоустого, архиєпископа Константинополя, і святого, якого є храм, і святих мучеників Трофима, Теофіла і тих, що з ними, блаженного священномученика Василія Гопка, єпископа, і всіх святих - помилує і спасе нас як благий і людинолюбний.","Священник: Христос, істинний Бог наш - молитвами пречистої Своєї Матері, силою чесного і животворчого хреста, заступництвом святих славних і всехвальних апостолів, і святого, якого є храм, і святих мучеників Трофима, Теофіла і тих, що з ними, блаженного священномученика Василія Гопка, єпископа, і всіх святих - помилує і спасе нас як благий і людинолюбний.",,
Липень,24.07,6,сб,"🕂 Свв. мчч. Бориса і Гліба, у хрещенні названих Романом і Давидом 🕃 Св. вмц. Христини Прп. Шарбеля","святих мучеників Бориса і Гліба, у святому хрещенні названих Романом і Давидом, яких сьогодні пам'ять світло звершуємо, святої великомучениці Христини, преподобного отця нашого Шарбеля",так,свято,,,#N/A,#N/A,#N/A,
Липень,25.07,7,нд,"🕂 Успіння св. Анни, матері Пресвятої Богородиці Пам’ять свв. жінок Олімпіади і Євпраксії","святої Анни, матері Пресвятої Богородиці, якої сьогодні пам'ять світло звершуємо, святих жінок Олімпіади і Євпраксії",так,свято,,,#VALUE!,#VALUE!,#N/A,
Липень,26.07,1,пн,"Неділя 8-ма по Зісланні Святого Духа. Св. сщмч. Єрмолая і тих, що з ним Св. прпмц. Параскеви","святого священномученика Єрмолая і тих, що з ним, святої преподобномучениці Параскеви",ні,,,,"Священник: Христос, істинний Бог наш - молитвами пречистої Своєї Матері, заступництвом чесних небесних сил безтілесних, святих славних і всехвальних апостолів, святого отця нашого Івана Золотоустого, архиєпископа Константинополя, і святого, якого є храм, і святого священномученика Єрмолая і тих, що з ним, святої преподобномучениці Параскеви, і всіх святих - помилує і спасе нас як благий і людинолюбний.","Священник: Христос, істинний Бог наш - молитвами пречистої Своєї Матері, заступництвом чесних небесних сил безтілесних, святих славних і всехвальних апостолів, і святого, якого є храм, і святого священномученика Єрмолая і тих, що з ним, святої преподобномучениці Параскеви, і всіх святих - помилує і спасе нас як благий і людинолюбний.",,
Липень,27.07,2,вв,"🕂 Св. вмч. й цілителя Пантелеймона Св. Климента, архиєп. Охридського, чудотв.","святого великомученика й цілителя Пантелеймона, якого сьогодні пам'ять світло звершуємо, святого отця нашого Климента, архиєпископа Охридського, чудотворця",ні,,,,"Священник: Христос, істинний Бог наш - молитвами пречистої Своєї Матері, чесного і славного пророка, предтечі і хрестителя Івана, святих славних і всехвальних апостолів, святого отця нашого Івана Золотоустого, архиєпископа Константинополя, і святого, якого є храм, і святого великомученика й цілителя Пантелеймона, якого сьогодні пам'ять світло звершуємо, святого отця нашого Климента, архиєпископа Охридського, чудотворця, і всіх святих - помилує і спасе нас як благий і людинолюбний.","Священник: Христос, істинний Бог наш - молитвами пречистої Своєї Матері, чесного і славного пророка, предтечі і хрестителя Івана, святих славних і всехвальних апостолів, і святого, якого є храм, і святого великомученика й цілителя Пантелеймона, якого сьогодні пам'ять світло звершуємо, святого отця нашого Климента, архиєпископа Охридського, чудотворця, і всіх святих - помилує і спасе нас як благий і людинолюбний.",,
Липень,28.07,3,ср,"Свв. апп. і дияконів Прохора, Никанора, Тимона й Пармена","святих апостолів і дияконів Прохора, Никанора, Тимона й Пармена",ні,,,,"Священник: Христос, істинний Бог наш - молитвами пречистої Своєї Матері, силою чесного і животворчого хреста, заступництвом святих славних і всехвальних апостолів, святого отця нашого Івана Золотоустого, архиєпископа Константинополя, і святого, якого є храм, і святих апостолів і дияконів Прохора, Никанора, Тимона й Пармена, і всіх святих - помилує і спасе нас як благий і людинолюбний.","Священник: Христос, істинний Бог наш - молитвами пречистої Своєї Матері, силою чесного і животворчого хреста, заступництвом святих славних і всехвальних апостолів, і святого, якого є храм, і святих апостолів і дияконів Прохора, Никанора, Тимона й Пармена, і всіх святих - помилує і спасе нас як благий і людинолюбний.",,
Липень,29.07,4,чт,Св. мч. Каленика,святого мученика Каленика,ні,,,,"Священник: Христос, істинний Бог наш - молитвами пречистої Своєї Матері, святих славних і всехвальних апостолів, святого отця нашого Миколая, архиєпископа Мир Ликійських, чудотворця, святого отця нашого Івана Золотоустого, архиєпископа Константинополя, і святого, якого є храм, і святого мученика Каленика, і всіх святих - помилує і спасе нас як благий і людинолюбний.","Священник: Христос, істинний Бог наш - молитвами пречистої Своєї Матері, святих славних і всехвальних апостолів, святого отця нашого Миколая, архиєпископа Мир Ликійських, чудотворця, і святого, якого є храм, і святого мученика Каленика, і всіх святих - помилує і спасе нас як благий і людинолюбний.",,
Липень,30.07,5,пт,"Свв. апп. Сили й Силуана і тих, що з ними","святих апостолів Сили й Силуана і тих, що з ними,",ні,,,,"Священник: Христос, істинний Бог наш - молитвами пречистої Своєї Матері, силою чесного і животворчого хреста, заступництвом святих славних і всехвальних апостолів, святого отця нашого Івана Золотоустого, архиєпископа Константинополя, і святого, якого є храм, і святих апостолів Сили й Силуана і тих, що з ними,, і всіх святих - помилує і спасе нас як благий і людинолюбний.","Священник: Христос, істинний Бог наш - молитвами пречистої Своєї Матері, силою чесного і животворчого хреста, заступництвом святих славних і всехвальних апостолів, і святого, якого є храм, і святих апостолів Сили й Силуана і тих, що з ними,, і всіх святих - помилує і спасе нас як благий і людинолюбний.",,
Липень,31.07,6,сб,🕃 Передсвяття походу з чесним і животворним Хрестом Господнім Св. і прав. Євдокима,святого і праведного Євдокима,ні,,,,"Священник: Христос, істинний Бог наш - молитвами пречистої Своєї Матері, силою чесного і животворчого Хреста, заступництвом чесних небесних сил безтілесних, чесного і славного пророка, предтечі і хрестителя Івана, святих славних і всехвальних апостолів, святого отця нашого Миколая, архиєпископа Мир Ликійських, чудотворця, святих славних і переможних мучеників, преподобних і богоносних отців наших, святого отця нашого Івана Золотоустого, архиєпископа Константинополя, святих і праведних богоотців Йоакима й Анни, і святого, якого є храм, і святого і праведного Євдокима, і всіх святих - помилує і спасе нас як благий і людинолюбний.","Священник: Христос, істинний Бог наш - молитвами пречистої Своєї Матері, силою чесного і животворчого Хреста, заступництвом чесних небесних сил безтілесних, чесного і славного пророка, предтечі і хрестителя Івана, святих славних і всехвальних апостолів, святого отця нашого Миколая, архиєпископа Мир Ликійських, чудотворця, святих славних і переможних мучеників, преподобних і богоносних отців наших, святих і праведних богоотців Йоакима й Анни, і святого, якого є храм, і святого і праведного Євдокима, і всіх святих - помилує і спасе нас як благий і людинолюбний.",,
Серпень,01.08,7,нд,"🕃 Похід із чесним Деревом чесного і животворного Хреста Свв. сімох мчч. Макавеїв, і матері їх Соломії, і старця Єлеазара Прп. Альфонса Лігуорі Початок Успенського посту</i>","силою чесного і животворчого Xреста, з чесним Деревом якого сьогодні пам'ять походу звершуємо, святих сімох мучеників Макавеїв, і матері їх Соломії, і старця Єлеазара, преподобного отця нашого Альфонса Лігуорі",ні,,,,"Священник: Христос, істинний Бог наш - молитвами пречистої Своєї Матері, силою чесного і животворчого Xреста, з чесним Деревом якого пам'ять походу сьогодні звершуємо, заступництвом чесних небесних сил безтілесних, чесного і славного пророка, предтечі і хрестителя Івана, святих славних і всехвальних апостолів, святого отця нашого Миколая, архиєпископа Мир Ликійських, чудотворця, святих славних і переможних мучеників, преподобних і богоносних отців наших, святого отця нашого Івана Золотоустого, архиєпископа Константинополя, святих і праведних богоотців Йоакима й Анни, і святого, якого є храм, і святих сімох мучеників Макавеїв, і матері їх Соломії, і старця Єлеазара, преподобного отця нашого Альфонса Лігуорі, і всіх святих - помилує і спасе нас як благий і людинолюбний.","Священник: Христос, істинний Бог наш - молитвами пречистої Своєї Матері, силою чесного і животворчого Xреста, з чесним Деревом якого пам'ять походу сьогодні звершуємо, заступництвом чесних небесних сил безтілесних, чесного і славного пророка, предтечі і хрестителя Івана, святих славних і всехвальних апостолів, святого отця нашого Миколая, архиєпископа Мир Ликійських, чудотворця, святих славних і переможних мучеників, преподобних і богоносних отців наших, святих і праведних богоотців Йоакима й Анни, і святого, якого є храм, і святих сімох мучеників Макавеїв, і матері їх Соломії, і старця Єлеазара, преподобного отця нашого Альфонса Лігуорі, і всіх святих - помилує і спасе нас як благий і людинолюбний.",,
Серпень,02.08,1,пн,Неділя 9-та по Зісланні Святого Духа. 🕃 Перенесення мощів св. первмч. й архдияк. Стефана,"святого первомученика й архидиякона Стефана, якого перенесення мощів сьогодні пам'ять звершуємо",ні,,,,"Священник: Христос, істинний Бог наш - молитвами пречистої Своєї Матері, заступництвом чесних небесних сил безтілесних, святих славних і всехвальних апостолів, святого отця нашого Івана Золотоустого, архиєпископа Константинополя, і святого, якого є храм, і святого первомученика й архидиякона Стефана, якого перенесення мощів сьогодні пам'ять звершуємо, і всіх святих - помилує і спасе нас як благий і людинолюбний.","Священник: Христос, істинний Бог наш - молитвами пречистої Своєї Матері, заступництвом чесних небесних сил безтілесних, святих славних і всехвальних апостолів, і святого, якого є храм, і святого первомученика й архидиякона Стефана, якого перенесення мощів сьогодні пам'ять звершуємо, і всіх святих - помилує і спасе нас як благий і людинолюбний.",,
Серпень,03.08,2,вв,"Прпп. Ісаакія, Далмата й Фавста","преподобних отців наших Ісаакія, Далмата й Фавста",ні,,,,"Священник: Христос, істинний Бог наш - молитвами пречистої Своєї Матері, чесного і славного пророка, предтечі і хрестителя Івана, святих славних і всехвальних апостолів, святого отця нашого Івана Золотоустого, архиєпископа Константинополя, і святого, якого є храм, і преподобних отців наших Ісаакія, Далмата й Фавста, і всіх святих - помилує і спасе нас як благий і людинолюбний.","Священник: Христос, істинний Бог наш - молитвами пречистої Своєї Матері, чесного і славного пророка, предтечі і хрестителя Івана, святих славних і всехвальних апостолів, і святого, якого є храм, і преподобних отців наших Ісаакія, Далмата й Фавста, і всіх святих - помилує і спасе нас як благий і людинолюбний.",,
Серпень,04.08,3,ср,"Свв. сімох отроків, що в Ефесі Св. прпмц. Євдокії","святих сімох отроків, що в Ефесі, святої преподобномучениці Євдокії",ні,,,,"Священник: Христос, істинний Бог наш - молитвами пречистої Своєї Матері, силою чесного і животворчого хреста, заступництвом святих славних і всехвальних апостолів, святого отця нашого Івана Золотоустого, архиєпископа Константинополя, і святого, якого є храм, і святих сімох отроків, що в Ефесі, святої преподобномучениці Євдокії, і всіх святих - помилує і спасе нас як благий і людинолюбний.","Священник: Христос, істинний Бог наш - молитвами пречистої Своєї Матері, силою чесного і животворчого хреста, заступництвом святих славних і всехвальних апостолів, і святого, якого є храм, і святих сімох отроків, що в Ефесі, святої преподобномучениці Євдокії, і всіх святих - помилує і спасе нас як благий і людинолюбний.",,
Серпень,05.08,4,чт,🕃 Передсвяття Переображення Господа нашого Ісуса Христа Св. мч. Євсигнія,святого мученика Євсигнія,ні,,,,"Священник: Христос, істинний Бог наш - молитвами пречистої Своєї Матері, святих славних і всехвальних апостолів, святого отця нашого Миколая, архиєпископа Мир Ликійських, чудотворця, святого отця нашого Івана Золотоустого, архиєпископа Константинополя, і святого, якого є храм, і святого мученика Євсигнія, і всіх святих - помилує і спасе нас як благий і людинолюбний.","Священник: Христос, істинний Бог наш - молитвами пречистої Своєї Матері, святих славних і всехвальних апостолів, святого отця нашого Миколая, архиєпископа Мир Ликійських, чудотворця, і святого, якого є храм, і святого мученика Євсигнія, і всіх святих - помилує і спасе нас як благий і людинолюбний.",,
Серпень,06.08,5,пт,🕀 Святе Переображення Господа Бога і Спаса нашого Ісуса Христа,,так,свято,,,#N/A,#N/A,#N/A,
Серпень,07.08,6,сб,Св. прпмч. Дометія,святого преподобномученика Дометія,так,посвяття,,,#N/A,#N/A,#N/A,
Серпень,08.08,7,нд,"Св. Еміліяна, ісп., єп. Кизицького","святого Еміліяна, ісповідника, єпископа Кизицького",так,посвяття,,,#N/A,#N/A,#N/A,
Серпень,09.08,1,пн,Неділя 10-та по Зісланні Святого Духа. 🕂 Св. ап. Матія,"святого апостола Матія, якого сьогодні пам'ять світло звершуємо",так,свято,,,#N/A,#N/A,#N/A,
Серпень,10.08,2,вв,Св. мч. й архдияк. Лаврентія,святого мученика й архидиякона Лаврентія,так,свято,,,#N/A,#N/A,#N/A,
Серпень,11.08,3,ср,Св. мч. й архдияк. Євпла,святого мученика й архидиякона Євпла,так,посвяття,,,#N/A,#N/A,#N/A,
Серпень,12.08,4,чт,Свв. мчч. Фотія й Аникити,святих мучеників Фотія й Аникити,так,посвяття,,,#N/A,#N/A,#N/A,
Серпень,13.08,5,пт,Прп. Максима Ісповідника Віддання Переображення</i>,преподобного отця нашого Максима Ісповідника,так,віддання,,,#N/A,#N/A,,
Серпень,14.08,6,сб,"🕂 Перенесення чесних мощів прп. Теодосія, ігум. Печерського 🕃 Передсвяття Успіння Пресвятої Богородиці Св. прор. Міхея","преподобного Теодосія, ігумена Печерського, якого чесних мощів перенесення сьогодні пам'ять світло звершуємо, святого пророка Міхея",так,свято,,,#N/A,#N/A,#N/A,
Серпень,15.08,7,нд,🕀 Успіння Пресвятої Владичиці нашої Богородиці і Приснодіви Марії,,так,свято,,,#VALUE!,#VALUE!,#N/A,
Серпень,16.08,1,пн,"Неділя 11-та по Зісланні Святого Духа. 🕃 Перенесення з Едеси до Царгороду нерукотв. образа Господа Бога і Спаса нашого Ісуса Христа, названого святим обрусом Св. мч. Діомида",святого мученика Діомида,так,свято,,,#N/A,#N/A,#N/A,
Серпень,17.08,2,вв,Св. мч. Мирона,святого мученика Мирона,так,свято,,,#N/A,#N/A,#N/A,
Серпень,18.08,3,ср,🕂 Спомин освяч. Патріаршого собору Воскресіння Христового в Києві Свв. мчч. Флора й Лавра,святих мучеників Флора й Лавра,так,свято,,,#N/A,#N/A,#N/A,
Серпень,19.08,4,чт,"Св. мч. Андрія Стратопедарха – сотника, і тих, що з ним","святого мученика Андрія Стратопедарха – сотника, і тих, що з ним",так,свято,,,#N/A,#N/A,#N/A,
Серпень,20.08,5,пт,Св. прор. Самуїла,святого пророка Самуїла,так,посвяття,,,#N/A,#N/A,#N/A,
Серпень,21.08,6,сб,Св. ап. Тадея Св. мц. Васси,"святого апостола Тадея, святої мучениці Васси",так,посвяття,,,#N/A,#N/A,#N/A,
Серпень,22.08,7,нд,"Св. мч. Агатоніка і тих, що з ним Блаж. сщмч. Симеона Лукача","святого мученика Агатоніка і тих, що з ним, блаженного священномученика Симеона Лукача",так,посвяття,,,#N/A,#N/A,#N/A,
Серпень,23.08,1,пн,"Неділя 12-та по Зісланні Святого Духа. Св. мч. Луппа Св. сщмч. Іринея, єп. Ліонського Віддання Успіння Пресв. Богородиці</i>","святого мученика Луппа, святого священномученика Іринея, єпископа Ліонського",так,віддання,,,#N/A,#N/A,,
Серпень,24.08,2,вв,Св. сщмч. Євтиха,святого священномученика Євтиха,ні,,,,"Священник: Христос, істинний Бог наш - молитвами пречистої Своєї Матері, чесного і славного пророка, предтечі і хрестителя Івана, святих славних і всехвальних апостолів, святого отця нашого Івана Золотоустого, архиєпископа Константинополя, і святого, якого є храм, і святого священномученика Євтиха, і всіх святих - помилує і спасе нас як благий і людинолюбний.","Священник: Христос, істинний Бог наш - молитвами пречистої Своєї Матері, чесного і славного пророка, предтечі і хрестителя Івана, святих славних і всехвальних апостолів, і святого, якого є храм, і святого священномученика Євтиха, і всіх святих - помилує і спасе нас як благий і людинолюбний.",,
Серпень,25.08,3,ср,🕃 Повернення мощів св. ап. Вартоломея Св. ап. Тита,"святого апостола Вартоломея, якого повернення мощів пам'ять звершуємо, святого апостола Тита",ні,,,,"Священник: Христос, істинний Бог наш - молитвами пречистої Своєї Матері, силою чесного і животворчого хреста, заступництвом святих славних і всехвальних апостолів, святого отця нашого Івана Золотоустого, архиєпископа Константинополя, і святого, якого є храм, і святого апостола Вартоломея, якого повернення мощів пам'ять звершуємо, святого апостола Тита, і всіх святих - помилує і спасе нас як благий і людинолюбний.","Священник: Христос, істинний Бог наш - молитвами пречистої Своєї Матері, силою чесного і животворчого хреста, заступництвом святих славних і всехвальних апостолів, і святого, якого є храм, і святого апостола Вартоломея, якого повернення мощів пам'ять звершуємо, святого апостола Тита, і всіх святих - помилує і спасе нас як благий і людинолюбний.",,
Серпень,26.08,4,чт,Свв. мчч. Адріана й Наталії,святих мучеників Адріана й Наталії,ні,,,,"Священник: Христос, істинний Бог наш - молитвами пречистої Своєї Матері, святих славних і всехвальних апостолів, святого отця нашого Миколая, архиєпископа Мир Ликійських, чудотворця, святого отця нашого Івана Золотоустого, архиєпископа Константинополя, і святого, якого є храм, і святих мучеників Адріана й Наталії, і всіх святих - помилує і спасе нас як благий і людинолюбний.","Священник: Христос, істинний Бог наш - молитвами пречистої Своєї Матері, святих славних і всехвальних апостолів, святого отця нашого Миколая, архиєпископа Мир Ликійських, чудотворця, і святого, якого є храм, і святих мучеників Адріана й Наталії, і всіх святих - помилує і спасе нас як благий і людинолюбний.",,
Серпень,27.08,5,пт,Прп. Пімена Блаж. прпмцц. Лаврентії Герасимів і Олімпії Біди,"преподобного отця нашого Пімена, блаженних преподобномучениць Лаврентії Герасимів і Олімпії Біди",ні,,,,"Священник: Христос, істинний Бог наш - молитвами пречистої Своєї Матері, силою чесного і животворчого хреста, заступництвом святих славних і всехвальних апостолів, святого отця нашого Івана Золотоустого, архиєпископа Константинополя, і святого, якого є храм, і преподобного отця нашого Пімена, блаженних преподобномучениць Лаврентії Герасимів і Олімпії Біди, і всіх святих - помилує і спасе нас як благий і людинолюбний.","Священник: Христос, істинний Бог наш - молитвами пречистої Своєї Матері, силою чесного і животворчого хреста, заступництвом святих славних і всехвальних апостолів, і святого, якого є храм, і преподобного отця нашого Пімена, блаженних преподобномучениць Лаврентії Герасимів і Олімпії Біди, і всіх святих - помилує і спасе нас як благий і людинолюбний.",,
Серпень,28.08,6,сб,"Собор прпп. отців Печерських, що споч. у дальніх печерах Прп. Мойсея Мурина Св. Августина, єп. Іппонського Св. мч. Гебре Михаїла, пресвіт. ефіопського","преподобних отців Печерських, що спочивають у дальніх печерах, що їх собору пам'ять сьогодні звершуємо, преподобного Мойсея Мурина, святого отця нашого Августина, єпископа Іппонського, святого мученика Гебре Михаїла, пресвітера ефіопського",ні,,,,"Священник: Христос, істинний Бог наш - молитвами пречистої Своєї Матері, силою чесного і животворчого Хреста, заступництвом чесних небесних сил безтілесних, чесного і славного пророка, предтечі і хрестителя Івана, святих славних і всехвальних апостолів, святого отця нашого Миколая, архиєпископа Мир Ликійських, чудотворця, святих славних і переможних мучеників, преподобних і богоносних отців наших, святого отця нашого Івана Золотоустого, архиєпископа Константинополя, святих і праведних богоотців Йоакима й Анни, і святого, якого є храм, і преподобних отців Печерських, що спочивають у дальніх печерах, що їх собору пам'ять сьогодні звершуємо, преподобного Мойсея Мурина, святого отця нашого Августина, єпископа Іппонського, святого мученика Гебре Михаїла, пресвітера ефіопського, і всіх святих - помилує і спасе нас як благий і людинолюбний.","Священник: Христос, істинний Бог наш - молитвами пречистої Своєї Матері, силою чесного і животворчого Хреста, заступництвом чесних небесних сил безтілесних, чесного і славного пророка, предтечі і хрестителя Івана, святих славних і всехвальних апостолів, святого отця нашого Миколая, архиєпископа Мир Ликійських, чудотворця, святих славних і переможних мучеників, преподобних і богоносних отців наших, святих і праведних богоотців Йоакима й Анни, і святого, якого є храм, і преподобних отців Печерських, що спочивають у дальніх печерах, що їх собору пам'ять сьогодні звершуємо, преподобного Мойсея Мурина, святого отця нашого Августина, єпископа Іппонського, святого мученика Гебре Михаїла, пресвітера ефіопського, і всіх святих - помилує і спасе нас як благий і людинолюбний.",,
Серпень,29.08,7,нд,"🕀 Усікновення чесної голови чесного і славн. прор., предтечі і хрестителя Івана",,так,свято,,,#VALUE!,#VALUE!,#N/A,
Серпень,30.08,1,пн,"Неділя 13-та по Зісланні Святого Духа. Свв. патр. Царгородських: Олександра, Івана й Павла Нового","святих отців наших патріархів Царгородських: Олександра, Івана й Павла Нового",так,віддання,,,#N/A,#N/A,,
Серпень,31.08,2,вв,🕂 Положення чесного пояса Пресвятої Владичиці нашої Богородиці,,так,свято,,,#N/A,#N/A,#N/A,