0,1,2,3,4,5,6,7,8,9,10,,
Місяць,Дата,#wd,"День
тижня",Мінейні Святі,Формулювання для відпусту,"Окремий
святковий
відпуст?","Фаза
свята","Текст 
для 
заміни","Формулю-
вання 
свята","Текст відпусту, Літургія","Текст відпусту, ВУ",
Вересень,01.09,5,пт,"🕂 Начало Індикта, тобто Нового року. Пам'ять прп. Симеона Стовпника і матері його. Собор Пресвятої Богородиці, що в Міясинах.","прп. Симеона Стовпника і матері його,",так,посвяття,"молитвами пречистої своєї Матері,","молитвами пречистої своєї Матері, якої собору в Міясинах сьогодні пам'ять творимо,","Священик: Христос, істинний Бог наш - молитвами пречистої Своєї Матері, силою чесного і животворчого хреста, заступництвом святих славних і всехвальних апостолів, святого отця нашого Івана Золотоустого, архиєпископа Константинополя, святого, якого є храм, прп. Симеона Стовпника і матері його, і всіх святих - помилує і спасе нас як благий і людинолюбний.","Священик: Христос, істинний Бог наш - молитвами пречистої Своєї Матері, силою чесного і животворчого хреста, заступництвом святих славних і всехвальних апостолів, святого, якого є храм, прп. Симеона Стовпника і матері його, і всіх святих - помилує і спасе нас як благий і людинолюбний.",
Вересень,02.09,6,сб,"Св. мч. Маманта. Прп. Йоана Посника, патр. Царгородського.","св. мч. Маманта, прп. Йоана Посника, патр. Царгородського,",ні,,,,"Священик: Христос, істинний Бог наш - молитвами пречистої Своєї Матері, силою чесного і животворчого Хреста, заступництвом чесних небесних сил безтілесних, чесного і славного пророка, предтечі і хрестителя Йоана, святих славних і всехвальних апостолів, святого отця нашого Миколая, архиєпископа Мир Ликійських, чудотворця, святих славних і переможних мучеників, преподобних і богоносних отців наших, святого отця нашого Івана Золотоустого, архиєпископа Константинополя, святих і праведних богоотців Йоакима й Анни, святого, якого є храм, св. мч. Маманта, прп. Йоана Посника, патр. Царгородського, і всіх святих - помилує і спасе нас як благий і людинолюбний.","Священик: Христос, істинний Бог наш - молитвами пречистої Своєї Матері, силою чесного і животворчого Хреста, заступництвом чесних небесних сил безтілесних, чесного і славного пророка, предтечі і хрестителя Йоана, святих славних і всехвальних апостолів, святого отця нашого Миколая, архиєпископа Мир Ликійських, чудотворця, святих славних і переможних мучеників, преподобних і богоносних отців наших, святих і праведних богоотців Йоакима й Анни, святого, якого є храм, св. мч. Маманта, прп. Йоана Посника, патр. Царгородського, і всіх святих - помилує і спасе нас як благий і людинолюбний.",
Вересень,03.09,7,нд,"Неділя 14-та по Зісланні Святого Духа. Св. свщмч. Антима, єп. Нікомидійського. Прп. Теоктиста, спосника великого Євтимія.","св. свщмч. Антима, єп. Нікомидійського, прп. Теоктиста, спосника великого Євтимія,",ні,,,,"Священик: Христос, що воскрес із мертвих, істинний Бог наш - молитвами пречистої Своєї Матері, святих славних і всехвальних апостолів, святого отця нашого Івана Золотоустого, архиєпископа Константинополя, святого, якого є храм, св. свщмч. Антима, єп. Нікомидійського, прп. Теоктиста, спосника великого Євтимія, і всіх святих - помилує і спасе нас як благий і людинолюбний.","Священик: Христос, що воскрес із мертвих, істинний Бог наш - молитвами пречистої Своєї Матері, святих славних і всехвальних апостолів, святого, якого є храм, св. свщмч. Антима, єп. Нікомидійського, прп. Теоктиста, спосника великого Євтимія, і всіх святих - помилує і спасе нас як благий і людинолюбний.",
Вересень,04.09,1,пн,"Св. свщмч. Вавили, єп. Антіохійського. Св. прор. й боговидця Мойсея.","св. свщмч. Вавили, єп. Антіохійського, св. прор. й боговидця Мойсея,",ні,,,,"Священик: Христос, істинний Бог наш - молитвами пречистої Своєї Матері, заступництвом чесних небесних сил безтілесних, святих славних і всехвальних апостолів, святого отця нашого Івана Золотоустого, архиєпископа Константинополя, святого, якого є храм, св. свщмч. Вавили, єп. Антіохійського, св. прор. й боговидця Мойсея, і всіх святих - помилує і спасе нас як благий і людинолюбний.","Священик: Христос, істинний Бог наш - молитвами пречистої Своєї Матері, заступництвом чесних небесних сил безтілесних, святих славних і всехвальних апостолів, святого, якого є храм, св. свщмч. Вавили, єп. Антіохійського, св. прор. й боговидця Мойсея, і всіх святих - помилує і спасе нас як благий і людинолюбний.",
Вересень,05.09,2,вв,"🕃 Св. прор. Захарії, отця Йоана Предтечі.","св. прор. Захарії, отця Йоана Предтечі,",ні,,,,"Священик: Христос, істинний Бог наш - молитвами пречистої Своєї Матері, чесного і славного пророка, предтечі і хрестителя Івана, святих славних і всехвальних апостолів, святого отця нашого Івана Золотоустого, архиєпископа Константинополя, святого, якого є храм, св. прор. Захарії, отця Йоана Предтечі, і всіх святих - помилує і спасе нас як благий і людинолюбний.","Священик: Христос, істинний Бог наш - молитвами пречистої Своєї Матері, чесного і славного пророка, предтечі і хрестителя Івана, святих славних і всехвальних апостолів, святого, якого є храм, св. прор. Захарії, отця Йоана Предтечі, і всіх святих - помилує і спасе нас як благий і людинолюбний.",
Вересень,06.09,3,ср,"🕃 Спогад про чудо, яке було в Колосах, що в Хонах, від архистратига Михаїла.","заступництвом святого архистратига Михаїла, про чудо від якого в Колосах сьогодні пам'ять звершуємо,",ні,,,,"Священик: Христос, істинний Бог наш - молитвами пречистої Своєї Матері, силою чесного і животворчого хреста, заступництвом святих славних і всехвальних апостолів, святого отця нашого Івана Золотоустого, архиєпископа Константинополя, святого, якого є храм, заступництвом святого архистратига Михаїла, про чудо від якого в Колосах сьогодні пам'ять звершуємо, і всіх святих - помилує і спасе нас як благий і людинолюбний.","Священик: Христос, істинний Бог наш - молитвами пречистої Своєї Матері, силою чесного і животворчого хреста, заступництвом святих славних і всехвальних апостолів, святого, якого є храм, заступництвом святого архистратига Михаїла, про чудо від якого в Колосах сьогодні пам'ять звершуємо, і всіх святих - помилує і спасе нас як благий і людинолюбний.",
Вересень,07.09,4,чт,🕃 Передсвяття Різдва Богородиці. Св. мчч. Созонта.,св. мчч. Созонта,ні,,,,"Священик: Христос, істинний Бог наш - молитвами пречистої Своєї Матері, святих славних і всехвальних апостолів, святого отця нашого Миколая, архиєпископа Мир Ликійських, чудотворця, святого отця нашого Івана Золотоустого, архиєпископа Константинополя, святого, якого є храм, св. мчч. Созонта і всіх святих - помилує і спасе нас як благий і людинолюбний.","Священик: Христос, істинний Бог наш - молитвами пречистої Своєї Матері, святих славних і всехвальних апостолів, святого отця нашого Миколая, архиєпископа Мир Ликійських, чудотворця, святого, якого є храм, св. мчч. Созонта і всіх святих - помилує і спасе нас як благий і людинолюбний.",
Вересень,08.09,5,пт,🕀 РІЗДВО ПРЕСВЯТОЇ ВЛАДИЧИЦІ НАШОЇ БОГОРОДИЦІ І ПРИСНОДІВИ МАРІЇ.,,так,свято,,,"Священик: Христос, істинний Бог наш, молитвами пречистої своєї Матері, якої Різдва сьогодні торжественний празник світло звершуємо, святих, славних і всехвальних апостолів, святого отця нашого Йоана Золотоустого, архиєпископа Константинополя, і всіх святих - помилує і спасе нас як благий і людинолюбний.","Священик: Христос, істинний Бог наш, молитвами пречистої своєї Матері, якої Різдва сьогодні торжественний празник світло звершуємо, святих, славних і всехвальних апостолів, святого отця нашого Йоана Золотоустого, архиєпископа Константинополя, і всіх святих - помилує і спасе нас як благий і людинолюбний.",
Вересень,09.09,6,сб,Субота перед Воздвиженням. 🕃 Свв. і праведних богоотців Йоакима й Анни. Св. мчч. Северіяна.,св. мчч. Северіяна,так,посвяття,"молитвами пречистої своєї Матері,","молитвами пречистої своєї Матері, якої Різдво торжественний празник звершуємо,","Священик: Христос, істинний Бог наш - молитвами пречистої Своєї Матері, силою чесного і животворчого Хреста, заступництвом чесних небесних сил безтілесних, чесного і славного пророка, предтечі і хрестителя Йоана, святих славних і всехвальних апостолів, святого отця нашого Миколая, архиєпископа Мир Ликійських, чудотворця, святих славних і переможних мучеників, преподобних і богоносних отців наших, святого отця нашого Івана Золотоустого, архиєпископа Константинополя, святих і праведних богоотців Йоакима й Анни, святого, якого є храм, св. мчч. Северіяна і всіх святих - помилує і спасе нас як благий і людинолюбний.","Священик: Христос, істинний Бог наш - молитвами пречистої Своєї Матері, силою чесного і животворчого Хреста, заступництвом чесних небесних сил безтілесних, чесного і славного пророка, предтечі і хрестителя Йоана, святих славних і всехвальних апостолів, святого отця нашого Миколая, архиєпископа Мир Ликійських, чудотворця, святих славних і переможних мучеників, преподобних і богоносних отців наших, святих і праведних богоотців Йоакима й Анни, святого, якого є храм, св. мчч. Северіяна і всіх святих - помилує і спасе нас як благий і людинолюбний.",
Вересень,10.09,7,нд,"Неділя 15-та по Зісланні Святого Духа, перед Воздвиженням. Свв. мчцц. Минодори, Митродори й Німфодори.","свв. мчцц. Минодори, Митродори й Німфодори,",так,посвяття,"молитвами пречистої своєї Матері,","молитвами пречистої своєї Матері, якої Різдво торжественний празник звершуємо,","Священик: Христос, що воскрес із мертвих, істинний Бог наш - молитвами пречистої Своєї Матері, святих славних і всехвальних апостолів, святого отця нашого Івана Золотоустого, архиєпископа Константинополя, святого, якого є храм, свв. мчцц. Минодори, Митродори й Німфодори, і всіх святих - помилує і спасе нас як благий і людинолюбний.","Священик: Христос, що воскрес із мертвих, істинний Бог наш - молитвами пречистої Своєї Матері, святих славних і всехвальних апостолів, святого, якого є храм, свв. мчцц. Минодори, Митродори й Німфодори, і всіх святих - помилує і спасе нас як благий і людинолюбний.",
Вересень,11.09,1,пн,Прп. Теодори Олександрійської.,прп. Теодори Олександрійської,так,посвяття,"молитвами пречистої своєї Матері,","молитвами пречистої своєї Матері, якої Різдво торжественний празник звершуємо,","Священик: Христос, істинний Бог наш - молитвами пречистої Своєї Матері, заступництвом чесних небесних сил безтілесних, святих славних і всехвальних апостолів, святого отця нашого Івана Золотоустого, архиєпископа Константинополя, святого, якого є храм, прп. Теодори Олександрійської і всіх святих - помилує і спасе нас як благий і людинолюбний.","Священик: Христос, істинний Бог наш - молитвами пречистої Своєї Матері, заступництвом чесних небесних сил безтілесних, святих славних і всехвальних апостолів, святого, якого є храм, прп. Теодори Олександрійської і всіх святих - помилує і спасе нас як благий і людинолюбний.",
Вересень,12.09,2,вв,Віддання свята Різдва Богородиці. Св. свщмч. Автонома.,св. свщмч. Автонома,так,віддання,,,"Священик: Христос, істинний Бог наш, молитвами пречистої своєї Матері, якої Різдва празник звершуємо, святих, славних і всехвальних апостолів, святого отця нашого Йоана Золотоустого, архиєпископа Константинополя, св. свщмч. Автонома і всіх святих - помилує і спасе нас як благий і людинолюбний.","Священик: Христос, істинний Бог наш, молитвами пречистої своєї Матері, якої Різдва празник звершуємо, святих, славних і всехвальних апостолів, святого отця нашого Йоана Золотоустого, архиєпископа Константинополя, св. свщмч. Автонома і всіх святих - помилує і спасе нас як благий і людинолюбний.",
Вересень,13.09,3,ср,Передсвяття Воздвиження чесного Хреста. 🕃 Пам'ять оновлення храму св. Воскресення Христа і Бога нашого. Св. свщмч. Корнилія сотника.,св. свщмч. Корнилія сотника,так,посвяття,"Христос, істинний Бог наш,","Христос, істинний Бог наш, що задля нас увесь Свій задум сповнив і благозволив, щоб споруджений в Єрусалимі собор освяченно було в ім'я святого Його Воскресіння,","Священик: Христос, істинний Бог наш - молитвами пречистої Своєї Матері, силою чесного і животворчого хреста, заступництвом святих славних і всехвальних апостолів, святого отця нашого Івана Золотоустого, архиєпископа Константинополя, святого, якого є храм, св. свщмч. Корнилія сотника і всіх святих - помилує і спасе нас як благий і людинолюбний.","Священик: Христос, істинний Бог наш - молитвами пречистої Своєї Матері, силою чесного і животворчого хреста, заступництвом святих славних і всехвальних апостолів, святого, якого є храм, св. свщмч. Корнилія сотника і всіх святих - помилує і спасе нас як благий і людинолюбний.",
Вересень,14.09,4,чт,🕀 ВСЕМІРНЕ ВОЗДВИЖЕННЯ ЧЕСНОГО І ЖИВОТВОРЯЩОГО ХРЕСТА ГОСПОДНЬОГО.,,так,свято,,,"Священик: Христос, істинний Бог наш, молитвами пречистої своєї матері, силою чесного і животворного Хреста, якого сьогодні всесвітнє воздвиження світло празнуємо, святого отця нашого Йоана Золотоустого, архиєпископа Константинополя, і всіх святих - помилує і спасе нас як благий і людинолюбний.","Священик: Христос, істинний Бог наш, молитвами пречистої своєї матері, силою чесного і животворного Хреста, якого сьогодні всесвітнє воздвиження світло празнуємо, святого отця нашого Йоана Золотоустого, архиєпископа Константинополя, і всіх святих - помилує і спасе нас як благий і людинолюбний.",
Вересень,15.09,5,пт,🕃 Св. влкмч. Микити.,св. влкмч. Микити,так,посвяття,"молитвами пречистої своєї Матері,","молитвами пречистої своєї Матері, силою чесного і животворного Хреста, якого всесвітнє воздвиження празнуємо,","Священик: Христос, істинний Бог наш - молитвами пречистої Своєї Матері, силою чесного і животворчого хреста, заступництвом святих славних і всехвальних апостолів, святого отця нашого Івана Золотоустого, архиєпископа Константинополя, святого, якого є храм, св. влкмч. Микити і всіх святих - помилує і спасе нас як благий і людинолюбний.","Священик: Христос, істинний Бог наш - молитвами пречистої Своєї Матері, силою чесного і животворчого хреста, заступництвом святих славних і всехвальних апостолів, святого, якого є храм, св. влкмч. Микити і всіх святих - помилує і спасе нас як благий і людинолюбний.",
Вересень,16.09,6,сб,Субота по Воздвиженні. 🕃 Св. влкмчц. Євфимії всехвальної.,св. влкмчц. Євфимії всехвальної,так,посвяття,"молитвами пречистої своєї Матері,","молитвами пречистої своєї Матері, силою чесного і животворного Хреста, якого всесвітнє воздвиження празнуємо,","Священик: Христос, істинний Бог наш - молитвами пречистої Своєї Матері, силою чесного і животворчого Хреста, заступництвом чесних небесних сил безтілесних, чесного і славного пророка, предтечі і хрестителя Йоана, святих славних і всехвальних апостолів, святого отця нашого Миколая, архиєпископа Мир Ликійських, чудотворця, святих славних і переможних мучеників, преподобних і богоносних отців наших, святого отця нашого Івана Золотоустого, архиєпископа Константинополя, святих і праведних богоотців Йоакима й Анни, святого, якого є храм, св. влкмчц. Євфимії всехвальної і всіх святих - помилує і спасе нас як благий і людинолюбний.","Священик: Христос, істинний Бог наш - молитвами пречистої Своєї Матері, силою чесного і животворчого Хреста, заступництвом чесних небесних сил безтілесних, чесного і славного пророка, предтечі і хрестителя Йоана, святих славних і всехвальних апостолів, святого отця нашого Миколая, архиєпископа Мир Ликійських, чудотворця, святих славних і переможних мучеників, преподобних і богоносних отців наших, святих і праведних богоотців Йоакима й Анни, святого, якого є храм, св. влкмчц. Євфимії всехвальної і всіх святих - помилує і спасе нас як благий і людинолюбний.",
Вересень,17.09,7,нд,"Неділя 16-та по Зісланні Святого Духа, по Воздвиженні. Св. мчц. Софії і трьох її дочок, Віри, Надії й Любови.","св. мчц. Софії і трьох її дочок, Віри, Надії й Любови,",так,посвяття,"молитвами пречистої своєї Матері,","молитвами пречистої своєї Матері, силою чесного і животворного Хреста, якого всесвітнє воздвиження празнуємо,","Священик: Христос, що воскрес із мертвих, істинний Бог наш - молитвами пречистої Своєї Матері, святих славних і всехвальних апостолів, святого отця нашого Івана Золотоустого, архиєпископа Константинополя, святого, якого є храм, св. мчц. Софії і трьох її дочок, Віри, Надії й Любови, і всіх святих - помилує і спасе нас як благий і людинолюбний.","Священик: Христос, що воскрес із мертвих, істинний Бог наш - молитвами пречистої Своєї Матері, святих славних і всехвальних апостолів, святого, якого є храм, св. мчц. Софії і трьох її дочок, Віри, Надії й Любови, і всіх святих - помилує і спасе нас як благий і людинолюбний.",
Вересень,18.09,1,пн,"Прп. Євменія, єп. Гортинського, чудотворця.","прп. Євменія, єп. Гортинського, чудотворця,",так,посвяття,"молитвами пречистої своєї Матері,","молитвами пречистої своєї Матері, силою чесного і животворного Хреста, якого всесвітнє воздвиження празнуємо,","Священик: Христос, істинний Бог наш - молитвами пречистої Своєї Матері, заступництвом чесних небесних сил безтілесних, святих славних і всехвальних апостолів, святого отця нашого Івана Золотоустого, архиєпископа Константинополя, святого, якого є храм, прп. Євменія, єп. Гортинського, чудотворця, і всіх святих - помилує і спасе нас як благий і людинолюбний.","Священик: Христос, істинний Бог наш - молитвами пречистої Своєї Матері, заступництвом чесних небесних сил безтілесних, святих славних і всехвальних апостолів, святого, якого є храм, прп. Євменія, єп. Гортинського, чудотворця, і всіх святих - помилує і спасе нас як благий і людинолюбний.",
Вересень,19.09,2,вв,"Свв. мчч. Трофима, Савватія й Доримедонта.","свв. мчч. Трофима, Савватія й Доримедонта,",так,посвяття,"молитвами пречистої своєї Матері,","молитвами пречистої своєї Матері, силою чесного і животворного Хреста, якого всесвітнє воздвиження празнуємо,","Священик: Христос, істинний Бог наш - молитвами пречистої Своєї Матері, чесного і славного пророка, предтечі і хрестителя Івана, святих славних і всехвальних апостолів, святого отця нашого Івана Золотоустого, архиєпископа Константинополя, святого, якого є храм, свв. мчч. Трофима, Савватія й Доримедонта, і всіх святих - помилує і спасе нас як благий і людинолюбний.","Священик: Христос, істинний Бог наш - молитвами пречистої Своєї Матері, чесного і славного пророка, предтечі і хрестителя Івана, святих славних і всехвальних апостолів, святого, якого є храм, свв. мчч. Трофима, Савватія й Доримедонта, і всіх святих - помилує і спасе нас як благий і людинолюбний.",
Вересень,20.09,3,ср,"🕃 Свв. мчч. і ісп. – великого князя Михаїла і боярина його Теодора, чернігівських чудотворців. Св. влкмч. Євстратія і тих, що з ним.","свв. мчч. і ісп. великого князя Михаїла і боярина його Теодора, чернігівських чудотворців, св. влкмч. Євстратія і тих, що з ним,",так,посвяття,"молитвами пречистої своєї Матері,","молитвами пречистої своєї Матері, силою чесного і животворного Хреста, якого всесвітнє воздвиження празнуємо,","Священик: Христос, істинний Бог наш - молитвами пречистої Своєї Матері, силою чесного і животворчого хреста, заступництвом святих славних і всехвальних апостолів, святого отця нашого Івана Золотоустого, архиєпископа Константинополя, святого, якого є храм, свв. мчч. і ісп. великого князя Михаїла і боярина його Теодора, чернігівських чудотворців, св. влкмч. Євстратія і тих, що з ним, і всіх святих - помилує і спасе нас як благий і людинолюбний.","Священик: Христос, істинний Бог наш - молитвами пречистої Своєї Матері, силою чесного і животворчого хреста, заступництвом святих славних і всехвальних апостолів, святого, якого є храм, свв. мчч. і ісп. великого князя Михаїла і боярина його Теодора, чернігівських чудотворців, св. влкмч. Євстратія і тих, що з ним, і всіх святих - помилує і спасе нас як благий і людинолюбний.",
Вересень,21.09,4,чт,"Віддання свята Воздвиження. Св. ап. Кодрата, що в Магнисії.","св. ап. Кодрата, що в Магнисії,",так,віддання,,,"Священик: Христос, істинний Бог наш, молитвами пречистої своєї матері, силою чесного і животворного Хреста, якого сьогодні всесвітнє воздвиження празнуємо, святого отця нашого Йоана Золотоустого, архиєпископа Константинополя, св. ап. Кодрата, що в Магнисії, і всіх святих - помилує і спасе нас як благий і людинолюбний.","Священик: Христос, істинний Бог наш, молитвами пречистої своєї матері, силою чесного і животворного Хреста, якого сьогодні всесвітнє воздвиження празнуємо, святого отця нашого Йоана Золотоустого, архиєпископа Константинополя, св. ап. Кодрата, що в Магнисії, і всіх святих - помилує і спасе нас як благий і людинолюбний.",
Вересень,22.09,5,пт,"Св. свщмч. Фоки, єп. Синопійського.","св. свщмч. Фоки, єп. Синопійського,",ні,,,,"Священик: Христос, істинний Бог наш - молитвами пречистої Своєї Матері, силою чесного і животворчого хреста, заступництвом святих славних і всехвальних апостолів, святого отця нашого Івана Золотоустого, архиєпископа Константинополя, святого, якого є храм, св. свщмч. Фоки, єп. Синопійського, і всіх святих - помилує і спасе нас як благий і людинолюбний.","Священик: Христос, істинний Бог наш - молитвами пречистої Своєї Матері, силою чесного і животворчого хреста, заступництвом святих славних і всехвальних апостолів, святого, якого є храм, св. свщмч. Фоки, єп. Синопійського, і всіх святих - помилує і спасе нас як благий і людинолюбний.",
Вересень,23.09,6,сб,"🕃 Зачаття чесного славного пророка, Предтечі і Хрестителя Господнього Йоана.",,так,посвяття,"чесного, славного пророка, предтечі і христителя Йоана,","чесного, славного пророка, предтечі і христителя Йоана, якого сьогодні зачаття пам'ять творимо,","Священик: Христос, істинний Бог наш - молитвами пречистої Своєї Матері, силою чесного і животворчого Хреста, заступництвом чесних небесних сил безтілесних, чесного і славного пророка, предтечі і хрестителя Йоана, святих славних і всехвальних апостолів, святого отця нашого Миколая, архиєпископа Мир Ликійських, чудотворця, святих славних і переможних мучеників, преподобних і богоносних отців наших, святого отця нашого Івана Золотоустого, архиєпископа Константинополя, святих і праведних богоотців Йоакима й Анни, святого, якого є храм, і всіх святих - помилує і спасе нас як благий і людинолюбний.","Священик: Христос, істинний Бог наш - молитвами пречистої Своєї Матері, силою чесного і животворчого Хреста, заступництвом чесних небесних сил безтілесних, чесного і славного пророка, предтечі і хрестителя Йоана, святих славних і всехвальних апостолів, святого отця нашого Миколая, архиєпископа Мир Ликійських, чудотворця, святих славних і переможних мучеників, преподобних і богоносних отців наших, святих і праведних богоотців Йоакима й Анни, святого, якого є храм, і всіх святих - помилує і спасе нас як благий і людинолюбний.",
Вересень,24.09,7,нд,Неділя 17-та по Зісланні Святого Духа. 🕃 Св. первомчц. й рівноап. Теклі.,"св. первомчц. й рівноап. Теклі,",ні,,,,"Священик: Христос, що воскрес із мертвих, істинний Бог наш - молитвами пречистої Своєї Матері, святих славних і всехвальних апостолів, святого отця нашого Івана Золотоустого, архиєпископа Константинополя, святого, якого є храм, св. первомчц. й рівноап. Теклі, і всіх святих - помилує і спасе нас як благий і людинолюбний.","Священик: Христос, що воскрес із мертвих, істинний Бог наш - молитвами пречистої Своєї Матері, святих славних і всехвальних апостолів, святого, якого є храм, св. первомчц. й рівноап. Теклі, і всіх святих - помилує і спасе нас як благий і людинолюбний.",
Вересень,25.09,1,пн,Прп. Євфросинії.,прп. Євфросинії,ні,,,,"Священик: Христос, істинний Бог наш - молитвами пречистої Своєї Матері, заступництвом чесних небесних сил безтілесних, святих славних і всехвальних апостолів, святого отця нашого Івана Золотоустого, архиєпископа Константинополя, святого, якого є храм, прп. Євфросинії і всіх святих - помилує і спасе нас як благий і людинолюбний.","Священик: Христос, істинний Бог наш - молитвами пречистої Своєї Матері, заступництвом чесних небесних сил безтілесних, святих славних і всехвальних апостолів, святого, якого є храм, прп. Євфросинії і всіх святих - помилує і спасе нас як благий і людинолюбний.",
Вересень,26.09,2,вв,🕁 Переставлення св. ап. і єв. Йоана Богослова.,,так,свято,,,"Священик: Христос, істинний Бог наш, молитвами пречистої своєї Матері, святого, славного і всехвального апостола і євангелиста, дівственника, наперсника і возлюбленого учня Христового Йоана Богослова, якого сьогодні чесного переставлення пам'ять торжественно празнуємо, святого отця нашого Йоана Золотоустого, архиєпископа Константинополя, і всіх святих - помилує і спасе нас як благий і людинолюбний.","Священик: Христос, істинний Бог наш, молитвами пречистої своєї Матері, святого, славного і всехвального апостола і євангелиста, дівственника, наперсника і возлюбленого учня Христового Йоана Богослова, якого сьогодні чесного переставлення пам'ять торжественно празнуємо, святого отця нашого Йоана Золотоустого, архиєпископа Константинополя, і всіх святих - помилує і спасе нас як благий і людинолюбний.",
Вересень,27.09,3,ср,"Св. мч. Калістрата і дружини його. Прп. Ніла, основника й ігумена монастиря Криптоферратського.","св. мч. Калістрата і дружини його, прп. Ніла, основника й ігумена монастиря Криптоферратського,",ні,,,,"Священик: Христос, істинний Бог наш - молитвами пречистої Своєї Матері, силою чесного і животворчого хреста, заступництвом святих славних і всехвальних апостолів, святого отця нашого Івана Золотоустого, архиєпископа Константинополя, святого, якого є храм, св. мч. Калістрата і дружини його, прп. Ніла, основника й ігумена монастиря Криптоферратського, і всіх святих - помилує і спасе нас як благий і людинолюбний.","Священик: Христос, істинний Бог наш - молитвами пречистої Своєї Матері, силою чесного і животворчого хреста, заступництвом святих славних і всехвальних апостолів, святого, якого є храм, св. мч. Калістрата і дружини його, прп. Ніла, основника й ігумена монастиря Криптоферратського, і всіх святих - помилує і спасе нас як благий і людинолюбний.",
Вересень,28.09,4,чт,"🕂 Прп. ісп. Харитона. Св. В'ячеслава, князя чеського. Собор прпп. отців Печерських, що спочивають у ближніх печерах прп. Антонія.","прп. ісп. Харитона, якого сьогодні пам'ять торжественно звершуємо, св. В'ячеслава, князя чеського, собор прпп. отців Печерських, що спочивають у ближніх печерах, прп. Антонія, свщмч. Никити Будки",ні,,,,"Священик: Христос, істинний Бог наш - молитвами пречистої Своєї Матері, святих славних і всехвальних апостолів, святого отця нашого Миколая, архиєпископа Мир Ликійських, чудотворця, святого отця нашого Івана Золотоустого, архиєпископа Константинополя, святого, якого є храм, прп. ісп. Харитона, якого сьогодні пам'ять торжественно звершуємо, св. В'ячеслава, князя чеського, собор прпп. отців Печерських, що спочивають у ближніх печерах, прп. Антонія, свщмч. Никити Будки і всіх святих - помилує і спасе нас як благий і людинолюбний.","Священик: Христос, істинний Бог наш - молитвами пречистої Своєї Матері, святих славних і всехвальних апостолів, святого отця нашого Миколая, архиєпископа Мир Ликійських, чудотворця, святого, якого є храм, прп. ісп. Харитона, якого сьогодні пам'ять торжественно звершуємо, св. В'ячеслава, князя чеського, собор прпп. отців Печерських, що спочивають у ближніх печерах, прп. Антонія, свщмч. Никити Будки і всіх святих - помилує і спасе нас як благий і людинолюбний.",
Вересень,29.09,5,пт,🕃 Прп. Киріяка самітника.,прп. Киріяка самітника,ні,,,,"Священик: Христос, істинний Бог наш - молитвами пречистої Своєї Матері, силою чесного і животворчого хреста, заступництвом святих славних і всехвальних апостолів, святого отця нашого Івана Золотоустого, архиєпископа Константинополя, святого, якого є храм, прп. Киріяка самітника і всіх святих - помилує і спасе нас як благий і людинолюбний.","Священик: Христос, істинний Бог наш - молитвами пречистої Своєї Матері, силою чесного і животворчого хреста, заступництвом святих славних і всехвальних апостолів, святого, якого є храм, прп. Киріяка самітника і всіх святих - помилує і спасе нас як благий і людинолюбний.",
Вересень,30.09,6,сб,"🕃 Св. свщмч. Григорія, єпископа Вірменії.","св. свщмч. Григорія, єпископа Вірменії,",ні,,,,"Священик: Христос, істинний Бог наш - молитвами пречистої Своєї Матері, силою чесного і животворчого Хреста, заступництвом чесних небесних сил безтілесних, чесного і славного пророка, предтечі і хрестителя Йоана, святих славних і всехвальних апостолів, святого отця нашого Миколая, архиєпископа Мир Ликійських, чудотворця, святих славних і переможних мучеників, преподобних і богоносних отців наших, святого отця нашого Івана Золотоустого, архиєпископа Константинополя, святих і праведних богоотців Йоакима й Анни, святого, якого є храм, св. свщмч. Григорія, єпископа Вірменії, і всіх святих - помилує і спасе нас як благий і людинолюбний.","Священик: Христос, істинний Бог наш - молитвами пречистої Своєї Матері, силою чесного і животворчого Хреста, заступництвом чесних небесних сил безтілесних, чесного і славного пророка, предтечі і хрестителя Йоана, святих славних і всехвальних апостолів, святого отця нашого Миколая, архиєпископа Мир Ликійських, чудотворця, святих славних і переможних мучеників, преподобних і богоносних отців наших, святих і праведних богоотців Йоакима й Анни, святого, якого є храм, св. свщмч. Григорія, єпископа Вірменії, і всіх святих - помилує і спасе нас як благий і людинолюбний.",
Жовтень,01.10,7,нд,"🕀 Покров Пресвятої Богородиці. Св. ап. Ананії, одного з сімдесятьох. Прп. Романа Сладкопівця.","св. ап. Ананії, одного з сімдесятьох, прп. Романа Сладкопівця",так,свято,,,"Священик: Христос, що воскрес із мертвих, істинний Бог наш, молитвами пречистої своєї Матері, якої Покрову сьогодні торжественний празник світло звершуємо, святих, славних і всехвальних апостолів, святого отця нашого Йоана Золотоустого, архиєпископа Константинополя, і всіх святих - помилує і спасе нас як благий і людинолюбний.","Священик: Христос, що воскрес із мертвих, істинний Бог наш, молитвами пречистої своєї Матері, якої Покрову сьогодні торжественний празник світло звершуємо, святих, славних і всехвальних апостолів, святого отця нашого Йоана Золотоустого, архиєпископа Константинополя, і всіх святих - помилує і спасе нас як благий і людинолюбний.",
Жовтень,02.10,1,пн,"🕃 Св. свщмч. Кипріяна. Св. мчц. Юстини. Св. Андрея, Христа ради юродивого.","св. свщмч. Кипріяна, св. мчц. Юстини, св. Андрея, Христа ради юродивого",ні,,,,"Священик: Христос, істинний Бог наш - молитвами пречистої Своєї Матері, заступництвом чесних небесних сил безтілесних, святих славних і всехвальних апостолів, святого отця нашого Івана Золотоустого, архиєпископа Константинополя, святого, якого є храм, св. свщмч. Кипріяна, св. мчц. Юстини, св. Андрея, Христа ради юродивого і всіх святих - помилує і спасе нас як благий і людинолюбний.","Священик: Христос, істинний Бог наш - молитвами пречистої Своєї Матері, заступництвом чесних небесних сил безтілесних, святих славних і всехвальних апостолів, святого, якого є храм, св. свщмч. Кипріяна, св. мчц. Юстини, св. Андрея, Христа ради юродивого і всіх святих - помилує і спасе нас як благий і людинолюбний.",
Жовтень,03.10,2,вв,🕃 Св. свщмч. Діонісія Ареопагіта.,св. свщмч. Діонісія Ареопагіта,ні,,,,"Священик: Христос, істинний Бог наш - молитвами пречистої Своєї Матері, чесного і славного пророка, предтечі і хрестителя Івана, святих славних і всехвальних апостолів, святого отця нашого Івана Золотоустого, архиєпископа Константинополя, святого, якого є храм, св. свщмч. Діонісія Ареопагіта і всіх святих - помилує і спасе нас як благий і людинолюбний.","Священик: Христос, істинний Бог наш - молитвами пречистої Своєї Матері, чесного і славного пророка, предтечі і хрестителя Івана, святих славних і всехвальних апостолів, святого, якого є храм, св. свщмч. Діонісія Ареопагіта і всіх святих - помилує і спасе нас як благий і людинолюбний.",
Жовтень,04.10,3,ср,"Св. свщмч. Єротея, єп. Атенського. Прп. отця Франциска Асижського.","св. свщмч. Єротея, єп. Атенського, прп. отця Франциска Асижського",ні,,,,"Священик: Христос, істинний Бог наш - молитвами пречистої Своєї Матері, силою чесного і животворчого хреста, заступництвом святих славних і всехвальних апостолів, святого отця нашого Івана Золотоустого, архиєпископа Константинополя, святого, якого є храм, св. свщмч. Єротея, єп. Атенського, прп. отця Франциска Асижського і всіх святих - помилує і спасе нас як благий і людинолюбний.","Священик: Христос, істинний Бог наш - молитвами пречистої Своєї Матері, силою чесного і животворчого хреста, заступництвом святих славних і всехвальних апостолів, святого, якого є храм, св. свщмч. Єротея, єп. Атенського, прп. отця Франциска Асижського і всіх святих - помилує і спасе нас як благий і людинолюбний.",
Жовтень,05.10,4,чт,Св. мчц. Харитини.,св. мчц. Харитини,ні,,,,"Священик: Христос, істинний Бог наш - молитвами пречистої Своєї Матері, святих славних і всехвальних апостолів, святого отця нашого Миколая, архиєпископа Мир Ликійських, чудотворця, святого отця нашого Івана Золотоустого, архиєпископа Константинополя, святого, якого є храм, св. мчц. Харитини і всіх святих - помилує і спасе нас як благий і людинолюбний.","Священик: Христос, істинний Бог наш - молитвами пречистої Своєї Матері, святих славних і всехвальних апостолів, святого отця нашого Миколая, архиєпископа Мир Ликійських, чудотворця, святого, якого є храм, св. мчц. Харитини і всіх святих - помилує і спасе нас як благий і людинолюбний.",
Жовтень,06.10,5,пт,🕂 Св. ап. Томи.,"св. ап. Томи, якого сьогодні пам'ять торжественно звершуємо,",ні,,,,"Священик: Христос, істинний Бог наш - молитвами пречистої Своєї Матері, силою чесного і животворчого хреста, заступництвом святих славних і всехвальних апостолів, святого отця нашого Івана Золотоустого, архиєпископа Константинополя, святого, якого є храм, св. ап. Томи, якого сьогодні пам'ять торжественно звершуємо, і всіх святих - помилує і спасе нас як благий і людинолюбний.","Священик: Христос, істинний Бог наш - молитвами пречистої Своєї Матері, силою чесного і животворчого хреста, заступництвом святих славних і всехвальних апостолів, святого, якого є храм, св. ап. Томи, якого сьогодні пам'ять торжественно звершуємо, і всіх святих - помилує і спасе нас як благий і людинолюбний.",
Жовтень,07.10,6,сб,🕃 Свв. мчч. Сергія і Вакха.,"свв. мчч. Сергія і Вакха,",ні,,,,"Священик: Христос, істинний Бог наш - молитвами пречистої Своєї Матері, силою чесного і животворчого Хреста, заступництвом чесних небесних сил безтілесних, чесного і славного пророка, предтечі і хрестителя Йоана, святих славних і всехвальних апостолів, святого отця нашого Миколая, архиєпископа Мир Ликійських, чудотворця, святих славних і переможних мучеників, преподобних і богоносних отців наших, святого отця нашого Івана Золотоустого, архиєпископа Константинополя, святих і праведних богоотців Йоакима й Анни, святого, якого є храм, свв. мчч. Сергія і Вакха, і всіх святих - помилує і спасе нас як благий і людинолюбний.","Священик: Христос, істинний Бог наш - молитвами пречистої Своєї Матері, силою чесного і животворчого Хреста, заступництвом чесних небесних сил безтілесних, чесного і славного пророка, предтечі і хрестителя Йоана, святих славних і всехвальних апостолів, святого отця нашого Миколая, архиєпископа Мир Ликійських, чудотворця, святих славних і переможних мучеників, преподобних і богоносних отців наших, святих і праведних богоотців Йоакима й Анни, святого, якого є храм, свв. мчч. Сергія і Вакха, і всіх святих - помилує і спасе нас як благий і людинолюбний.",
Жовтень,08.10,7,нд,Свв. Отців VII Вселенського Собору. Прп. Пелагії.,"свв. отців VII Вселенського Собору, прп. Пелагії",ні,,,,"Священик: Христос, що воскрес із мертвих, істинний Бог наш - молитвами пречистої Своєї Матері, святих славних і всехвальних апостолів, святого отця нашого Івана Золотоустого, архиєпископа Константинополя, святого, якого є храм, свв. отців VII Вселенського Собору, прп. Пелагії і всіх святих - помилує і спасе нас як благий і людинолюбний.","Священик: Христос, що воскрес із мертвих, істинний Бог наш - молитвами пречистої Своєї Матері, святих славних і всехвальних апостолів, святого, якого є храм, свв. отців VII Вселенського Собору, прп. Пелагії і всіх святих - помилує і спасе нас як благий і людинолюбний.",
Жовтень,09.10,1,пн,🕂 Св. ап. Якова Алфеєвого.,"св. ап. Якова Алфеєвого, якого сьогодні пам'ять торжественно звершуємо,",ні,,,,"Священик: Христос, істинний Бог наш - молитвами пречистої Своєї Матері, заступництвом чесних небесних сил безтілесних, святих славних і всехвальних апостолів, святого отця нашого Івана Золотоустого, архиєпископа Константинополя, святого, якого є храм, св. ап. Якова Алфеєвого, якого сьогодні пам'ять торжественно звершуємо, і всіх святих - помилує і спасе нас як благий і людинолюбний.","Священик: Христос, істинний Бог наш - молитвами пречистої Своєї Матері, заступництвом чесних небесних сил безтілесних, святих славних і всехвальних апостолів, святого, якого є храм, св. ап. Якова Алфеєвого, якого сьогодні пам'ять торжественно звершуємо, і всіх святих - помилує і спасе нас як благий і людинолюбний.",
Жовтень,10.10,2,вв,Свв. мчч. Євлампія і Євлампії.,"свв. мчч. Євлампія і Євлампії,",ні,,,,"Священик: Христос, істинний Бог наш - молитвами пречистої Своєї Матері, чесного і славного пророка, предтечі і хрестителя Івана, святих славних і всехвальних апостолів, святого отця нашого Івана Золотоустого, архиєпископа Константинополя, святого, якого є храм, свв. мчч. Євлампія і Євлампії, і всіх святих - помилує і спасе нас як благий і людинолюбний.","Священик: Христос, істинний Бог наш - молитвами пречистої Своєї Матері, чесного і славного пророка, предтечі і хрестителя Івана, святих славних і всехвальних апостолів, святого, якого є храм, свв. мчч. Євлампія і Євлампії, і всіх святих - помилує і спасе нас як благий і людинолюбний.",
Жовтень,11.10,3,ср,"Св. ап. Филипа, одного з семи дияконів. Прп. Теофана Начертанного, єп. Нікейського і творця канонів.","св. ап. Филипа, одного з семи дияконів, прп. Теофана Начертанного, єп. Нікейського і творця канонів,",ні,,,,"Священик: Христос, істинний Бог наш - молитвами пречистої Своєї Матері, силою чесного і животворчого хреста, заступництвом святих славних і всехвальних апостолів, святого отця нашого Івана Золотоустого, архиєпископа Константинополя, святого, якого є храм, св. ап. Филипа, одного з семи дияконів, прп. Теофана Начертанного, єп. Нікейського і творця канонів, і всіх святих - помилує і спасе нас як благий і людинолюбний.","Священик: Христос, істинний Бог наш - молитвами пречистої Своєї Матері, силою чесного і животворчого хреста, заступництвом святих славних і всехвальних апостолів, святого, якого є храм, св. ап. Филипа, одного з семи дияконів, прп. Теофана Начертанного, єп. Нікейського і творця канонів, і всіх святих - помилує і спасе нас як благий і людинолюбний.",
Жовтень,12.10,4,чт,"Свв. мчч. Прова, Тараха й Андроніка. Прп. Косми Святоградця, єп. Маюмського і творця канонів. Пам'ять св. Мартина Милостивого, єп. Туринського.","свв. мчч. Прова, Тараха й Андроніка, прп. Косми Святоградця, єп. Маюмського і творця канонів, св. Мартина Милостивого, єп. Туринського,",ні,,,,"Священик: Христос, істинний Бог наш - молитвами пречистої Своєї Матері, святих славних і всехвальних апостолів, святого отця нашого Миколая, архиєпископа Мир Ликійських, чудотворця, святого отця нашого Івана Золотоустого, архиєпископа Константинополя, святого, якого є храм, свв. мчч. Прова, Тараха й Андроніка, прп. Косми Святоградця, єп. Маюмського і творця канонів, св. Мартина Милостивого, єп. Туринського, і всіх святих - помилує і спасе нас як благий і людинолюбний.","Священик: Христос, істинний Бог наш - молитвами пречистої Своєї Матері, святих славних і всехвальних апостолів, святого отця нашого Миколая, архиєпископа Мир Ликійських, чудотворця, святого, якого є храм, свв. мчч. Прова, Тараха й Андроніка, прп. Косми Святоградця, єп. Маюмського і творця канонів, св. Мартина Милостивого, єп. Туринського, і всіх святих - помилує і спасе нас як благий і людинолюбний.",
Жовтень,13.10,5,пт,"Свв. мчч. Карпа, Папили й Агатоніки мч.","свв. мчч. Карпа, Папили й Агатоніки,",ні,,,,"Священик: Христос, істинний Бог наш - молитвами пречистої Своєї Матері, силою чесного і животворчого хреста, заступництвом святих славних і всехвальних апостолів, святого отця нашого Івана Золотоустого, архиєпископа Константинополя, святого, якого є храм, свв. мчч. Карпа, Папили й Агатоніки, і всіх святих - помилує і спасе нас як благий і людинолюбний.","Священик: Христос, істинний Бог наш - молитвами пречистої Своєї Матері, силою чесного і животворчого хреста, заступництвом святих славних і всехвальних апостолів, святого, якого є храм, свв. мчч. Карпа, Папили й Агатоніки, і всіх святих - помилує і спасе нас як благий і людинолюбний.",
Жовтень,14.10,6,сб,Свв. мчч. Назарія Гервасія Протасія й Келсія. 🕃 Прп. Параскеви Терновської.,"свв. мчч. Назарія Гервасія Протасія й Келсія, прп. Параскеви Терновської, cвщмч. Романа Лиска, пресв.,",ні,,,,"Священик: Христос, істинний Бог наш - молитвами пречистої Своєї Матері, силою чесного і животворчого Хреста, заступництвом чесних небесних сил безтілесних, чесного і славного пророка, предтечі і хрестителя Йоана, святих славних і всехвальних апостолів, святого отця нашого Миколая, архиєпископа Мир Ликійських, чудотворця, святих славних і переможних мучеників, преподобних і богоносних отців наших, святого отця нашого Івана Золотоустого, архиєпископа Константинополя, святих і праведних богоотців Йоакима й Анни, святого, якого є храм, свв. мчч. Назарія Гервасія Протасія й Келсія, прп. Параскеви Терновської, cвщмч. Романа Лиска, пресв., і всіх святих - помилує і спасе нас як благий і людинолюбний.","Священик: Христос, істинний Бог наш - молитвами пречистої Своєї Матері, силою чесного і животворчого Хреста, заступництвом чесних небесних сил безтілесних, чесного і славного пророка, предтечі і хрестителя Йоана, святих славних і всехвальних апостолів, святого отця нашого Миколая, архиєпископа Мир Ликійських, чудотворця, святих славних і переможних мучеників, преподобних і богоносних отців наших, святих і праведних богоотців Йоакима й Анни, святого, якого є храм, свв. мчч. Назарія Гервасія Протасія й Келсія, прп. Параскеви Терновської, cвщмч. Романа Лиска, пресв., і всіх святих - помилує і спасе нас як благий і людинолюбний.",
Жовтень,15.10,7,нд,"Прп. Євтимія Нового. Св. прпмч. Лукіяна, пресвітера Великої Антіохії.","прп. Євтимія Нового, св. прпмч. Лукіяна, пресвітера Великої Антіохії,",ні,,,,"Священик: Христос, що воскрес із мертвих, істинний Бог наш - молитвами пречистої Своєї Матері, святих славних і всехвальних апостолів, святого отця нашого Івана Золотоустого, архиєпископа Константинополя, святого, якого є храм, прп. Євтимія Нового, св. прпмч. Лукіяна, пресвітера Великої Антіохії, і всіх святих - помилує і спасе нас як благий і людинолюбний.","Священик: Христос, що воскрес із мертвих, істинний Бог наш - молитвами пречистої Своєї Матері, святих славних і всехвальних апостолів, святого, якого є храм, прп. Євтимія Нового, св. прпмч. Лукіяна, пресвітера Великої Антіохії, і всіх святих - помилує і спасе нас як благий і людинолюбний.",
Жовтень,16.10,1,пн,Св. мч. Лонгина сотника.,св. мч. Лонгина сотника,ні,,,,"Священик: Христос, істинний Бог наш - молитвами пречистої Своєї Матері, заступництвом чесних небесних сил безтілесних, святих славних і всехвальних апостолів, святого отця нашого Івана Золотоустого, архиєпископа Константинополя, святого, якого є храм, св. мч. Лонгина сотника і всіх святих - помилує і спасе нас як благий і людинолюбний.","Священик: Христос, істинний Бог наш - молитвами пречистої Своєї Матері, заступництвом чесних небесних сил безтілесних, святих славних і всехвальних апостолів, святого, якого є храм, св. мч. Лонгина сотника і всіх святих - помилує і спасе нас як благий і людинолюбний.",
Жовтень,17.10,2,вв,Св. прор. Осії. Св. прпмч. Андрея Критського.,"св. прор. Осії, св. прпмч. Андрея Критського",ні,,,,"Священик: Христос, істинний Бог наш - молитвами пречистої Своєї Матері, чесного і славного пророка, предтечі і хрестителя Івана, святих славних і всехвальних апостолів, святого отця нашого Івана Золотоустого, архиєпископа Константинополя, святого, якого є храм, св. прор. Осії, св. прпмч. Андрея Критського і всіх святих - помилує і спасе нас як благий і людинолюбний.","Священик: Христос, істинний Бог наш - молитвами пречистої Своєї Матері, чесного і славного пророка, предтечі і хрестителя Івана, святих славних і всехвальних апостолів, святого, якого є храм, св. прор. Осії, св. прпмч. Андрея Критського і всіх святих - помилує і спасе нас як благий і людинолюбний.",
Жовтень,18.10,3,ср,🕂 Св. ап. і єв. Луки.,"св. ап. і єв. Луки, якого сьогодні пам'ять торжественно звершуємо,",ні,,,,"Священик: Христос, істинний Бог наш - молитвами пречистої Своєї Матері, силою чесного і животворчого хреста, заступництвом святих славних і всехвальних апостолів, святого отця нашого Івана Золотоустого, архиєпископа Константинополя, святого, якого є храм, св. ап. і єв. Луки, якого сьогодні пам'ять торжественно звершуємо, і всіх святих - помилує і спасе нас як благий і людинолюбний.","Священик: Христос, істинний Бог наш - молитвами пречистої Своєї Матері, силою чесного і животворчого хреста, заступництвом святих славних і всехвальних апостолів, святого, якого є храм, св. ап. і єв. Луки, якого сьогодні пам'ять торжественно звершуємо, і всіх святих - помилує і спасе нас як благий і людинолюбний.",
Жовтень,19.10,4,чт,Св. прор. Йоїла. Св. мч. Уара. Прп. Йоана Рильського.,"св. прор. Йоїла, св. мч. Уара, прп. Йоана Рильського",ні,,,,"Священик: Христос, істинний Бог наш - молитвами пречистої Своєї Матері, святих славних і всехвальних апостолів, святого отця нашого Миколая, архиєпископа Мир Ликійських, чудотворця, святого отця нашого Івана Золотоустого, архиєпископа Константинополя, святого, якого є храм, св. прор. Йоїла, св. мч. Уара, прп. Йоана Рильського і всіх святих - помилує і спасе нас як благий і людинолюбний.","Священик: Христос, істинний Бог наш - молитвами пречистої Своєї Матері, святих славних і всехвальних апостолів, святого отця нашого Миколая, архиєпископа Мир Ликійських, чудотворця, святого, якого є храм, св. прор. Йоїла, св. мч. Уара, прп. Йоана Рильського і всіх святих - помилує і спасе нас як благий і людинолюбний.",
Жовтень,20.10,5,пт,🕃 Св. влкмч. Артемія.,св. влкмч. Артемія,ні,,,,"Священик: Христос, істинний Бог наш - молитвами пречистої Своєї Матері, силою чесного і животворчого хреста, заступництвом святих славних і всехвальних апостолів, святого отця нашого Івана Золотоустого, архиєпископа Константинополя, святого, якого є храм, св. влкмч. Артемія і всіх святих - помилує і спасе нас як благий і людинолюбний.","Священик: Христос, істинний Бог наш - молитвами пречистої Своєї Матері, силою чесного і животворчого хреста, заступництвом святих славних і всехвальних апостолів, святого, якого є храм, св. влкмч. Артемія і всіх святих - помилує і спасе нас як благий і людинолюбний.",
Жовтень,21.10,6,сб,🕃 Прп. Іларіона Великого.,прп. Іларіона Великого,ні,,,,"Священик: Христос, істинний Бог наш - молитвами пречистої Своєї Матері, силою чесного і животворчого Хреста, заступництвом чесних небесних сил безтілесних, чесного і славного пророка, предтечі і хрестителя Йоана, святих славних і всехвальних апостолів, святого отця нашого Миколая, архиєпископа Мир Ликійських, чудотворця, святих славних і переможних мучеників, преподобних і богоносних отців наших, святого отця нашого Івана Золотоустого, архиєпископа Константинополя, святих і праведних богоотців Йоакима й Анни, святого, якого є храм, прп. Іларіона Великого і всіх святих - помилує і спасе нас як благий і людинолюбний.","Священик: Христос, істинний Бог наш - молитвами пречистої Своєї Матері, силою чесного і животворчого Хреста, заступництвом чесних небесних сил безтілесних, чесного і славного пророка, предтечі і хрестителя Йоана, святих славних і всехвальних апостолів, святого отця нашого Миколая, архиєпископа Мир Ликійських, чудотворця, святих славних і переможних мучеників, преподобних і богоносних отців наших, святих і праведних богоотців Йоакима й Анни, святого, якого є храм, прп. Іларіона Великого і всіх святих - помилує і спасе нас як благий і людинолюбний.",
Жовтень,22.10,7,нд,"Св. рівноап. Аверкія, єп. Єрапольського, чудотворця. Свв. сімох отроків, що в Ефесі.","св. рівноап. Аверкія, єп. Єрапольського, чудотворця, свв. сімох отроків, що в Ефесі,",ні,,,,"Священик: Христос, що воскрес із мертвих, істинний Бог наш - молитвами пречистої Своєї Матері, святих славних і всехвальних апостолів, святого отця нашого Івана Золотоустого, архиєпископа Константинополя, святого, якого є храм, св. рівноап. Аверкія, єп. Єрапольського, чудотворця, свв. сімох отроків, що в Ефесі, і всіх святих - помилує і спасе нас як благий і людинолюбний.","Священик: Христос, що воскрес із мертвих, істинний Бог наш - молитвами пречистої Своєї Матері, святих славних і всехвальних апостолів, святого, якого є храм, св. рівноап. Аверкія, єп. Єрапольського, чудотворця, свв. сімох отроків, що в Ефесі, і всіх святих - помилує і спасе нас як благий і людинолюбний.",
Жовтень,23.10,1,пн,"🕃 Св. ап. Якова, по плоті брата Господнього.","св. ап. Якова, по плоті брата Господнього,",ні,,,,"Священик: Христос, істинний Бог наш - молитвами пречистої Своєї Матері, заступництвом чесних небесних сил безтілесних, святих славних і всехвальних апостолів, святого отця нашого Івана Золотоустого, архиєпископа Константинополя, святого, якого є храм, св. ап. Якова, по плоті брата Господнього, і всіх святих - помилує і спасе нас як благий і людинолюбний.","Священик: Христос, істинний Бог наш - молитвами пречистої Своєї Матері, заступництвом чесних небесних сил безтілесних, святих славних і всехвальних апостолів, святого, якого є храм, св. ап. Якова, по плоті брата Господнього, і всіх святих - помилує і спасе нас як благий і людинолюбний.",
Жовтень,24.10,2,вв,"Св. мч. Арети і тих, що з ним.","св. мч. Арети і тих, що з ним,",ні,,,,"Священик: Христос, істинний Бог наш - молитвами пречистої Своєї Матері, чесного і славного пророка, предтечі і хрестителя Івана, святих славних і всехвальних апостолів, святого отця нашого Івана Золотоустого, архиєпископа Константинополя, святого, якого є храм, св. мч. Арети і тих, що з ним, і всіх святих - помилує і спасе нас як благий і людинолюбний.","Священик: Христос, істинний Бог наш - молитвами пречистої Своєї Матері, чесного і славного пророка, предтечі і хрестителя Івана, святих славних і всехвальних апостолів, святого, якого є храм, св. мч. Арети і тих, що з ним, і всіх святих - помилує і спасе нас як благий і людинолюбний.",
Жовтень,25.10,3,ср,Свв. мчч. і нотарів Маркіяна й Мартирія.,"свв. мчч. і нотарів Маркіяна й Мартирія,",ні,,,,"Священик: Христос, істинний Бог наш - молитвами пречистої Своєї Матері, силою чесного і животворчого хреста, заступництвом святих славних і всехвальних апостолів, святого отця нашого Івана Золотоустого, архиєпископа Константинополя, святого, якого є храм, свв. мчч. і нотарів Маркіяна й Мартирія, і всіх святих - помилує і спасе нас як благий і людинолюбний.","Священик: Христос, істинний Бог наш - молитвами пречистої Своєї Матері, силою чесного і животворчого хреста, заступництвом святих славних і всехвальних апостолів, святого, якого є храм, свв. мчч. і нотарів Маркіяна й Мартирія, і всіх святих - помилує і спасе нас як благий і людинолюбний.",
Жовтень,26.10,4,чт,🕁 Св. і славного влкмч. Димитрія Мироточця.,"св. і славного влкмч. Димитрія Мироточця, якого сьогодні пам'ять торжественно звершуємо,",ні,,,,"Священик: Христос, істинний Бог наш - молитвами пречистої Своєї Матері, святих славних і всехвальних апостолів, святого отця нашого Миколая, архиєпископа Мир Ликійських, чудотворця, святого отця нашого Івана Золотоустого, архиєпископа Константинополя, святого, якого є храм, св. і славного влкмч. Димитрія Мироточця, якого сьогодні пам'ять торжественно звершуємо, і всіх святих - помилує і спасе нас як благий і людинолюбний.","Священик: Христос, істинний Бог наш - молитвами пречистої Своєї Матері, святих славних і всехвальних апостолів, святого отця нашого Миколая, архиєпископа Мир Ликійських, чудотворця, святого, якого є храм, св. і славного влкмч. Димитрія Мироточця, якого сьогодні пам'ять торжественно звершуємо, і всіх святих - помилує і спасе нас як благий і людинолюбний.",
Жовтень,27.10,5,пт,Св. мчч. Нестора. Свв. мчцц. Капетоліни і рабині її Єротиїди.,"св. мчч. Нестора, свв. мчцц. Капетоліни і рабині її Єротиїди,",ні,,,,"Священик: Христос, істинний Бог наш - молитвами пречистої Своєї Матері, силою чесного і животворчого хреста, заступництвом святих славних і всехвальних апостолів, святого отця нашого Івана Золотоустого, архиєпископа Константинополя, святого, якого є храм, св. мчч. Нестора, свв. мчцц. Капетоліни і рабині її Єротиїди, і всіх святих - помилує і спасе нас як благий і людинолюбний.","Священик: Христос, істинний Бог наш - молитвами пречистої Своєї Матері, силою чесного і животворчого хреста, заступництвом святих славних і всехвальних апостолів, святого, якого є храм, св. мчч. Нестора, свв. мчцц. Капетоліни і рабині її Єротиїди, і всіх святих - помилує і спасе нас як благий і людинолюбний.",
Жовтень,28.10,6,сб,"Свв. мчч. Терентія й Неоніли. Прп. Стефана Савваїта, творця канонів. 🕃 Св. мчц. Параскеви, що в Іконії, названої П'ятниця.","свв. мчч. Терентія й Неоніли, прп. Стефана Савваїта, творця канонів, св. мчц. Параскеви, що в Іконії, названої П'ятниця,",ні,,,,"Священик: Христос, істинний Бог наш - молитвами пречистої Своєї Матері, силою чесного і животворчого Хреста, заступництвом чесних небесних сил безтілесних, чесного і славного пророка, предтечі і хрестителя Йоана, святих славних і всехвальних апостолів, святого отця нашого Миколая, архиєпископа Мир Ликійських, чудотворця, святих славних і переможних мучеників, преподобних і богоносних отців наших, святого отця нашого Івана Золотоустого, архиєпископа Константинополя, святих і праведних богоотців Йоакима й Анни, святого, якого є храм, свв. мчч. Терентія й Неоніли, прп. Стефана Савваїта, творця канонів, св. мчц. Параскеви, що в Іконії, названої П'ятниця, і всіх святих - помилує і спасе нас як благий і людинолюбний.","Священик: Христос, істинний Бог наш - молитвами пречистої Своєї Матері, силою чесного і животворчого Хреста, заступництвом чесних небесних сил безтілесних, чесного і славного пророка, предтечі і хрестителя Йоана, святих славних і всехвальних апостолів, святого отця нашого Миколая, архиєпископа Мир Ликійських, чудотворця, святих славних і переможних мучеників, преподобних і богоносних отців наших, святих і праведних богоотців Йоакима й Анни, святого, якого є храм, свв. мчч. Терентія й Неоніли, прп. Стефана Савваїта, творця канонів, св. мчц. Параскеви, що в Іконії, названої П'ятниця, і всіх святих - помилує і спасе нас як благий і людинолюбний.",
Жовтень,29.10,7,нд,"Св. прпмчц. Анастасії Римлянки. Переставлення прп. Аврамія архимандрита, Ростовського чудотворця.","св. прпмчц. Анастасії Римлянки, прп. Аврамія архимандрита, Ростовського чудотворця,",ні,,,,"Священик: Христос, що воскрес із мертвих, істинний Бог наш - молитвами пречистої Своєї Матері, святих славних і всехвальних апостолів, святого отця нашого Івана Золотоустого, архиєпископа Константинополя, святого, якого є храм, св. прпмчц. Анастасії Римлянки, прп. Аврамія архимандрита, Ростовського чудотворця, і всіх святих - помилує і спасе нас як благий і людинолюбний.","Священик: Христос, що воскрес із мертвих, істинний Бог наш - молитвами пречистої Своєї Матері, святих славних і всехвальних апостолів, святого, якого є храм, св. прпмчц. Анастасії Римлянки, прп. Аврамія архимандрита, Ростовського чудотворця, і всіх святих - помилує і спасе нас як благий і людинолюбний.",
Жовтень,30.10,1,пн,"Св. мчч. Зиновія й Зиновії, сестри його. Свщмч. Олексія Зарицького, пресв.","св. мчч. Зиновія й Зиновії, сестри його, свщмч. Олексія Зарицького, пресв.,",ні,,,,"Священик: Христос, істинний Бог наш - молитвами пречистої Своєї Матері, заступництвом чесних небесних сил безтілесних, святих славних і всехвальних апостолів, святого отця нашого Івана Золотоустого, архиєпископа Константинополя, святого, якого є храм, св. мчч. Зиновія й Зиновії, сестри його, свщмч. Олексія Зарицького, пресв., і всіх святих - помилує і спасе нас як благий і людинолюбний.","Священик: Христос, істинний Бог наш - молитвами пречистої Своєї Матері, заступництвом чесних небесних сил безтілесних, святих славних і всехвальних апостолів, святого, якого є храм, св. мчч. Зиновія й Зиновії, сестри його, свщмч. Олексія Зарицького, пресв., і всіх святих - помилує і спасе нас як благий і людинолюбний.",
Жовтень,31.10,2,вв,"Свв. апп. Стахія, Амплія і тих, що з ними. Св. мч. Єпімаха.","свв. апп. Стахія, Амплія і тих, що з ними, св. мч. Єпімаха, cвщмч. Олексія Зарицького, пресв.,",ні,,,,"Священик: Христос, істинний Бог наш - молитвами пречистої Своєї Матері, чесного і славного пророка, предтечі і хрестителя Івана, святих славних і всехвальних апостолів, святого отця нашого Івана Золотоустого, архиєпископа Константинополя, святого, якого є храм, свв. апп. Стахія, Амплія і тих, що з ними, св. мч. Єпімаха, cвщмч. Олексія Зарицького, пресв., і всіх святих - помилує і спасе нас як благий і людинолюбний.","Священик: Христос, істинний Бог наш - молитвами пречистої Своєї Матері, чесного і славного пророка, предтечі і хрестителя Івана, святих славних і всехвальних апостолів, святого, якого є храм, свв. апп. Стахія, Амплія і тих, що з ними, св. мч. Єпімаха, cвщмч. Олексія Зарицького, пресв., і всіх святих - помилує і спасе нас як благий і людинолюбний.",
Листопад,01.11,3,ср,Бл. свщмч. єп. Теодора (Ромжі). Свв. чудотворців і безсрібників Косми й Дам'яна,"священномученика Теодора Ромжі, єпископа Мукачівського, якого сьогодні пам'ять торжественно звершуємо, святих чудотворців і безсрібників Косми й Дам'яна, преподобної Теодотії, їхньої матері,",ні,,,,"Священик: Христос, істинний Бог наш - молитвами пречистої Своєї Матері, силою чесного і животворчого хреста, заступництвом святих славних і всехвальних апостолів, святого отця нашого Івана Золотоустого, архиєпископа Константинополя, святого, якого є храм, священномученика Теодора Ромжі, єпископа Мукачівського, якого сьогодні пам'ять торжественно звершуємо, святих чудотворців і безсрібників Косми й Дам'яна, преподобної Теодотії, їхньої матері, і всіх святих - помилує і спасе нас як благий і людинолюбний.","Священик: Христос, істинний Бог наш - молитвами пречистої Своєї Матері, силою чесного і животворчого хреста, заступництвом святих славних і всехвальних апостолів, святого, якого є храм, священномученика Теодора Ромжі, єпископа Мукачівського, якого сьогодні пам'ять торжественно звершуємо, святих чудотворців і безсрібників Косми й Дам'яна, преподобної Теодотії, їхньої матері, і всіх святих - помилує і спасе нас як благий і людинолюбний.",
Листопад,02.11,4,чт,"Свв. мчч. Акиндина, Пигасія, Афтонія, Єлпидифора й Анемподиста","святих мучеників Акиндина, Пигасія, Афтонія, Єлпидифора й Анемподиста,",ні,,,,"Священик: Христос, істинний Бог наш - молитвами пречистої Своєї Матері, святих славних і всехвальних апостолів, святого отця нашого Миколая, архиєпископа Мир Ликійських, чудотворця, святого отця нашого Івана Золотоустого, архиєпископа Константинополя, святого, якого є храм, святих мучеників Акиндина, Пигасія, Афтонія, Єлпидифора й Анемподиста, і всіх святих - помилує і спасе нас як благий і людинолюбний.","Священик: Христос, істинний Бог наш - молитвами пречистої Своєї Матері, святих славних і всехвальних апостолів, святого отця нашого Миколая, архиєпископа Мир Ликійських, чудотворця, святого, якого є храм, святих мучеників Акиндина, Пигасія, Афтонія, Єлпидифора й Анемподиста, і всіх святих - помилує і спасе нас як благий і людинолюбний.",
Листопад,03.11,5,пт,"Свв. мчч. Акепсими, єп., Йосифа, пресв., і Аїтала, диякона. Оновлення храму св. влкмч. Юрія, що в Лідді","святих мучеників Акепсими, єпископа, Йосифа, пресвітера, і Аїтала, диякона, святого великомученика Юрія",ні,,,,"Священик: Христос, істинний Бог наш - молитвами пречистої Своєї Матері, силою чесного і животворчого хреста, заступництвом святих славних і всехвальних апостолів, святого отця нашого Івана Золотоустого, архиєпископа Константинополя, святого, якого є храм, святих мучеників Акепсими, єпископа, Йосифа, пресвітера, і Аїтала, диякона, святого великомученика Юрія і всіх святих - помилує і спасе нас як благий і людинолюбний.","Священик: Христос, істинний Бог наш - молитвами пречистої Своєї Матері, силою чесного і животворчого хреста, заступництвом святих славних і всехвальних апостолів, святого, якого є храм, святих мучеників Акепсими, єпископа, Йосифа, пресвітера, і Аїтала, диякона, святого великомученика Юрія і всіх святих - помилує і спасе нас як благий і людинолюбний.",
Листопад,04.11,6,сб,"Прп. Йоаникія Великого. Св. мч. Никандра, єп. Мирського. Св. Єрмея, пресв. Свщмч. Йосафата Коциловського","преподобного отця нашого Йоанікія Великого, святих мучеників Никандра, єпископа Мирського, святого Єрмея, пресвітера,",ні,,,,"Священик: Христос, істинний Бог наш - молитвами пречистої Своєї Матері, силою чесного і животворчого Хреста, заступництвом чесних небесних сил безтілесних, чесного і славного пророка, предтечі і хрестителя Йоана, святих славних і всехвальних апостолів, святого отця нашого Миколая, архиєпископа Мир Ликійських, чудотворця, святих славних і переможних мучеників, преподобних і богоносних отців наших, святого отця нашого Івана Золотоустого, архиєпископа Константинополя, святих і праведних богоотців Йоакима й Анни, святого, якого є храм, преподобного отця нашого Йоанікія Великого, святих мучеників Никандра, єпископа Мирського, святого Єрмея, пресвітера, і всіх святих - помилує і спасе нас як благий і людинолюбний.","Священик: Христос, істинний Бог наш - молитвами пречистої Своєї Матері, силою чесного і животворчого Хреста, заступництвом чесних небесних сил безтілесних, чесного і славного пророка, предтечі і хрестителя Йоана, святих славних і всехвальних апостолів, святого отця нашого Миколая, архиєпископа Мир Ликійських, чудотворця, святих славних і переможних мучеників, преподобних і богоносних отців наших, святих і праведних богоотців Йоакима й Анни, святого, якого є храм, преподобного отця нашого Йоанікія Великого, святих мучеників Никандра, єпископа Мирського, святого Єрмея, пресвітера, і всіх святих - помилує і спасе нас як благий і людинолюбний.",
Листопад,05.11,7,нд,Свв. мчч. Галактіона і Єпістими,"святих мучеників Галактіона і Єпістими,",ні,,,,"Священик: Христос, що воскрес із мертвих, істинний Бог наш - молитвами пречистої Своєї Матері, святих славних і всехвальних апостолів, святого отця нашого Івана Золотоустого, архиєпископа Константинополя, святого, якого є храм, святих мучеників Галактіона і Єпістими, і всіх святих - помилує і спасе нас як благий і людинолюбний.","Священик: Христос, що воскрес із мертвих, істинний Бог наш - молитвами пречистої Своєї Матері, святих славних і всехвальних апостолів, святого, якого є храм, святих мучеників Галактіона і Єпістими, і всіх святих - помилує і спасе нас як благий і людинолюбний.",
Листопад,06.11,1,пн,"Св. Павла, архиєп. Царгородського, ісп.","святого Павла, архиєпископа Царгородського, ісповідника,",ні,,,,"Священик: Христос, істинний Бог наш - молитвами пречистої Своєї Матері, заступництвом чесних небесних сил безтілесних, святих славних і всехвальних апостолів, святого отця нашого Івана Золотоустого, архиєпископа Константинополя, святого, якого є храм, святого Павла, архиєпископа Царгородського, ісповідника, і всіх святих - помилує і спасе нас як благий і людинолюбний.","Священик: Христос, істинний Бог наш - молитвами пречистої Своєї Матері, заступництвом чесних небесних сил безтілесних, святих славних і всехвальних апостолів, святого, якого є храм, святого Павла, архиєпископа Царгородського, ісповідника, і всіх святих - помилує і спасе нас як благий і людинолюбний.",
Листопад,07.11,2,вв,"Свв. 33-х мчч., що в Мелітині. Прп. і чудотв. Лазаря. Прп. Йосафати Гордашевської","святих тридцяти трьої мучеників, що в Мелітині, преподобного отця нашого і чудотворця Лазаря, що постив на Галисійській горі,",ні,,,,"Священик: Христос, істинний Бог наш - молитвами пречистої Своєї Матері, чесного і славного пророка, предтечі і хрестителя Івана, святих славних і всехвальних апостолів, святого отця нашого Івана Золотоустого, архиєпископа Константинополя, святого, якого є храм, святих тридцяти трьої мучеників, що в Мелітині, преподобного отця нашого і чудотворця Лазаря, що постив на Галисійській горі, і всіх святих - помилує і спасе нас як благий і людинолюбний.","Священик: Христос, істинний Бог наш - молитвами пречистої Своєї Матері, чесного і славного пророка, предтечі і хрестителя Івана, святих славних і всехвальних апостолів, святого, якого є храм, святих тридцяти трьої мучеників, що в Мелітині, преподобного отця нашого і чудотворця Лазаря, що постив на Галисійській горі, і всіх святих - помилує і спасе нас як благий і людинолюбний.",
Листопад,08.11,3,ср,Собор св. архистратига Михаїла та інших безплотних сил,"святого архистратига Михаїла та інших безтілесних сил, що їх собору сьогодні пам'ять торжественно звершуємо",ні,,,,"Священик: Христос, істинний Бог наш - молитвами пречистої Своєї Матері, силою чесного і животворчого хреста, заступництвом святих славних і всехвальних апостолів, святого отця нашого Івана Золотоустого, архиєпископа Константинополя, святого, якого є храм, святого архистратига Михаїла та інших безтілесних сил, що їх собору сьогодні пам'ять торжественно звершуємо і всіх святих - помилує і спасе нас як благий і людинолюбний.","Священик: Христос, істинний Бог наш - молитвами пречистої Своєї Матері, силою чесного і животворчого хреста, заступництвом святих славних і всехвальних апостолів, святого, якого є храм, святого архистратига Михаїла та інших безтілесних сил, що їх собору сьогодні пам'ять торжественно звершуємо і всіх святих - помилує і спасе нас як благий і людинолюбний.",
Листопад,09.11,4,чт,"Свв. мчч. Онисифора й Порфирія. Прп. Матрони. Прп. Теоктисти, що з Лезви","святих мучеників Онисифора й Порфирія, преподобної матері нашої Матрони, преподобної Теоктисти, що з Лезви,",ні,,,,"Священик: Христос, істинний Бог наш - молитвами пречистої Своєї Матері, святих славних і всехвальних апостолів, святого отця нашого Миколая, архиєпископа Мир Ликійських, чудотворця, святого отця нашого Івана Золотоустого, архиєпископа Константинополя, святого, якого є храм, святих мучеників Онисифора й Порфирія, преподобної матері нашої Матрони, преподобної Теоктисти, що з Лезви, і всіх святих - помилує і спасе нас як благий і людинолюбний.","Священик: Христос, істинний Бог наш - молитвами пречистої Своєї Матері, святих славних і всехвальних апостолів, святого отця нашого Миколая, архиєпископа Мир Ликійських, чудотворця, святого, якого є храм, святих мучеників Онисифора й Порфирія, преподобної матері нашої Матрони, преподобної Теоктисти, що з Лезви, і всіх святих - помилує і спасе нас як благий і людинолюбний.",
Листопад,10.11,5,пт,"Свв. апп. Ераста, Олімпа, Родіона і тих, що з ними","святих апостолів Ераста, Олімпа, Родіона і тих, що з ними,",ні,,,,"Священик: Христос, істинний Бог наш - молитвами пречистої Своєї Матері, силою чесного і животворчого хреста, заступництвом святих славних і всехвальних апостолів, святого отця нашого Івана Золотоустого, архиєпископа Константинополя, святого, якого є храм, святих апостолів Ераста, Олімпа, Родіона і тих, що з ними, і всіх святих - помилує і спасе нас як благий і людинолюбний.","Священик: Христос, істинний Бог наш - молитвами пречистої Своєї Матері, силою чесного і животворчого хреста, заступництвом святих славних і всехвальних апостолів, святого, якого є храм, святих апостолів Ераста, Олімпа, Родіона і тих, що з ними, і всіх святих - помилує і спасе нас як благий і людинолюбний.",
Листопад,11.11,6,сб,"Свв. мчч. Мини, Віктора й Вінкентія. Св. мч. Стефаніди. Прп. й ісп. Теодора Студита","святих мучеників Мини, Віктора й Вінкентія, святої мучениці Стефаніди, преподобного отця нашого й ісповідника Теодора Студита",ні,,,,"Священик: Христос, істинний Бог наш - молитвами пречистої Своєї Матері, силою чесного і животворчого Хреста, заступництвом чесних небесних сил безтілесних, чесного і славного пророка, предтечі і хрестителя Йоана, святих славних і всехвальних апостолів, святого отця нашого Миколая, архиєпископа Мир Ликійських, чудотворця, святих славних і переможних мучеників, преподобних і богоносних отців наших, святого отця нашого Івана Золотоустого, архиєпископа Константинополя, святих і праведних богоотців Йоакима й Анни, святого, якого є храм, святих мучеників Мини, Віктора й Вінкентія, святої мучениці Стефаніди, преподобного отця нашого й ісповідника Теодора Студита і всіх святих - помилує і спасе нас як благий і людинолюбний.","Священик: Христос, істинний Бог наш - молитвами пречистої Своєї Матері, силою чесного і животворчого Хреста, заступництвом чесних небесних сил безтілесних, чесного і славного пророка, предтечі і хрестителя Йоана, святих славних і всехвальних апостолів, святого отця нашого Миколая, архиєпископа Мир Ликійських, чудотворця, святих славних і переможних мучеників, преподобних і богоносних отців наших, святих і праведних богоотців Йоакима й Анни, святого, якого є храм, святих мучеників Мини, Віктора й Вінкентія, святої мучениці Стефаніди, преподобного отця нашого й ісповідника Теодора Студита і всіх святих - помилує і спасе нас як благий і людинолюбний.",
Листопад,12.11,7,нд,"Св. Йоана Милостивого, патр. Олександрійського. Прп. Ніла. Св. свщмч. Йосафата, архиєп. Полоцького","святого свяшенномученика Йосафата, архиєпископа Полоцького, якого сьогодні пам'ять торжественно звершуємо, святителя Івана Милостивого, патріарха Олександрійського, преподобного отця нашого Ніла, блаженного священномученика Григорія Лакоти, єпископа,",ні,,,,"Священик: Христос, що воскрес із мертвих, істинний Бог наш - молитвами пречистої Своєї Матері, святих славних і всехвальних апостолів, святого отця нашого Івана Золотоустого, архиєпископа Константинополя, святого, якого є храм, святого свяшенномученика Йосафата, архиєпископа Полоцького, якого сьогодні пам'ять торжественно звершуємо, святителя Івана Милостивого, патріарха Олександрійського, преподобного отця нашого Ніла, блаженного священномученика Григорія Лакоти, єпископа, і всіх святих - помилує і спасе нас як благий і людинолюбний.","Священик: Христос, що воскрес із мертвих, істинний Бог наш - молитвами пречистої Своєї Матері, святих славних і всехвальних апостолів, святого, якого є храм, святого свяшенномученика Йосафата, архиєпископа Полоцького, якого сьогодні пам'ять торжественно звершуємо, святителя Івана Милостивого, патріарха Олександрійського, преподобного отця нашого Ніла, блаженного священномученика Григорія Лакоти, єпископа, і всіх святих - помилує і спасе нас як благий і людинолюбний.",
Листопад,13.11,1,пн,"Св. Йоана Золотоустого, архиєп. Царгородського",,так,спеціальний,"святого отця нашого Йоана Золотоустого, архиєпископа Константинополя","святого отця нашого Йоана Золотоустого, архиєпископа Константинополя, якого сьогодні пам'ять торжественно звершуємо","Священик: Христос, істинний Бог наш - молитвами пречистої Своєї Матері, заступництвом чесних небесних сил безтілесних, святих славних і всехвальних апостолів, святого отця нашого Івана Золотоустого, архиєпископа Константинополя, святого, якого є храм, і всіх святих - помилує і спасе нас як благий і людинолюбний.","Священик: Христос, істинний Бог наш - молитвами пречистої Своєї Матері, заступництвом чесних небесних сил безтілесних, святих славних і всехвальних апостолів, святого, якого є храм, і всіх святих - помилує і спасе нас як благий і людинолюбний.",
Листопад,14.11,2,вв,Св. і всехв. ап. Филипа,"святого і всехвального апостола Филипа, якого сьогодні пам'ять торжественно звершуємо,",ні,,,,"Священик: Христос, істинний Бог наш - молитвами пречистої Своєї Матері, чесного і славного пророка, предтечі і хрестителя Івана, святих славних і всехвальних апостолів, святого отця нашого Івана Золотоустого, архиєпископа Константинополя, святого, якого є храм, святого і всехвального апостола Филипа, якого сьогодні пам'ять торжественно звершуємо, і всіх святих - помилує і спасе нас як благий і людинолюбний.","Священик: Христос, істинний Бог наш - молитвами пречистої Своєї Матері, чесного і славного пророка, предтечі і хрестителя Івана, святих славних і всехвальних апостолів, святого, якого є храм, святого і всехвального апостола Филипа, якого сьогодні пам'ять торжественно звершуємо, і всіх святих - помилує і спасе нас як благий і людинолюбний.",
Листопад,15.11,3,ср,"Свв. мчч. й ісповідників Гурія, Самона й Авіва","святих мучеників й ісповідників Гурія, Самона й Авіва,",ні,,,,"Священик: Христос, істинний Бог наш - молитвами пречистої Своєї Матері, силою чесного і животворчого хреста, заступництвом святих славних і всехвальних апостолів, святого отця нашого Івана Золотоустого, архиєпископа Константинополя, святого, якого є храм, святих мучеників й ісповідників Гурія, Самона й Авіва, і всіх святих - помилує і спасе нас як благий і людинолюбний.","Священик: Христос, істинний Бог наш - молитвами пречистої Своєї Матері, силою чесного і животворчого хреста, заступництвом святих славних і всехвальних апостолів, святого, якого є храм, святих мучеників й ісповідників Гурія, Самона й Авіва, і всіх святих - помилує і спасе нас як благий і людинолюбний.",
Листопад,16.11,4,чт,Св. ап. і євангелиста Матея,"святого апостола і євангелиста Матея, якого сьогодні пам'ять торжественно звершуємо,",ні,,,,"Священик: Христос, істинний Бог наш - молитвами пречистої Своєї Матері, святих славних і всехвальних апостолів, святого отця нашого Миколая, архиєпископа Мир Ликійських, чудотворця, святого отця нашого Івана Золотоустого, архиєпископа Константинополя, святого, якого є храм, святого апостола і євангелиста Матея, якого сьогодні пам'ять торжественно звершуємо, і всіх святих - помилує і спасе нас як благий і людинолюбний.","Священик: Христос, істинний Бог наш - молитвами пречистої Своєї Матері, святих славних і всехвальних апостолів, святого отця нашого Миколая, архиєпископа Мир Ликійських, чудотворця, святого, якого є храм, святого апостола і євангелиста Матея, якого сьогодні пам'ять торжественно звершуємо, і всіх святих - помилує і спасе нас як благий і людинолюбний.",
Листопад,17.11,5,пт,"Св. Григорія, єп. Неокесарійського, чудотворця","во святих отця нашого Григорія, єпископа Неокесарійського, чудотворця,",ні,,,,"Священик: Христос, істинний Бог наш - молитвами пречистої Своєї Матері, силою чесного і животворчого хреста, заступництвом святих славних і всехвальних апостолів, святого отця нашого Івана Золотоустого, архиєпископа Константинополя, святого, якого є храм, во святих отця нашого Григорія, єпископа Неокесарійського, чудотворця, і всіх святих - помилує і спасе нас як благий і людинолюбний.","Священик: Христос, істинний Бог наш - молитвами пречистої Своєї Матері, силою чесного і животворчого хреста, заступництвом святих славних і всехвальних апостолів, святого, якого є храм, во святих отця нашого Григорія, єпископа Неокесарійського, чудотворця, і всіх святих - помилує і спасе нас як благий і людинолюбний.",
Листопад,18.11,6,сб,Свв. мчч. Платона й Романа,"святих мучеників Платона й Романа,",ні,,,,"Священик: Христос, істинний Бог наш - молитвами пречистої Своєї Матері, силою чесного і животворчого Хреста, заступництвом чесних небесних сил безтілесних, чесного і славного пророка, предтечі і хрестителя Йоана, святих славних і всехвальних апостолів, святого отця нашого Миколая, архиєпископа Мир Ликійських, чудотворця, святих славних і переможних мучеників, преподобних і богоносних отців наших, святого отця нашого Івана Золотоустого, архиєпископа Константинополя, святих і праведних богоотців Йоакима й Анни, святого, якого є храм, святих мучеників Платона й Романа, і всіх святих - помилує і спасе нас як благий і людинолюбний.","Священик: Христос, істинний Бог наш - молитвами пречистої Своєї Матері, силою чесного і животворчого Хреста, заступництвом чесних небесних сил безтілесних, чесного і славного пророка, предтечі і хрестителя Йоана, святих славних і всехвальних апостолів, святого отця нашого Миколая, архиєпископа Мир Ликійських, чудотворця, святих славних і переможних мучеників, преподобних і богоносних отців наших, святих і праведних богоотців Йоакима й Анни, святого, якого є храм, святих мучеників Платона й Романа, і всіх святих - помилує і спасе нас як благий і людинолюбний.",
Листопад,19.11,7,нд,Св. прор. Авдія. Св. мч. Варлаама. {<span>Свщмч. Івана Слезюка},"святого пророка Авдія, святого мученика Варлаама, священномученика Івана Слезюка,",ні,,,,"Священик: Христос, що воскрес із мертвих, істинний Бог наш - молитвами пречистої Своєї Матері, святих славних і всехвальних апостолів, святого отця нашого Івана Золотоустого, архиєпископа Константинополя, святого, якого є храм, святого пророка Авдія, святого мученика Варлаама, священномученика Івана Слезюка, і всіх святих - помилує і спасе нас як благий і людинолюбний.","Священик: Христос, що воскрес із мертвих, істинний Бог наш - молитвами пречистої Своєї Матері, святих славних і всехвальних апостолів, святого, якого є храм, святого пророка Авдія, святого мученика Варлаама, священномученика Івана Слезюка, і всіх святих - помилує і спасе нас як благий і людинолюбний.",
Листопад,20.11,1,пн,"Передсвяття Введення у храм Пресв. Богородиці. Прп. Григорія Декаполіта. Св. Прокла, архиєп. Царгородського","преподобної матері нашої Йосафати Гордашевської, якої сьогодні пам'ять торжественно звершуємо, святого преподобного Григорія Декаполіта, святого отця нашого Прокла, архиєпископа Царгородського, блаженного священномученика Йосафата Коциловського, єпископа Перемишльського,",ні,,,,"Священик: Христос, істинний Бог наш - молитвами пречистої Своєї Матері, заступництвом чесних небесних сил безтілесних, святих славних і всехвальних апостолів, святого отця нашого Івана Золотоустого, архиєпископа Константинополя, святого, якого є храм, преподобної матері нашої Йосафати Гордашевської, якої сьогодні пам'ять торжественно звершуємо, святого преподобного Григорія Декаполіта, святого отця нашого Прокла, архиєпископа Царгородського, блаженного священномученика Йосафата Коциловського, єпископа Перемишльського, і всіх святих - помилує і спасе нас як благий і людинолюбний.","Священик: Христос, істинний Бог наш - молитвами пречистої Своєї Матері, заступництвом чесних небесних сил безтілесних, святих славних і всехвальних апостолів, святого, якого є храм, преподобної матері нашої Йосафати Гордашевської, якої сьогодні пам'ять торжественно звершуємо, святого преподобного Григорія Декаполіта, святого отця нашого Прокла, архиєпископа Царгородського, блаженного священномученика Йосафата Коциловського, єпископа Перемишльського, і всіх святих - помилує і спасе нас як благий і людинолюбний.",
Листопад,21.11,2,вв,Введення у храм Пресвятої Владичиці нашої Богородиці і Приснодіви Марії,Введення у храм Пресвятої Владичиці нашої Богородиці і Приснодіви Марії,так,свято,,,"Священик: Христос, істинний Бог наш, молитвами пречистої своєї Матері, якої Входу в храм сьогодні торжественний празник світло звершуємо, святих, славних і всехвальних апостолів, святого отця нашого Йоана Золотоустого, архиєпископа Константинополя, і всіх святих - помилує і спасе нас як благий і людинолюбний.","Священик: Христос, істинний Бог наш, молитвами пречистої своєї Матері, якої Входу в храм сьогодні торжественний празник світло звершуємо, святих, славних і всехвальних апостолів, святого отця нашого Йоана Золотоустого, архиєпископа Константинополя, і всіх святих - помилує і спасе нас як благий і людинолюбний.",
Листопад,22.11,3,ср,"Св. ап. Филимона і тих, що з ним","святого апостола Филимона і тих, що з ним,",так,посвяття,"молитвами пречистої своєї Матері, ","молитвами пречистої своєї Матері, якої Входу в храм сьогодні торжественний празник світло звершуємо, ","Священик: Христос, істинний Бог наш - молитвами пречистої Своєї Матері, силою чесного і животворчого хреста, заступництвом святих славних і всехвальних апостолів, святого отця нашого Івана Золотоустого, архиєпископа Константинополя, святого, якого є храм, святого апостола Филимона і тих, що з ним, і всіх святих - помилує і спасе нас як благий і людинолюбний.","Священик: Христос, істинний Бог наш - молитвами пречистої Своєї Матері, силою чесного і животворчого хреста, заступництвом святих славних і всехвальних апостолів, святого, якого є храм, святого апостола Филимона і тих, що з ним, і всіх святих - помилує і спасе нас як благий і людинолюбний.",
Листопад,23.11,4,чт,"Свв. Амфілохія, єп. Іконійського, і Григорія, єп. Акрагантійського","святителя отця нашого Амфілохія, єпископа Іконійського, святого Григорія, єпископа Акрагантійського,",так,посвяття,"молитвами пречистої своєї Матері, ","молитвами пречистої своєї Матері, якої Входу в храм сьогодні торжественний празник світло звершуємо, ","Священик: Христос, істинний Бог наш - молитвами пречистої Своєї Матері, святих славних і всехвальних апостолів, святого отця нашого Миколая, архиєпископа Мир Ликійських, чудотворця, святого отця нашого Івана Золотоустого, архиєпископа Константинополя, святого, якого є храм, святителя отця нашого Амфілохія, єпископа Іконійського, святого Григорія, єпископа Акрагантійського, і всіх святих - помилує і спасе нас як благий і людинолюбний.","Священик: Христос, істинний Бог наш - молитвами пречистої Своєї Матері, святих славних і всехвальних апостолів, святого отця нашого Миколая, архиєпископа Мир Ликійських, чудотворця, святого, якого є храм, святителя отця нашого Амфілохія, єпископа Іконійського, святого Григорія, єпископа Акрагантійського, і всіх святих - помилує і спасе нас як благий і людинолюбний.",
Листопад,24.11,5,пт,Св. влкмч. Катерини. Св. влкмч. Меркурія,"святої великомучениці Катерини, святого великомученика Меркурія",так,посвяття,"молитвами пречистої своєї Матері, ","молитвами пречистої своєї Матері, якої Входу в храм сьогодні торжественний празник світло звершуємо, ","Священик: Христос, істинний Бог наш - молитвами пречистої Своєї Матері, силою чесного і животворчого хреста, заступництвом святих славних і всехвальних апостолів, святого отця нашого Івана Золотоустого, архиєпископа Константинополя, святого, якого є храм, святої великомучениці Катерини, святого великомученика Меркурія і всіх святих - помилує і спасе нас як благий і людинолюбний.","Священик: Христос, істинний Бог наш - молитвами пречистої Своєї Матері, силою чесного і животворчого хреста, заступництвом святих славних і всехвальних апостолів, святого, якого є храм, святої великомучениці Катерини, святого великомученика Меркурія і всіх святих - помилує і спасе нас як благий і людинолюбний.",
Листопад,25.11,6,сб,"Відданння свята Введення. Свв. і свщмчч. Климента, папи Римського, і Петра, єп. Олександрійського","святих отців наших і священномучеників Климента, папи Римського, і Петра, єпископа Олександрійського",так,віддання,"молитвами пречистої своєї Матері, ","молитвами пречистої своєї Матері, якої Входу в храм сьогодні торжественний празник світло звершуємо, ","Священик: Христос, істинний Бог наш, молитвами пречистої своєї Матері, якої Входу в храм празник звершуємо, святих, славних і всехвальних апостолів, святого отця нашого Йоана Золотоустого, архиєпископа Константинополя, святих отців наших і священномучеників Климента, папи Римського, і Петра, єпископа Олександрійського і всіх святих - помилує і спасе нас як благий і людинолюбний.","Священик: Христос, істинний Бог наш, молитвами пречистої своєї Матері, якої Входу в храм празник звершуємо, святих, славних і всехвальних апостолів, святого отця нашого Йоана Золотоустого, архиєпископа Константинополя, святих отців наших і священномучеників Климента, папи Римського, і Петра, єпископа Олександрійського і всіх святих - помилує і спасе нас як благий і людинолюбний.",
Листопад,26.11,7,нд,"Прп. Аліпія Стовпника. Пам'ять посвячення храму св. влкмч. Юрія, що в Києві перед воротами Св. Софії","святого преподобного Аліпія Стовпника, святого великомученика Юрія,",ні,,,,"Священик: Христос, що воскрес із мертвих, істинний Бог наш - молитвами пречистої Своєї Матері, святих славних і всехвальних апостолів, святого отця нашого Івана Золотоустого, архиєпископа Константинополя, святого, якого є храм, святого преподобного Аліпія Стовпника, святого великомученика Юрія, і всіх святих - помилує і спасе нас як благий і людинолюбний.","Священик: Христос, що воскрес із мертвих, істинний Бог наш - молитвами пречистої Своєї Матері, святих славних і всехвальних апостолів, святого, якого є храм, святого преподобного Аліпія Стовпника, святого великомученика Юрія, і всіх святих - помилує і спасе нас як благий і людинолюбний.",
Листопад,27.11,1,пн,Св. влкмч. Якова Персянина. Прп. Палладія,"святого великомученика Якова Перського, преподобного отця нашого Палладія",ні,,,,"Священик: Христос, істинний Бог наш - молитвами пречистої Своєї Матері, заступництвом чесних небесних сил безтілесних, святих славних і всехвальних апостолів, святого отця нашого Івана Золотоустого, архиєпископа Константинополя, святого, якого є храм, святого великомученика Якова Перського, преподобного отця нашого Палладія і всіх святих - помилує і спасе нас як благий і людинолюбний.","Священик: Христос, істинний Бог наш - молитвами пречистої Своєї Матері, заступництвом чесних небесних сил безтілесних, святих славних і всехвальних апостолів, святого, якого є храм, святого великомученика Якова Перського, преподобного отця нашого Палладія і всіх святих - помилує і спасе нас як благий і людинолюбний.",
Листопад,28.11,2,вв,Прпмч. Стефана Нового. Св. мч. Іринарха,"преподобномученика Стефана Нового, святого мученика Іринарха",ні,,,,"Священик: Христос, істинний Бог наш - молитвами пречистої Своєї Матері, чесного і славного пророка, предтечі і хрестителя Івана, святих славних і всехвальних апостолів, святого отця нашого Івана Золотоустого, архиєпископа Константинополя, святого, якого є храм, преподобномученика Стефана Нового, святого мученика Іринарха і всіх святих - помилує і спасе нас як благий і людинолюбний.","Священик: Христос, істинний Бог наш - молитвами пречистої Своєї Матері, чесного і славного пророка, предтечі і хрестителя Івана, святих славних і всехвальних апостолів, святого, якого є храм, преподобномученика Стефана Нового, святого мученика Іринарха і всіх святих - помилує і спасе нас як благий і людинолюбний.",
Листопад,29.11,3,ср,"Св. мч. Парамона. Св. мч. Філумена. Прп. Акакія, що згадується в «Ліствиці»","святого мученика Парамона, святого мученика Філумена, преподобного Акакія, що згадується в «Ліствиці»,",ні,,,,"Священик: Христос, істинний Бог наш - молитвами пречистої Своєї Матері, силою чесного і животворчого хреста, заступництвом святих славних і всехвальних апостолів, святого отця нашого Івана Золотоустого, архиєпископа Константинополя, святого, якого є храм, святого мученика Парамона, святого мученика Філумена, преподобного Акакія, що згадується в «Ліствиці», і всіх святих - помилує і спасе нас як благий і людинолюбний.","Священик: Христос, істинний Бог наш - молитвами пречистої Своєї Матері, силою чесного і животворчого хреста, заступництвом святих славних і всехвальних апостолів, святого, якого є храм, святого мученика Парамона, святого мученика Філумена, преподобного Акакія, що згадується в «Ліствиці», і всіх святих - помилує і спасе нас як благий і людинолюбний.",
Листопад,30.11,4,чт,Св. всехв. ап. Андрея Первозванного,"святого всехвального апостола Андрея Первозванного, якого сьогодні пам'ять торжественно звершуємо,",ні,,,,"Священик: Христос, істинний Бог наш - молитвами пречистої Своєї Матері, святих славних і всехвальних апостолів, святого отця нашого Миколая, архиєпископа Мир Ликійських, чудотворця, святого отця нашого Івана Золотоустого, архиєпископа Константинополя, святого, якого є храм, святого всехвального апостола Андрея Первозванного, якого сьогодні пам'ять торжественно звершуємо, і всіх святих - помилує і спасе нас як благий і людинолюбний.","Священик: Христос, істинний Бог наш - молитвами пречистої Своєї Матері, святих славних і всехвальних апостолів, святого отця нашого Миколая, архиєпископа Мир Ликійських, чудотворця, святого, якого є храм, святого всехвального апостола Андрея Первозванного, якого сьогодні пам'ять торжественно звершуємо, і всіх святих - помилує і спасе нас як благий і людинолюбний.",
Грудень,01.12,5,пт,Св. прор. Наума.,святого пророка Наума,ні,,,,"Священик: Христос, істинний Бог наш - молитвами пречистої Своєї Матері, силою чесного і животворчого хреста, заступництвом святих славних і всехвальних апостолів, святого отця нашого Івана Золотоустого, архиєпископа Константинополя, святого, якого є храм, святого пророка Наума і всіх святих - помилує і спасе нас як благий і людинолюбний.","Священик: Христос, істинний Бог наш - молитвами пречистої Своєї Матері, силою чесного і животворчого хреста, заступництвом святих славних і всехвальних апостолів, святого, якого є храм, святого пророка Наума і всіх святих - помилує і спасе нас як благий і людинолюбний.",
Грудень,02.12,6,сб,Св. прор. Аввакума.,"святого пророка Аввакума, блаженного священномученика Івана Слезюка, єпископа,",ні,,,,"Священик: Христос, істинний Бог наш - молитвами пречистої Своєї Матері, силою чесного і животворчого Хреста, заступництвом чесних небесних сил безтілесних, чесного і славного пророка, предтечі і хрестителя Йоана, святих славних і всехвальних апостолів, святого отця нашого Миколая, архиєпископа Мир Ликійських, чудотворця, святих славних і переможних мучеників, преподобних і богоносних отців наших, святого отця нашого Івана Золотоустого, архиєпископа Константинополя, святих і праведних богоотців Йоакима й Анни, святого, якого є храм, святого пророка Аввакума, блаженного священномученика Івана Слезюка, єпископа, і всіх святих - помилує і спасе нас як благий і людинолюбний.","Священик: Христос, істинний Бог наш - молитвами пречистої Своєї Матері, силою чесного і животворчого Хреста, заступництвом чесних небесних сил безтілесних, чесного і славного пророка, предтечі і хрестителя Йоана, святих славних і всехвальних апостолів, святого отця нашого Миколая, архиєпископа Мир Ликійських, чудотворця, святих славних і переможних мучеників, преподобних і богоносних отців наших, святих і праведних богоотців Йоакима й Анни, святого, якого є храм, святого пророка Аввакума, блаженного священномученика Івана Слезюка, єпископа, і всіх святих - помилує і спасе нас як благий і людинолюбний.",
Грудень,03.12,7,нд,Неділя 26-та по Зісланні Святого Духа. Св. прор. Софонії.,святого пророка Софонії,ні,,,,"Священик: Христос, що воскрес із мертвих, істинний Бог наш - молитвами пречистої Своєї Матері, святих славних і всехвальних апостолів, святого отця нашого Івана Золотоустого, архиєпископа Константинополя, святого, якого є храм, святого пророка Софонії і всіх святих - помилує і спасе нас як благий і людинолюбний.","Священик: Христос, що воскрес із мертвих, істинний Бог наш - молитвами пречистої Своєї Матері, святих славних і всехвальних апостолів, святого, якого є храм, святого пророка Софонії і всіх святих - помилує і спасе нас як благий і людинолюбний.",
Грудень,04.12,1,пн,🕃 Св. влкмчц. Варвари. Прп. Йоана Дамаскина.,"святої великомучениці Варвари, преподобного отця нашого Івана Дамаскина",ні,,,,"Священик: Христос, істинний Бог наш - молитвами пречистої Своєї Матері, заступництвом чесних небесних сил безтілесних, святих славних і всехвальних апостолів, святого отця нашого Івана Золотоустого, архиєпископа Константинополя, святого, якого є храм, святої великомучениці Варвари, преподобного отця нашого Івана Дамаскина і всіх святих - помилує і спасе нас як благий і людинолюбний.","Священик: Христос, істинний Бог наш - молитвами пречистої Своєї Матері, заступництвом чесних небесних сил безтілесних, святих славних і всехвальних апостолів, святого, якого є храм, святої великомучениці Варвари, преподобного отця нашого Івана Дамаскина і всіх святих - помилує і спасе нас як благий і людинолюбний.",
Грудень,05.12,2,вв,🕂 Прп. й богоносного Сави Освященного.,"преподобного й богоносного отця нашого Сави Освященного, якого сьогодні пам'ять торжественно звершуємо,",ні,,,,"Священик: Христос, істинний Бог наш - молитвами пречистої Своєї Матері, чесного і славного пророка, предтечі і хрестителя Івана, святих славних і всехвальних апостолів, святого отця нашого Івана Золотоустого, архиєпископа Константинополя, святого, якого є храм, преподобного й богоносного отця нашого Сави Освященного, якого сьогодні пам'ять торжественно звершуємо, і всіх святих - помилує і спасе нас як благий і людинолюбний.","Священик: Христос, істинний Бог наш - молитвами пречистої Своєї Матері, чесного і славного пророка, предтечі і хрестителя Івана, святих славних і всехвальних апостолів, святого, якого є храм, преподобного й богоносного отця нашого Сави Освященного, якого сьогодні пам'ять торжественно звершуємо, і всіх святих - помилує і спасе нас як благий і людинолюбний.",
Грудень,06.12,3,ср,"🕁 Св. Миколая, архиєп. Мир Ликійських, чудотворця.","святого отця нашого Миколая, архиєпископа Мир Ликійських, чудотворця, якого сьогодні пам'ять торжественно звершуємо,",ні,,,,"Священик: Христос, істинний Бог наш - молитвами пречистої Своєї Матері, силою чесного і животворчого хреста, заступництвом святих славних і всехвальних апостолів, святого отця нашого Івана Золотоустого, архиєпископа Константинополя, святого, якого є храм, святого отця нашого Миколая, архиєпископа Мир Ликійських, чудотворця, якого сьогодні пам'ять торжественно звершуємо, і всіх святих - помилує і спасе нас як благий і людинолюбний.","Священик: Христос, істинний Бог наш - молитвами пречистої Своєї Матері, силою чесного і животворчого хреста, заступництвом святих славних і всехвальних апостолів, святого, якого є храм, святого отця нашого Миколая, архиєпископа Мир Ликійських, чудотворця, якого сьогодні пам'ять торжественно звершуємо, і всіх святих - помилує і спасе нас як благий і людинолюбний.",
Грудень,07.12,4,чт,"Св. Амвросія, єп. Медіоланського.","святого отця нашого Амвросія, єпископа Медіоланського",ні,,,,"Священик: Христос, істинний Бог наш - молитвами пречистої Своєї Матері, святих славних і всехвальних апостолів, святого отця нашого Миколая, архиєпископа Мир Ликійських, чудотворця, святого отця нашого Івана Золотоустого, архиєпископа Константинополя, святого, якого є храм, святого отця нашого Амвросія, єпископа Медіоланського і всіх святих - помилує і спасе нас як благий і людинолюбний.","Священик: Христос, істинний Бог наш - молитвами пречистої Своєї Матері, святих славних і всехвальних апостолів, святого отця нашого Миколая, архиєпископа Мир Ликійських, чудотворця, святого, якого є храм, святого отця нашого Амвросія, єпископа Медіоланського і всіх святих - помилує і спасе нас як благий і людинолюбний.",
Грудень,08.12,5,пт,Прп. Патапія.,преподобного отця нашого Патапія,ні,,,,"Священик: Христос, істинний Бог наш - молитвами пречистої Своєї Матері, силою чесного і животворчого хреста, заступництвом святих славних і всехвальних апостолів, святого отця нашого Івана Золотоустого, архиєпископа Константинополя, святого, якого є храм, преподобного отця нашого Патапія і всіх святих - помилує і спасе нас як благий і людинолюбний.","Священик: Христос, істинний Бог наш - молитвами пречистої Своєї Матері, силою чесного і животворчого хреста, заступництвом святих славних і всехвальних апостолів, святого, якого є храм, преподобного отця нашого Патапія і всіх святих - помилує і спасе нас як благий і людинолюбний.",
Грудень,09.12,6,сб,"🕁 Зачаття святої Анни, коли зачала Пресвяту Богородицю.","зачаття святої Анни, коли зачала Пресвяту Богородицю",так,свято,,,"Священик: Христос, істинний Бог наш, молитвами пречистої своєї Матері, якої зачаття святою Анною сьогодні торжественний празник світло звершуємо, святих, славних і всехвальних апостолів, святого отця нашого Йоана Золотоустого, архиєпископа Константинополя, святого, якого є храм, і всіх святих - помилує і спасе нас як благий і людинолюбний.","Священик: Христос, істинний Бог наш, молитвами пречистої своєї Матері, якої зачаття святою Анною сьогодні торжественний празник світло звершуємо, святих, славних і всехвальних апостолів, святого отця нашого Йоана Золотоустого, архиєпископа Константинополя, святого, якого є храм, і всіх святих - помилує і спасе нас як благий і людинолюбний.",
Грудень,10.12,7,нд,"Неділя 27-ма по Зісланні Святого Духа. Свв. мчч. Мини, Єрмогена і Євграфа.","святих мучеників Мини, Єрмогена і Євграфа,",ні,,,,"Священик: Христос, що воскрес із мертвих, істинний Бог наш - молитвами пречистої Своєї Матері, святих славних і всехвальних апостолів, святого отця нашого Івана Золотоустого, архиєпископа Константинополя, святого, якого є храм, святих мучеників Мини, Єрмогена і Євграфа, і всіх святих - помилує і спасе нас як благий і людинолюбний.","Священик: Христос, що воскрес із мертвих, істинний Бог наш - молитвами пречистої Своєї Матері, святих славних і всехвальних апостолів, святого, якого є храм, святих мучеників Мини, Єрмогена і Євграфа, і всіх святих - помилує і спасе нас як благий і людинолюбний.",
Грудень,11.12,1,пн,Прп. Даниїла Стовпника.,"преподобного отця нашого Даниїла Стовпника,",ні,,,,"Священик: Христос, істинний Бог наш - молитвами пречистої Своєї Матері, заступництвом чесних небесних сил безтілесних, святих славних і всехвальних апостолів, святого отця нашого Івана Золотоустого, архиєпископа Константинополя, святого, якого є храм, преподобного отця нашого Даниїла Стовпника, і всіх святих - помилує і спасе нас як благий і людинолюбний.","Священик: Христос, істинний Бог наш - молитвами пречистої Своєї Матері, заступництвом чесних небесних сил безтілесних, святих славних і всехвальних апостолів, святого, якого є храм, преподобного отця нашого Даниїла Стовпника, і всіх святих - помилує і спасе нас як благий і людинолюбний.",
Грудень,12.12,2,вв,"🕃 Прп. Спиридона чудотворця, єп. Трімитійського.","преподобного отця нашого Спиридона, чудотворця, єпископа Трімитійського",ні,,,,"Священик: Христос, істинний Бог наш - молитвами пречистої Своєї Матері, чесного і славного пророка, предтечі і хрестителя Івана, святих славних і всехвальних апостолів, святого отця нашого Івана Золотоустого, архиєпископа Константинополя, святого, якого є храм, преподобного отця нашого Спиридона, чудотворця, єпископа Трімитійського і всіх святих - помилує і спасе нас як благий і людинолюбний.","Священик: Христос, істинний Бог наш - молитвами пречистої Своєї Матері, чесного і славного пророка, предтечі і хрестителя Івана, святих славних і всехвальних апостолів, святого, якого є храм, преподобного отця нашого Спиридона, чудотворця, єпископа Трімитійського і всіх святих - помилує і спасе нас як благий і людинолюбний.",
Грудень,13.12,3,ср,"🕂 Свв. мчч. Євстратія, Авксентія, Євгенія, Мардарія й Ореста. Св. мчц. Лукії, діви.","святих мучеників Євстратія, Авксентія, Євгенія, Мардарія й Ореста, яких сьогодні пам'ять торжественно звершуємо, святої мучениці Лукії, діви,",ні,,,,"Священик: Христос, істинний Бог наш - молитвами пречистої Своєї Матері, силою чесного і животворчого хреста, заступництвом святих славних і всехвальних апостолів, святого отця нашого Івана Золотоустого, архиєпископа Константинополя, святого, якого є храм, святих мучеників Євстратія, Авксентія, Євгенія, Мардарія й Ореста, яких сьогодні пам'ять торжественно звершуємо, святої мучениці Лукії, діви, і всіх святих - помилує і спасе нас як благий і людинолюбний.","Священик: Христос, істинний Бог наш - молитвами пречистої Своєї Матері, силою чесного і животворчого хреста, заступництвом святих славних і всехвальних апостолів, святого, якого є храм, святих мучеників Євстратія, Авксентія, Євгенія, Мардарія й Ореста, яких сьогодні пам'ять торжественно звершуємо, святої мучениці Лукії, діви, і всіх святих - помилує і спасе нас як благий і людинолюбний.",
Грудень,14.12,4,чт,"Свв. мчч. Тирса, Левкія, Филимона, Аполлонія, Аріяна й Каленика.","святих мучеників Тирса, Левкія, Филимона, Аполлонія й Каленика,",ні,,,,"Священик: Христос, істинний Бог наш - молитвами пречистої Своєї Матері, святих славних і всехвальних апостолів, святого отця нашого Миколая, архиєпископа Мир Ликійських, чудотворця, святого отця нашого Івана Золотоустого, архиєпископа Константинополя, святого, якого є храм, святих мучеників Тирса, Левкія, Филимона, Аполлонія й Каленика, і всіх святих - помилує і спасе нас як благий і людинолюбний.","Священик: Христос, істинний Бог наш - молитвами пречистої Своєї Матері, святих славних і всехвальних апостолів, святого отця нашого Миколая, архиєпископа Мир Ликійських, чудотворця, святого, якого є храм, святих мучеників Тирса, Левкія, Филимона, Аполлонія й Каленика, і всіх святих - помилує і спасе нас як благий і людинолюбний.",
Грудень,15.12,5,пт,"🕃 Св. свщмч. Єлевтерія. Прп. Павла, що в Латрі. Св. Стефана ісп., архиєп. Сурозького.","святого отця нашого Стефана ісповідника, архиєпископа Сурозького, святого священномученика Єлевтерія, преподобного отця нашого Павла, що в Латрі,",ні,,,,"Священик: Христос, істинний Бог наш - молитвами пречистої Своєї Матері, силою чесного і животворчого хреста, заступництвом святих славних і всехвальних апостолів, святого отця нашого Івана Золотоустого, архиєпископа Константинополя, святого, якого є храм, святого отця нашого Стефана ісповідника, архиєпископа Сурозького, святого священномученика Єлевтерія, преподобного отця нашого Павла, що в Латрі, і всіх святих - помилує і спасе нас як благий і людинолюбний.","Священик: Христос, істинний Бог наш - молитвами пречистої Своєї Матері, силою чесного і животворчого хреста, заступництвом святих славних і всехвальних апостолів, святого, якого є храм, святого отця нашого Стефана ісповідника, архиєпископа Сурозького, святого священномученика Єлевтерія, преподобного отця нашого Павла, що в Латрі, і всіх святих - помилує і спасе нас як благий і людинолюбний.",
Грудень,16.12,6,сб,Св. прор. Аггея.,святого пророка Аггея,ні,,,,"Священик: Христос, істинний Бог наш - молитвами пречистої Своєї Матері, силою чесного і животворчого Хреста, заступництвом чесних небесних сил безтілесних, чесного і славного пророка, предтечі і хрестителя Йоана, святих славних і всехвальних апостолів, святого отця нашого Миколая, архиєпископа Мир Ликійських, чудотворця, святих славних і переможних мучеників, преподобних і богоносних отців наших, святого отця нашого Івана Золотоустого, архиєпископа Константинополя, святих і праведних богоотців Йоакима й Анни, святого, якого є храм, святого пророка Аггея і всіх святих - помилує і спасе нас як благий і людинолюбний.","Священик: Христос, істинний Бог наш - молитвами пречистої Своєї Матері, силою чесного і животворчого Хреста, заступництвом чесних небесних сил безтілесних, чесного і славного пророка, предтечі і хрестителя Йоана, святих славних і всехвальних апостолів, святого отця нашого Миколая, архиєпископа Мир Ликійських, чудотворця, святих славних і переможних мучеників, преподобних і богоносних отців наших, святих і праведних богоотців Йоакима й Анни, святого, якого є храм, святого пророка Аггея і всіх святих - помилує і спасе нас як благий і людинолюбний.",
Грудень,17.12,7,нд,"Неділя 28-ма по Зісланні Святого Духа, свв. Праотців. 🕃 Св. прор. Даниїла. Свв. трьох отроків, Ананії, Азарії й Мисаїла.","святого пророка Даниїла, святих трьох отроків: Ананії, Азарії й Мисаїла",ні,,,,"Священик: Христос, що воскрес із мертвих, істинний Бог наш - молитвами пречистої Своєї Матері, святих славних і всехвальних апостолів, святого отця нашого Івана Золотоустого, архиєпископа Константинополя, святого, якого є храм, святого пророка Даниїла, святих трьох отроків: Ананії, Азарії й Мисаїла і всіх святих - помилує і спасе нас як благий і людинолюбний.","Священик: Христос, що воскрес із мертвих, істинний Бог наш - молитвами пречистої Своєї Матері, святих славних і всехвальних апостолів, святого, якого є храм, святого пророка Даниїла, святих трьох отроків: Ананії, Азарії й Мисаїла і всіх святих - помилує і спасе нас як благий і людинолюбний.",
Грудень,18.12,1,пн,"Св. мч. Севастіяна і тих, що з ним.","святого мученика Севастіана і тих, що з ним",ні,,,,"Священик: Христос, істинний Бог наш - молитвами пречистої Своєї Матері, заступництвом чесних небесних сил безтілесних, святих славних і всехвальних апостолів, святого отця нашого Івана Золотоустого, архиєпископа Константинополя, святого, якого є храм, святого мученика Севастіана і тих, що з ним і всіх святих - помилує і спасе нас як благий і людинолюбний.","Священик: Христос, істинний Бог наш - молитвами пречистої Своєї Матері, заступництвом чесних небесних сил безтілесних, святих славних і всехвальних апостолів, святого, якого є храм, святого мученика Севастіана і тих, що з ним і всіх святих - помилує і спасе нас як благий і людинолюбний.",
Грудень,19.12,2,вв,Св. мч. Боніфатія.,святого мученика Боніфатія,ні,,,,"Священик: Христос, істинний Бог наш - молитвами пречистої Своєї Матері, чесного і славного пророка, предтечі і хрестителя Івана, святих славних і всехвальних апостолів, святого отця нашого Івана Золотоустого, архиєпископа Константинополя, святого, якого є храм, святого мученика Боніфатія і всіх святих - помилує і спасе нас як благий і людинолюбний.","Священик: Христос, істинний Бог наш - молитвами пречистої Своєї Матері, чесного і славного пророка, предтечі і хрестителя Івана, святих славних і всехвальних апостолів, святого, якого є храм, святого мученика Боніфатія і всіх святих - помилує і спасе нас як благий і людинолюбний.",
Грудень,20.12,3,ср,Передсвяття Різдва Господа Бога і Спаса нашого Ісуса Христа. Св. свщмч. Ігнатія Богоносця.,святого священномученика Ігнатія Богоносця,ні,,,,"Священик: Христос, істинний Бог наш - молитвами пречистої Своєї Матері, силою чесного і животворчого хреста, заступництвом святих славних і всехвальних апостолів, святого отця нашого Івана Золотоустого, архиєпископа Константинополя, святого, якого є храм, святого священномученика Ігнатія Богоносця і всіх святих - помилує і спасе нас як благий і людинолюбний.","Священик: Христос, істинний Бог наш - молитвами пречистої Своєї Матері, силою чесного і животворчого хреста, заступництвом святих славних і всехвальних апостолів, святого, якого є храм, святого священномученика Ігнатія Богоносця і всіх святих - помилує і спасе нас як благий і людинолюбний.",
Грудень,21.12,4,чт,Св. мчц. Юліянії.,святої мучениці Юліанії,ні,,,,"Священик: Христос, істинний Бог наш - молитвами пречистої Своєї Матері, святих славних і всехвальних апостолів, святого отця нашого Миколая, архиєпископа Мир Ликійських, чудотворця, святого отця нашого Івана Золотоустого, архиєпископа Константинополя, святого, якого є храм, святої мучениці Юліанії і всіх святих - помилує і спасе нас як благий і людинолюбний.","Священик: Христос, істинний Бог наш - молитвами пречистої Своєї Матері, святих славних і всехвальних апостолів, святого отця нашого Миколая, архиєпископа Мир Ликійських, чудотворця, святого, якого є храм, святої мучениці Юліанії і всіх святих - помилує і спасе нас як благий і людинолюбний.",
Грудень,22.12,5,пт,Св. влкмчц. Анастасії. Великі (Царські) Часи.,святої великомучениці Анастасії,ні,,,,"Священик: Христос, істинний Бог наш - молитвами пречистої Своєї Матері, силою чесного і животворчого хреста, заступництвом святих славних і всехвальних апостолів, святого отця нашого Івана Золотоустого, архиєпископа Константинополя, святого, якого є храм, святої великомучениці Анастасії і всіх святих - помилує і спасе нас як благий і людинолюбний.","Священик: Христос, істинний Бог наш - молитвами пречистої Своєї Матері, силою чесного і животворчого хреста, заступництвом святих славних і всехвальних апостолів, святого, якого є храм, святої великомучениці Анастасії і всіх святих - помилує і спасе нас як благий і людинолюбний.",
Грудень,23.12,6,сб,"Субота перед Різдвом. Свв. десятьох мчч., що в Криті.","святих десятьох мучеників, що в Криті",ні,,,,"Священик: Христос, істинний Бог наш - молитвами пречистої Своєї Матері, силою чесного і животворчого Хреста, заступництвом чесних небесних сил безтілесних, чесного і славного пророка, предтечі і хрестителя Йоана, святих славних і всехвальних апостолів, святого отця нашого Миколая, архиєпископа Мир Ликійських, чудотворця, святих славних і переможних мучеників, преподобних і богоносних отців наших, святого отця нашого Івана Золотоустого, архиєпископа Константинополя, святих і праведних богоотців Йоакима й Анни, святого, якого є храм, святих десятьох мучеників, що в Криті і всіх святих - помилує і спасе нас як благий і людинолюбний.","Священик: Христос, істинний Бог наш - молитвами пречистої Своєї Матері, силою чесного і животворчого Хреста, заступництвом чесних небесних сил безтілесних, чесного і славного пророка, предтечі і хрестителя Йоана, святих славних і всехвальних апостолів, святого отця нашого Миколая, архиєпископа Мир Ликійських, чудотворця, святих славних і переможних мучеників, преподобних і богоносних отців наших, святих і праведних богоотців Йоакима й Анни, святого, якого є храм, святих десятьох мучеників, що в Криті і всіх святих - помилує і спасе нас як благий і людинолюбний.",
Грудень,24.12,7,нд,"Неділя 29-та по Зісланні Святого Духа, святих Отців. Навечір’я Різдва Христового. Св. прпмчц. Євгенії.",святої преподобномучениці Євгенії,ні,,,,"Священик: Христос, що воскрес із мертвих, істинний Бог наш - молитвами пречистої Своєї Матері, святих славних і всехвальних апостолів, святого отця нашого Івана Золотоустого, архиєпископа Константинополя, святого, якого є храм, святої преподобномучениці Євгенії і всіх святих - помилує і спасе нас як благий і людинолюбний.","Священик: Христос, що воскрес із мертвих, істинний Бог наш - молитвами пречистої Своєї Матері, святих славних і всехвальних апостолів, святого, якого є храм, святої преподобномучениці Євгенії і всіх святих - помилує і спасе нас як благий і людинолюбний.",
Грудень,25.12,1,пн,🕀 РІЗДВО ГОСПОДА БОГА І СПАСА НАШОГО ІСУСА ХРИСТА.,,так,свято,,,"Священик: Христос, істинний Бог наш, що народився в вертепі у Вифлеємі Юдейському і дав Себе покласти в ясла спасіння нашого ради, молитвами пречистої своєї Матері, святого отця нашого Йоана Золотоустого, архиєпископа Константинополя, і всіх святих - помилує і спасе нас як благий і людинолюбний.","Священик: Христос, істинний Бог наш, що народився в вертепі у Вифлеємі Юдейському і дав Себе покласти в ясла спасіння нашого ради, молитвами пречистої своєї Матері, святого отця нашого Йоана Золотоустого, архиєпископа Константинополя, і всіх святих - помилує і спасе нас як благий і людинолюбний.",
Грудень,26.12,2,вв,"🕃 Собор Пресвятої Богородиці. Св. свщмч. Євтимія, єп. Сардійського.Тиждень загальниці.","святого священномученика Євтимія, єпископа Сардійського",так,свято,,,"Священик: Христос, істинний Бог наш, що народився в вертепі у Вифлеємі Юдейському і дав Себе покласти в ясла спасіння нашого ради, молитвами пречистої своєї Матері, якої Собор сьогодні святкуємо, заступництвом чесних небесних сил безтілесних, святих, славних і всехвальних апостолів, святого отця нашого Йоана Золотоустого, архиєпископа Константинополя, святого якого є храм, святого священномученика Євтимія, єпископа Сардійського, і всіх святих - помилує і спасе нас як благий і людинолюбний.","Священик: Христос, істинний Бог наш, що народився в вертепі у Вифлеємі Юдейському і дав Себе покласти в ясла спасіння нашого ради, молитвами пречистої своєї Матері, якої Собор сьогодні святкуємо, заступництвом чесних небесних сил безтілесних, святих, славних і всехвальних апостолів, святого отця нашого Йоана Золотоустого, архиєпископа Константинополя, святого якого є храм, святого священномученика Євтимія, єпископа Сардійського, і всіх святих - помилує і спасе нас як благий і людинолюбний.",
Грудень,27.12,3,ср,"🕃 Св ап., первомч. й архидиякона Стефана.","святого апостола, первомученика й архидиякона Стефана, преподобного отця нашого й ісповідника Теодора Начертанного, брата Теофана, творця канонів,",так,посвяття,"істинний Бог наш,","істинний Бог наш, що народився в вертепі у Вифлеємі Юдейському і дав Себе покласти в ясла спасіння нашого ради,","Священик: Христос, істинний Бог наш - молитвами пречистої Своєї Матері, силою чесного і животворчого хреста, заступництвом святих славних і всехвальних апостолів, святого отця нашого Івана Золотоустого, архиєпископа Константинополя, святого, якого є храм, святого апостола, первомученика й архидиякона Стефана, преподобного отця нашого й ісповідника Теодора Начертанного, брата Теофана, творця канонів, і всіх святих - помилує і спасе нас як благий і людинолюбний.","Священик: Христос, істинний Бог наш - молитвами пречистої Своєї Матері, силою чесного і животворчого хреста, заступництвом святих славних і всехвальних апостолів, святого, якого є храм, святого апостола, первомученика й архидиякона Стефана, преподобного отця нашого й ісповідника Теодора Начертанного, брата Теофана, творця канонів, і всіх святих - помилує і спасе нас як благий і людинолюбний.",
Грудень,28.12,4,чт,"Свв. мчч. двадцять тисяч, спалених у Нікомидії.","святих двадцяти тисяч мучеників, спалених у Нікомидії, блаженного священномученика Григорія Хомишина, єпископа Станіславівського,",так,посвяття,"істинний Бог наш,","істинний Бог наш, що народився в вертепі у Вифлеємі Юдейському і дав Себе покласти в ясла спасіння нашого ради,","Священик: Христос, істинний Бог наш - молитвами пречистої Своєї Матері, святих славних і всехвальних апостолів, святого отця нашого Миколая, архиєпископа Мир Ликійських, чудотворця, святого отця нашого Івана Золотоустого, архиєпископа Константинополя, святого, якого є храм, святих двадцяти тисяч мучеників, спалених у Нікомидії, блаженного священномученика Григорія Хомишина, єпископа Станіславівського, і всіх святих - помилує і спасе нас як благий і людинолюбний.","Священик: Христос, істинний Бог наш - молитвами пречистої Своєї Матері, святих славних і всехвальних апостолів, святого отця нашого Миколая, архиєпископа Мир Ликійських, чудотворця, святого, якого є храм, святих двадцяти тисяч мучеників, спалених у Нікомидії, блаженного священномученика Григорія Хомишина, єпископа Станіславівського, і всіх святих - помилує і спасе нас як благий і людинолюбний.",
Грудень,29.12,5,пт,"Свв. младенців, за Христа вбитих у Вифлеємі. Прп. Маркелла, ігумена обителі Неусипаємих.","святих немовлят, за Христа вбитих у Вифлеємі, преподобного отця нашого Маркелла, ігумена монастиря невсипущих,",так,посвяття,"істинний Бог наш,","істинний Бог наш, що народився в вертепі у Вифлеємі Юдейському і дав Себе покласти в ясла спасіння нашого ради,","Священик: Христос, істинний Бог наш - молитвами пречистої Своєї Матері, силою чесного і животворчого хреста, заступництвом святих славних і всехвальних апостолів, святого отця нашого Івана Золотоустого, архиєпископа Константинополя, святого, якого є храм, святих немовлят, за Христа вбитих у Вифлеємі, преподобного отця нашого Маркелла, ігумена монастиря невсипущих, і всіх святих - помилує і спасе нас як благий і людинолюбний.","Священик: Христос, істинний Бог наш - молитвами пречистої Своєї Матері, силою чесного і животворчого хреста, заступництвом святих славних і всехвальних апостолів, святого, якого є храм, святих немовлят, за Христа вбитих у Вифлеємі, преподобного отця нашого Маркелла, ігумена монастиря невсипущих, і всіх святих - помилує і спасе нас як благий і людинолюбний.",
Грудень,30.12,6,сб,Субота по Різдві. Св. мчц. Анісії.,"святої мучениці Анісії, преподобного Зотика, пресвітера і кормителя сиріт",так,посвяття,"істинний Бог наш,","істинний Бог наш, що народився в вертепі у Вифлеємі Юдейському і дав Себе покласти в ясла спасіння нашого ради,","Священик: Христос, істинний Бог наш - молитвами пречистої Своєї Матері, силою чесного і животворчого Хреста, заступництвом чесних небесних сил безтілесних, чесного і славного пророка, предтечі і хрестителя Йоана, святих славних і всехвальних апостолів, святого отця нашого Миколая, архиєпископа Мир Ликійських, чудотворця, святих славних і переможних мучеників, преподобних і богоносних отців наших, святого отця нашого Івана Золотоустого, архиєпископа Константинополя, святих і праведних богоотців Йоакима й Анни, святого, якого є храм, святої мучениці Анісії, преподобного Зотика, пресвітера і кормителя сиріт і всіх святих - помилує і спасе нас як благий і людинолюбний.","Священик: Христос, істинний Бог наш - молитвами пречистої Своєї Матері, силою чесного і животворчого Хреста, заступництвом чесних небесних сил безтілесних, чесного і славного пророка, предтечі і хрестителя Йоана, святих славних і всехвальних апостолів, святого отця нашого Миколая, архиєпископа Мир Ликійських, чудотворця, святих славних і переможних мучеників, преподобних і богоносних отців наших, святих і праведних богоотців Йоакима й Анни, святого, якого є храм, святої мучениці Анісії, преподобного Зотика, пресвітера і кормителя сиріт і всіх святих - помилує і спасе нас як благий і людинолюбний.",
Грудень,31.12,7,нд,"Неділя 30-та по Зісланні Святого Духа. По Різдві – Пам'ять св. і праведних Йосифа Обручника, Давида царя і Якова, по плоті брата Господнього. Прп. Меланії Римлянки.","святих і праведних Йосифа Обручника, Давида царя і Якова, по плоті брата Господнього, преподобної матері нашої Меланії Римлянки",так,віддання,"істинний Бог наш,","істинний Бог наш, що народився в вертепі у Вифлеємі Юдейському і дав Себе покласти в ясла спасіння нашого ради,","Священик: Христос, що воскрес із мертвих, істинний Бог наш - молитвами пречистої Своєї Матері, святих славних і всехвальних апостолів, святого отця нашого Івана Золотоустого, архиєпископа Константинополя, святого, якого є храм, святих і праведних Йосифа Обручника, Давида царя і Якова, по плоті брата Господнього, преподобної матері нашої Меланії Римлянки і всіх святих - помилує і спасе нас як благий і людинолюбний.","Священик: Христос, що воскрес із мертвих, істинний Бог наш - молитвами пречистої Своєї Матері, святих славних і всехвальних апостолів, святого, якого є храм, святих і праведних Йосифа Обручника, Давида царя і Якова, по плоті брата Господнього, преподобної матері нашої Меланії Римлянки і всіх святих - помилує і спасе нас як благий і людинолюбний.",
Січень,01.01,1,пн,"🕀 Обрізання Господа Бога і Спаса нашого Ісуса Христа Св. Василія Великого, аєп. Кесарії Каппадокійської",,так,свято,,,"Священик: Христос, істинний Бог наш, що по вісьмох днях прийняв законне обрізання спасіння нашого ради, молитвами пречистої своєї Матері, святого отця нашого Василія Великого, архиєпископа Кесарії Кападокійської, якого сьогодні пам'ять торжественно звершуємо, і всіх святих - помилує і спасе нас як благий і людинолюбний.","Священик: Христос, істинний Бог наш, що по вісьмох днях прийняв законне обрізання спасіння нашого ради, молитвами пречистої своєї Матері, святого отця нашого Василія Великого, архиєпископа Кесарії Кападокійської, якого сьогодні пам'ять торжественно звершуємо, і всіх святих - помилує і спасе нас як благий і людинолюбний.",
Січень,02.01,2,вв,"Передсвяття Богоявлення Св. Сильвестра, папи Римського","св. Сильвестра, папи Римського,",ні,,,,"Священик: Христос, істинний Бог наш - молитвами пречистої Своєї Матері, чесного і славного пророка, предтечі і хрестителя Івана, святих славних і всехвальних апостолів, святого отця нашого Івана Золотоустого, архиєпископа Константинополя, святого, якого є храм, св. Сильвестра, папи Римського, і всіх святих - помилує і спасе нас як благий і людинолюбний.","Священик: Христос, істинний Бог наш - молитвами пречистої Своєї Матері, чесного і славного пророка, предтечі і хрестителя Івана, святих славних і всехвальних апостолів, святого, якого є храм, св. Сильвестра, папи Римського, і всіх святих - помилує і спасе нас як благий і людинолюбний.",
Січень,03.01,3,ср,Передсвяття Богоявлення Св. прор. Малахії Св. мч. Гордія,"св. прор. Малахії, св. мч. Гордія",ні,,,,"Священик: Христос, істинний Бог наш - молитвами пречистої Своєї Матері, силою чесного і животворчого хреста, заступництвом святих славних і всехвальних апостолів, святого отця нашого Івана Золотоустого, архиєпископа Константинополя, святого, якого є храм, св. прор. Малахії, св. мч. Гордія і всіх святих - помилує і спасе нас як благий і людинолюбний.","Священик: Христос, істинний Бог наш - молитвами пречистої Своєї Матері, силою чесного і животворчого хреста, заступництвом святих славних і всехвальних апостолів, святого, якого є храм, св. прор. Малахії, св. мч. Гордія і всіх святих - помилує і спасе нас як благий і людинолюбний.",
Січень,04.01,4,чт,"Передсвяття Богоявлення Собор свв. сімдесяти апп. Прп. Теоктиста, ігум., що в Кукумі Сікелійській","свв. сімдесяти апостолів, що їх собору пам'ять днесь творимо, прп. Теоктиста ігумена, що в Кукумі Сікелійській,",ні,,,,"Священик: Христос, істинний Бог наш - молитвами пречистої Своєї Матері, святих славних і всехвальних апостолів, святого отця нашого Миколая, архиєпископа Мир Ликійських, чудотворця, святого отця нашого Івана Золотоустого, архиєпископа Константинополя, святого, якого є храм, свв. сімдесяти апостолів, що їх собору пам'ять днесь творимо, прп. Теоктиста ігумена, що в Кукумі Сікелійській, і всіх святих - помилує і спасе нас як благий і людинолюбний.","Священик: Христос, істинний Бог наш - молитвами пречистої Своєї Матері, святих славних і всехвальних апостолів, святого отця нашого Миколая, архиєпископа Мир Ликійських, чудотворця, святого, якого є храм, свв. сімдесяти апостолів, що їх собору пам'ять днесь творимо, прп. Теоктиста ігумена, що в Кукумі Сікелійській, і всіх святих - помилує і спасе нас як благий і людинолюбний.",
Січень,05.01,5,пт,Навечір’я Богоявлення Свв. мчч. Теопемпта й Теони Прп. Синклитікії Олександрійської,"свв. мчч. Теопемпта й Теони, прп. Синклитікії Олександрійської",ні,,,,"Священик: Христос, істинний Бог наш - молитвами пречистої Своєї Матері, силою чесного і животворчого хреста, заступництвом святих славних і всехвальних апостолів, святого отця нашого Івана Золотоустого, архиєпископа Константинополя, святого, якого є храм, свв. мчч. Теопемпта й Теони, прп. Синклитікії Олександрійської і всіх святих - помилує і спасе нас як благий і людинолюбний.","Священик: Христос, істинний Бог наш - молитвами пречистої Своєї Матері, силою чесного і животворчого хреста, заступництвом святих славних і всехвальних апостолів, святого, якого є храм, свв. мчч. Теопемпта й Теони, прп. Синклитікії Олександрійської і всіх святих - помилує і спасе нас як благий і людинолюбний.",
Січень,06.01,6,сб,🕀 Святе Богоявлення Господа Бога і Спаса нашого Ісуса Христа,,так,свято,,,"Священик: Христос, істинний Бог наш, що в Йордані христитися зволив від Йоана спасіння нашого ради, молитвами пречистої своєї Матері, святого отця нашого Йоана Золотоустого, архиєпископа Константинополя, і всіх святих - помилує і спасе нас як благий і людинолюбний.","Священик: Христос, істинний Бог наш, що в Йордані христитися зволив від Йоана спасіння нашого ради, молитвами пречистої своєї Матері, святого отця нашого Йоана Золотоустого, архиєпископа Константинополя, і всіх святих - помилує і спасе нас як благий і людинолюбний.",
Січень,07.01,7,нд,"Неділя 32-га по Зісланні Святого Духа, по Богоявленні. 🕃 Собор св. славн. прор., предтечі і хрестителя Господнього Івана","славного пророка, Предтечі і Хрестителя Господнього, якого сьогодні Собор святкуємо,",так,посвяття,"істинний Бог наш,","істинний Бог наш, що в Йордані христитися зволив від Йоана спасіння нашого ради,","Священик: Христос, що воскрес із мертвих, істинний Бог наш - молитвами пречистої Своєї Матері, святих славних і всехвальних апостолів, святого отця нашого Івана Золотоустого, архиєпископа Константинополя, святого, якого є храм, славного пророка, Предтечі і Хрестителя Господнього, якого сьогодні Собор святкуємо, і всіх святих - помилує і спасе нас як благий і людинолюбний.","Священик: Христос, що воскрес із мертвих, істинний Бог наш - молитвами пречистої Своєї Матері, святих славних і всехвальних апостолів, святого, якого є храм, славного пророка, Предтечі і Хрестителя Господнього, якого сьогодні Собор святкуємо, і всіх святих - помилує і спасе нас як благий і людинолюбний.",
Січень,08.01,1,пн,"Тиждень 33-ий по Зісланні Святого Духа. Прп. Юрія Хозевіта Св. Еміліяна, ісп. Прп. Домніки","прп. Георгія Хозевіта, прп. Домініки, Еміліяна ісп.",так,посвяття,"істинний Бог наш,","істинний Бог наш, що в Йордані христитися зволив від Йоана спасіння нашого ради,","Священик: Христос, істинний Бог наш - молитвами пречистої Своєї Матері, заступництвом чесних небесних сил безтілесних, святих славних і всехвальних апостолів, святого отця нашого Івана Золотоустого, архиєпископа Константинополя, святого, якого є храм, прп. Георгія Хозевіта, прп. Домініки, Еміліяна ісп. і всіх святих - помилує і спасе нас як благий і людинолюбний.","Священик: Христос, істинний Бог наш - молитвами пречистої Своєї Матері, заступництвом чесних небесних сил безтілесних, святих славних і всехвальних апостолів, святого, якого є храм, прп. Георгія Хозевіта, прп. Домініки, Еміліяна ісп. і всіх святих - помилує і спасе нас як благий і людинолюбний.",
Січень,09.01,2,вв,Св. мч. Полієвкта,св. мч. Полієвкта,так,посвяття,"істинний Бог наш,","істинний Бог наш, що в Йордані христитися зволив від Йоана спасіння нашого ради,","Священик: Христос, істинний Бог наш - молитвами пречистої Своєї Матері, чесного і славного пророка, предтечі і хрестителя Івана, святих славних і всехвальних апостолів, святого отця нашого Івана Золотоустого, архиєпископа Константинополя, святого, якого є храм, св. мч. Полієвкта і всіх святих - помилує і спасе нас як благий і людинолюбний.","Священик: Христос, істинний Бог наш - молитвами пречистої Своєї Матері, чесного і славного пророка, предтечі і хрестителя Івана, святих славних і всехвальних апостолів, святого, якого є храм, св. мч. Полієвкта і всіх святих - помилує і спасе нас як благий і людинолюбний.",
Січень,10.01,3,ср,"Св. Григорія, єп. Ниського Прп. Дометіяна, єп. Мелітинського Прп. Маркіяна, пресвіт. й економа Великої Церкви","св. Григорія, єп. Ниського, прп. Дометіяна, єп. Мелітинського, прп. Маркіяна, пресвітера й економа Великої Церкви,",так,посвяття,"істинний Бог наш,","істинний Бог наш, що в Йордані христитися зволив від Йоана спасіння нашого ради,","Священик: Христос, істинний Бог наш - молитвами пречистої Своєї Матері, силою чесного і животворчого хреста, заступництвом святих славних і всехвальних апостолів, святого отця нашого Івана Золотоустого, архиєпископа Константинополя, святого, якого є храм, св. Григорія, єп. Ниського, прп. Дометіяна, єп. Мелітинського, прп. Маркіяна, пресвітера й економа Великої Церкви, і всіх святих - помилує і спасе нас як благий і людинолюбний.","Священик: Христос, істинний Бог наш - молитвами пречистої Своєї Матері, силою чесного і животворчого хреста, заступництвом святих славних і всехвальних апостолів, святого, якого є храм, св. Григорія, єп. Ниського, прп. Дометіяна, єп. Мелітинського, прп. Маркіяна, пресвітера й економа Великої Церкви, і всіх святих - помилує і спасе нас як благий і людинолюбний.",
Січень,11.01,4,чт,"🕂 Прп. Теодосія, спільного життя засновника","прп. Теодосія, спільнотного життя начальника, якого сьогодні пам'ять торжественно звершуємо,",так,посвяття,"істинний Бог наш,","істинний Бог наш, що в Йордані христитися зволив від Йоана спасіння нашого ради,","Священик: Христос, істинний Бог наш - молитвами пречистої Своєї Матері, святих славних і всехвальних апостолів, святого отця нашого Миколая, архиєпископа Мир Ликійських, чудотворця, святого отця нашого Івана Золотоустого, архиєпископа Константинополя, святого, якого є храм, прп. Теодосія, спільнотного життя начальника, якого сьогодні пам'ять торжественно звершуємо, і всіх святих - помилує і спасе нас як благий і людинолюбний.","Священик: Христос, істинний Бог наш - молитвами пречистої Своєї Матері, святих славних і всехвальних апостолів, святого отця нашого Миколая, архиєпископа Мир Ликійських, чудотворця, святого, якого є храм, прп. Теодосія, спільнотного життя начальника, якого сьогодні пам'ять торжественно звершуємо, і всіх святих - помилує і спасе нас як благий і людинолюбний.",
Січень,12.01,5,пт,Св. мц. Тетяни,"св. мчц. Тетяни,",так,посвяття,"істинний Бог наш,","істинний Бог наш, що в Йордані христитися зволив від Йоана спасіння нашого ради,","Священик: Христос, істинний Бог наш - молитвами пречистої Своєї Матері, силою чесного і животворчого хреста, заступництвом святих славних і всехвальних апостолів, святого отця нашого Івана Золотоустого, архиєпископа Константинополя, святого, якого є храм, св. мчц. Тетяни, і всіх святих - помилує і спасе нас як благий і людинолюбний.","Священик: Христос, істинний Бог наш - молитвами пречистої Своєї Матері, силою чесного і животворчого хреста, заступництвом святих славних і всехвальних апостолів, святого, якого є храм, св. мчц. Тетяни, і всіх святих - помилує і спасе нас як благий і людинолюбний.",
Січень,13.01,6,сб,Субота по Богоявленні. Свв. мчч. Єрмила і Стратоніка,"свв. мчч. Єрміла і Стратоніка,",так,посвяття,"істинний Бог наш,","істинний Бог наш, що в Йордані христитися зволив від Йоана спасіння нашого ради,","Священик: Христос, істинний Бог наш - молитвами пречистої Своєї Матері, силою чесного і животворчого Хреста, заступництвом чесних небесних сил безтілесних, чесного і славного пророка, предтечі і хрестителя Йоана, святих славних і всехвальних апостолів, святого отця нашого Миколая, архиєпископа Мир Ликійських, чудотворця, святих славних і переможних мучеників, преподобних і богоносних отців наших, святого отця нашого Івана Золотоустого, архиєпископа Константинополя, святих і праведних богоотців Йоакима й Анни, святого, якого є храм, свв. мчч. Єрміла і Стратоніка, і всіх святих - помилує і спасе нас як благий і людинолюбний.","Священик: Христос, істинний Бог наш - молитвами пречистої Своєї Матері, силою чесного і животворчого Хреста, заступництвом чесних небесних сил безтілесних, чесного і славного пророка, предтечі і хрестителя Йоана, святих славних і всехвальних апостолів, святого отця нашого Миколая, архиєпископа Мир Ликійських, чудотворця, святих славних і переможних мучеників, преподобних і богоносних отців наших, святих і праведних богоотців Йоакима й Анни, святого, якого є храм, свв. мчч. Єрміла і Стратоніка, і всіх святих - помилує і спасе нас як благий і людинолюбний.",
Січень,14.01,7,нд,"Неділя про Закхея. Прпп., у Синаї і Раїті повбиваних Пам’ять переставл. св. рівноап. Ніни, просвітительки Грузії Віддання Богоявлення</i>","прпп. отців у Синаї і Раїті повбиваних, св. рівноап. Ніни, просвітительки Грузії,",так,віддання,"істинний Бог наш,","істинний Бог наш, що в Йордані христитися зволив від Йоана спасіння нашого ради,","Священик: Христос, що воскрес із мертвих, істинний Бог наш - молитвами пречистої Своєї Матері, святих славних і всехвальних апостолів, святого отця нашого Івана Золотоустого, архиєпископа Константинополя, святого, якого є храм, прпп. отців у Синаї і Раїті повбиваних, св. рівноап. Ніни, просвітительки Грузії, і всіх святих - помилує і спасе нас як благий і людинолюбний.","Священик: Христос, що воскрес із мертвих, істинний Бог наш - молитвами пречистої Своєї Матері, святих славних і всехвальних апостолів, святого, якого є храм, прпп. отців у Синаї і Раїті повбиваних, св. рівноап. Ніни, просвітительки Грузії, і всіх святих - помилує і спасе нас як благий і людинолюбний.",
Січень,15.01,1,пн,Тиждень 33-ій по Зісланні Святого Духа. 🕃 Прпп. Павла тивейського та Івана Кущника,"свв. прпп. Павла Тивейського і Йоана Кущника,",ні,,,,"Священик: Христос, істинний Бог наш - молитвами пречистої Своєї Матері, заступництвом чесних небесних сил безтілесних, святих славних і всехвальних апостолів, святого отця нашого Івана Золотоустого, архиєпископа Константинополя, святого, якого є храм, свв. прпп. Павла Тивейського і Йоана Кущника, і всіх святих - помилує і спасе нас як благий і людинолюбний.","Священик: Христос, істинний Бог наш - молитвами пречистої Своєї Матері, заступництвом чесних небесних сил безтілесних, святих славних і всехвальних апостолів, святого, якого є храм, свв. прпп. Павла Тивейського і Йоана Кущника, і всіх святих - помилує і спасе нас як благий і людинолюбний.",
Січень,16.01,2,вв,🕃 Поклін чесним оковам св. і всехв. ап. Петра,"св. ап. Петра, що його чесним оковам днесь поклін творимо,",ні,,,,"Священик: Христос, істинний Бог наш - молитвами пречистої Своєї Матері, чесного і славного пророка, предтечі і хрестителя Івана, святих славних і всехвальних апостолів, святого отця нашого Івана Золотоустого, архиєпископа Константинополя, святого, якого є храм, св. ап. Петра, що його чесним оковам днесь поклін творимо, і всіх святих - помилує і спасе нас як благий і людинолюбний.","Священик: Христос, істинний Бог наш - молитвами пречистої Своєї Матері, чесного і славного пророка, предтечі і хрестителя Івана, святих славних і всехвальних апостолів, святого, якого є храм, св. ап. Петра, що його чесним оковам днесь поклін творимо, і всіх святих - помилує і спасе нас як благий і людинолюбний.",
Січень,17.01,3,ср,🕂 Прп. й богоносного Антонія Великого,"прп. й богоносного Антонія Великого, якого сьогодні пам'ять торжественно звершуємо",ні,,,,"Священик: Христос, істинний Бог наш - молитвами пречистої Своєї Матері, силою чесного і животворчого хреста, заступництвом святих славних і всехвальних апостолів, святого отця нашого Івана Золотоустого, архиєпископа Константинополя, святого, якого є храм, прп. й богоносного Антонія Великого, якого сьогодні пам'ять торжественно звершуємо і всіх святих - помилує і спасе нас як благий і людинолюбний.","Священик: Христос, істинний Бог наш - молитвами пречистої Своєї Матері, силою чесного і животворчого хреста, заступництвом святих славних і всехвальних апостолів, святого, якого є храм, прп. й богоносного Антонія Великого, якого сьогодні пам'ять торжественно звершуємо і всіх святих - помилує і спасе нас як благий і людинолюбний.",
Січень,18.01,4,чт,🕃 Свв. і аєпп. Олександрійських Атанасія й Кирила,"свв. архиєпп. Олександрійських Атанасія й Кирила,",ні,,,,"Священик: Христос, істинний Бог наш - молитвами пречистої Своєї Матері, святих славних і всехвальних апостолів, святого отця нашого Миколая, архиєпископа Мир Ликійських, чудотворця, святого отця нашого Івана Золотоустого, архиєпископа Константинополя, святого, якого є храм, свв. архиєпп. Олександрійських Атанасія й Кирила, і всіх святих - помилує і спасе нас як благий і людинолюбний.","Священик: Христос, істинний Бог наш - молитвами пречистої Своєї Матері, святих славних і всехвальних апостолів, святого отця нашого Миколая, архиєпископа Мир Ликійських, чудотворця, святого, якого є храм, свв. архиєпп. Олександрійських Атанасія й Кирила, і всіх святих - помилує і спасе нас як благий і людинолюбний.",
Січень,19.01,5,пт,🕃 Прп. Макарія Єгипетського,прп. Макарія Єгипетського,ні,,,,"Священик: Христос, істинний Бог наш - молитвами пречистої Своєї Матері, силою чесного і животворчого хреста, заступництвом святих славних і всехвальних апостолів, святого отця нашого Івана Золотоустого, архиєпископа Константинополя, святого, якого є храм, прп. Макарія Єгипетського і всіх святих - помилує і спасе нас як благий і людинолюбний.","Священик: Христос, істинний Бог наш - молитвами пречистої Своєї Матері, силою чесного і животворчого хреста, заступництвом святих славних і всехвальних апостолів, святого, якого є храм, прп. Макарія Єгипетського і всіх святих - помилує і спасе нас як благий і людинолюбний.",
Січень,20.01,6,сб,🕂 Прп. й богоносного Євтимія Великого,"прп. й богоносного Євтимія Великого, якого сьогодні пам'ять торжественно звершуємо,",ні,,,,"Священик: Христос, істинний Бог наш - молитвами пречистої Своєї Матері, силою чесного і животворчого Хреста, заступництвом чесних небесних сил безтілесних, чесного і славного пророка, предтечі і хрестителя Йоана, святих славних і всехвальних апостолів, святого отця нашого Миколая, архиєпископа Мир Ликійських, чудотворця, святих славних і переможних мучеників, преподобних і богоносних отців наших, святого отця нашого Івана Золотоустого, архиєпископа Константинополя, святих і праведних богоотців Йоакима й Анни, святого, якого є храм, прп. й богоносного Євтимія Великого, якого сьогодні пам'ять торжественно звершуємо, і всіх святих - помилує і спасе нас як благий і людинолюбний.","Священик: Христос, істинний Бог наш - молитвами пречистої Своєї Матері, силою чесного і животворчого Хреста, заступництвом чесних небесних сил безтілесних, чесного і славного пророка, предтечі і хрестителя Йоана, святих славних і всехвальних апостолів, святого отця нашого Миколая, архиєпископа Мир Ликійських, чудотворця, святих славних і переможних мучеників, преподобних і богоносних отців наших, святих і праведних богоотців Йоакима й Анни, святого, якого є храм, прп. й богоносного Євтимія Великого, якого сьогодні пам'ять торжественно звершуємо, і всіх святих - помилує і спасе нас як благий і людинолюбний.",
Січень,21.01,7,нд,"Неділя про Митаря і Фарисея. Прп. Максима Ісповідника Св. мч. Неофіта Свв. мчч. Євгенія, Кандида, Валеріяна й Акили","прп. Максима Ісповідника, св. мч. Неофіта, свв. мчч. Євгенія, Кандида, Валеріяна й Акили,",ні,,,,"Священик: Христос, що воскрес із мертвих, істинний Бог наш - молитвами пречистої Своєї Матері, святих славних і всехвальних апостолів, святого отця нашого Івана Золотоустого, архиєпископа Константинополя, святого, якого є храм, прп. Максима Ісповідника, св. мч. Неофіта, свв. мчч. Євгенія, Кандида, Валеріяна й Акили, і всіх святих - помилує і спасе нас як благий і людинолюбний.","Священик: Христос, що воскрес із мертвих, істинний Бог наш - молитвами пречистої Своєї Матері, святих славних і всехвальних апостолів, святого, якого є храм, прп. Максима Ісповідника, св. мч. Неофіта, свв. мчч. Євгенія, Кандида, Валеріяна й Акили, і всіх святих - помилує і спасе нас як благий і людинолюбний.",
Січень,22.01,1,пн,Тиждень загальниці. Св. ап. Тимотея Св. прпмч. Анастасія Перського,"св. ап. Тимотея, св. прпмч. Атанасія Перського",ні,,,,"Священик: Христос, істинний Бог наш - молитвами пречистої Своєї Матері, заступництвом чесних небесних сил безтілесних, святих славних і всехвальних апостолів, святого отця нашого Івана Золотоустого, архиєпископа Константинополя, святого, якого є храм, св. ап. Тимотея, св. прпмч. Атанасія Перського і всіх святих - помилує і спасе нас як благий і людинолюбний.","Священик: Христос, істинний Бог наш - молитвами пречистої Своєї Матері, заступництвом чесних небесних сил безтілесних, святих славних і всехвальних апостолів, святого, якого є храм, св. ап. Тимотея, св. прпмч. Атанасія Перського і всіх святих - помилує і спасе нас як благий і людинолюбний.",
Січень,23.01,2,вв,"Блаж. Пратулинських мчч. Св. сщмч. Климента, єп. Анкирського Св. мч. Агатангела","мчч. Пратулинських: Вінкентія, Никити, Йоана, Константина, Михаїла, Онуфрія, Филипа, Максима, Даниїла, Константина, Вартоломея, Луки й Ігнатія, яких сьогодні пам'ять торжественно звершуємо, св. свщмч. Климента, єп. Анкирського, св. мч. Агатангела",ні,,,,"Священик: Христос, істинний Бог наш - молитвами пречистої Своєї Матері, чесного і славного пророка, предтечі і хрестителя Івана, святих славних і всехвальних апостолів, святого отця нашого Івана Золотоустого, архиєпископа Константинополя, святого, якого є храм, мчч. Пратулинських: Вінкентія, Никити, Йоана, Константина, Михаїла, Онуфрія, Филипа, Максима, Даниїла, Константина, Вартоломея, Луки й Ігнатія, яких сьогодні пам'ять торжественно звершуємо, св. свщмч. Климента, єп. Анкирського, св. мч. Агатангела і всіх святих - помилує і спасе нас як благий і людинолюбний.","Священик: Христос, істинний Бог наш - молитвами пречистої Своєї Матері, чесного і славного пророка, предтечі і хрестителя Івана, святих славних і всехвальних апостолів, святого, якого є храм, мчч. Пратулинських: Вінкентія, Никити, Йоана, Константина, Михаїла, Онуфрія, Филипа, Максима, Даниїла, Константина, Вартоломея, Луки й Ігнатія, яких сьогодні пам'ять торжественно звершуємо, св. свщмч. Климента, єп. Анкирського, св. мч. Агатангела і всіх святих - помилує і спасе нас як благий і людинолюбний.",
Січень,24.01,3,ср,Прп. Ксенії Римлянки,прп. матері нашої Ксенії Римлянки,ні,,,,"Священик: Христос, істинний Бог наш - молитвами пречистої Своєї Матері, силою чесного і животворчого хреста, заступництвом святих славних і всехвальних апостолів, святого отця нашого Івана Золотоустого, архиєпископа Константинополя, святого, якого є храм, прп. матері нашої Ксенії Римлянки і всіх святих - помилує і спасе нас як благий і людинолюбний.","Священик: Христос, істинний Бог наш - молитвами пречистої Своєї Матері, силою чесного і животворчого хреста, заступництвом святих славних і всехвальних апостолів, святого, якого є храм, прп. матері нашої Ксенії Римлянки і всіх святих - помилує і спасе нас як благий і людинолюбний.",
Січень,25.01,4,чт,"🕂 Св. Григорія Богослова, аєп. Царгородського","св. прп. Григорія Богослова, якого сьогодні пам'ять торжественно звершуємо, архиєп. Царгородського, свщмч. Петра Вергуна, пресв.,",ні,,,,"Священик: Христос, істинний Бог наш - молитвами пречистої Своєї Матері, святих славних і всехвальних апостолів, святого отця нашого Миколая, архиєпископа Мир Ликійських, чудотворця, святого отця нашого Івана Золотоустого, архиєпископа Константинополя, святого, якого є храм, св. прп. Григорія Богослова, якого сьогодні пам'ять торжественно звершуємо, архиєп. Царгородського, свщмч. Петра Вергуна, пресв., і всіх святих - помилує і спасе нас як благий і людинолюбний.","Священик: Христос, істинний Бог наш - молитвами пречистої Своєї Матері, святих славних і всехвальних апостолів, святого отця нашого Миколая, архиєпископа Мир Ликійських, чудотворця, святого, якого є храм, св. прп. Григорія Богослова, якого сьогодні пам'ять торжественно звершуємо, архиєп. Царгородського, свщмч. Петра Вергуна, пресв., і всіх святих - помилує і спасе нас як благий і людинолюбний.",
Січень,26.01,5,пт,"Прп. Ксенофонта, дружини його Марії","прп. Ксенофонта, дружини його Марії і синів їхніх Аркадія та Йоана,",ні,,,,"Священик: Христос, істинний Бог наш - молитвами пречистої Своєї Матері, силою чесного і животворчого хреста, заступництвом святих славних і всехвальних апостолів, святого отця нашого Івана Золотоустого, архиєпископа Константинополя, святого, якого є храм, прп. Ксенофонта, дружини його Марії і синів їхніх Аркадія та Йоана, і всіх святих - помилує і спасе нас як благий і людинолюбний.","Священик: Христос, істинний Бог наш - молитвами пречистої Своєї Матері, силою чесного і животворчого хреста, заступництвом святих славних і всехвальних апостолів, святого, якого є храм, прп. Ксенофонта, дружини його Марії і синів їхніх Аркадія та Йоана, і всіх святих - помилує і спасе нас як благий і людинолюбний.",
Січень,27.01,6,сб,🕂 Перенесення чесних мощів св. Івана Золотоустого,"св. прп. Йоана Золотоустого, що його перенесення чесних мощів сьогодні пам'ять торжественно звершуємо,",ні,,,,"Священик: Христос, істинний Бог наш - молитвами пречистої Своєї Матері, силою чесного і животворчого Хреста, заступництвом чесних небесних сил безтілесних, чесного і славного пророка, предтечі і хрестителя Йоана, святих славних і всехвальних апостолів, святого отця нашого Миколая, архиєпископа Мир Ликійських, чудотворця, святих славних і переможних мучеників, преподобних і богоносних отців наших, святого отця нашого Івана Золотоустого, архиєпископа Константинополя, святих і праведних богоотців Йоакима й Анни, святого, якого є храм, св. прп. Йоана Золотоустого, що його перенесення чесних мощів сьогодні пам'ять торжественно звершуємо, і всіх святих - помилує і спасе нас як благий і людинолюбний.","Священик: Христос, істинний Бог наш - молитвами пречистої Своєї Матері, силою чесного і животворчого Хреста, заступництвом чесних небесних сил безтілесних, чесного і славного пророка, предтечі і хрестителя Йоана, святих славних і всехвальних апостолів, святого отця нашого Миколая, архиєпископа Мир Ликійських, чудотворця, святих славних і переможних мучеників, преподобних і богоносних отців наших, святих і праведних богоотців Йоакима й Анни, святого, якого є храм, св. прп. Йоана Золотоустого, що його перенесення чесних мощів сьогодні пам'ять торжественно звершуємо, і всіх святих - помилує і спасе нас як благий і людинолюбний.",
Січень,28.01,7,нд,Неділя про блудного сина. 🕃 Прп. Єфрема Сирійця,прп. Єфрема Сирина,ні,,,,"Священик: Христос, що воскрес із мертвих, істинний Бог наш - молитвами пречистої Своєї Матері, святих славних і всехвальних апостолів, святого отця нашого Івана Золотоустого, архиєпископа Константинополя, святого, якого є храм, прп. Єфрема Сирина і всіх святих - помилує і спасе нас як благий і людинолюбний.","Священик: Христос, що воскрес із мертвих, істинний Бог наш - молитвами пречистої Своєї Матері, святих славних і всехвальних апостолів, святого, якого є храм, прп. Єфрема Сирина і всіх святих - помилує і спасе нас як благий і людинолюбний.",
Січень,29.01,1,пн,Тиждень м’ясопусний. 🕃 Перенесення мощів св. сщмч. Ігнатія Богоносця,"св. свщмч. Ігнатія Богоносця, що його перенесення мощів днесь пам'ять творимо,",ні,,,,"Священик: Христос, істинний Бог наш - молитвами пречистої Своєї Матері, заступництвом чесних небесних сил безтілесних, святих славних і всехвальних апостолів, святого отця нашого Івана Золотоустого, архиєпископа Константинополя, святого, якого є храм, св. свщмч. Ігнатія Богоносця, що його перенесення мощів днесь пам'ять творимо, і всіх святих - помилує і спасе нас як благий і людинолюбний.","Священик: Христос, істинний Бог наш - молитвами пречистої Своєї Матері, заступництвом чесних небесних сил безтілесних, святих славних і всехвальних апостолів, святого, якого є храм, св. свщмч. Ігнатія Богоносця, що його перенесення мощів днесь пам'ять творимо, і всіх святих - помилує і спасе нас як благий і людинолюбний.",
Січень,30.01,2,вв,"🕁 Свв. трьох святителів, великих архиєреїв: Василія Великого, Григорія Богослова та Івана Золотоустого Св. сщмч. Іполита","свв. трьох святителів, великих архиєреїв, Василія Великого, Григорія Богослова та Йоана Золотоустого, св. свщмч. Іполита, яких сьогодні пам'ять торжественно звершуємо",ні,,,,"Священик: Христос, істинний Бог наш - молитвами пречистої Своєї Матері, чесного і славного пророка, предтечі і хрестителя Івана, святих славних і всехвальних апостолів, святого отця нашого Івана Золотоустого, архиєпископа Константинополя, святого, якого є храм, свв. трьох святителів, великих архиєреїв, Василія Великого, Григорія Богослова та Йоана Золотоустого, св. свщмч. Іполита, яких сьогодні пам'ять торжественно звершуємо і всіх святих - помилує і спасе нас як благий і людинолюбний.","Священик: Христос, істинний Бог наш - молитвами пречистої Своєї Матері, чесного і славного пророка, предтечі і хрестителя Івана, святих славних і всехвальних апостолів, святого, якого є храм, свв. трьох святителів, великих архиєреїв, Василія Великого, Григорія Богослова та Йоана Золотоустого, св. свщмч. Іполита, яких сьогодні пам'ять торжественно звершуємо і всіх святих - помилує і спасе нас як благий і людинолюбний.",
Січень,31.01,3,ср,🕃 Свв. чудотв. і безср. Кира й Івана Прп. Івана Боско,"свв. чудотв. і безсрібників Кира та Йоана,",ні,,,,"Священик: Христос, істинний Бог наш - молитвами пречистої Своєї Матері, силою чесного і животворчого хреста, заступництвом святих славних і всехвальних апостолів, святого отця нашого Івана Золотоустого, архиєпископа Константинополя, святого, якого є храм, свв. чудотв. і безсрібників Кира та Йоана, і всіх святих - помилує і спасе нас як благий і людинолюбний.","Священик: Христос, істинний Бог наш - молитвами пречистої Своєї Матері, силою чесного і животворчого хреста, заступництвом святих славних і всехвальних апостолів, святого, якого є храм, свв. чудотв. і безсрібників Кира та Йоана, і всіх святих - помилує і спасе нас як благий і людинолюбний.",
Лютий,01.02,4,чт,🕃 Передсвяття Стрітення Господа Бога і Спаса нашого Ісуса Христа Св. мч. Трифона,святого мученика Трифона,ні,,,,"Священик: Христос, істинний Бог наш - молитвами пречистої Своєї Матері, святих славних і всехвальних апостолів, святого отця нашого Миколая, архиєпископа Мир Ликійських, чудотворця, святого отця нашого Івана Золотоустого, архиєпископа Константинополя, святого, якого є храм, святого мученика Трифона і всіх святих - помилує і спасе нас як благий і людинолюбний.","Священик: Христос, істинний Бог наш - молитвами пречистої Своєї Матері, святих славних і всехвальних апостолів, святого отця нашого Миколая, архиєпископа Мир Ликійських, чудотворця, святого, якого є храм, святого мученика Трифона і всіх святих - помилує і спасе нас як благий і людинолюбний.",
Лютий,02.02,5,пт,🕀 Стрітення Господа Бога і Спаса нашого Ісуса Христа</b>,стрітення Господа Бога і Спаса нашого Ісуса Христа,так,свято,,,"Священик: Христос, істинний Бог наш, що зволив спочити в обіймах праведного Симеона спасіння нашого ради, молитвами пречистої Своєї Матері, святих, славних і всехвальних апостолів, святого отця нашого Йоана Золотоустого, архиєпископа Константинополя, і всіх святих - помилує і спасе нас як благий і людинолюбний.","Священик: Христос, істинний Бог наш, що зволив спочити в обіймах праведного Симеона спасіння нашого ради, молитвами пречистої Своєї Матері, святих, славних і всехвальних апостолів, святого отця нашого Йоана Золотоустого, архиєпископа Константинополя, і всіх святих - помилує і спасе нас як благий і людинолюбний.",
Лютий,03.02,6,сб,"Субота заупокійна. 🕃 Св. і прав. Симеона Богоприємця і Анни, пророчиці","святого і праведного Симеона Богоприємця і Анни, пророчиці,",так,посвяття,"істинний Бог наш,","істинний Бог наш, що зволив спочити в обіймах праведного Симеона спасіння нашого ради,","Священик: Христос, істинний Бог наш - молитвами пречистої Своєї Матері, силою чесного і животворчого Хреста, заступництвом чесних небесних сил безтілесних, чесного і славного пророка, предтечі і хрестителя Йоана, святих славних і всехвальних апостолів, святого отця нашого Миколая, архиєпископа Мир Ликійських, чудотворця, святих славних і переможних мучеників, преподобних і богоносних отців наших, святого отця нашого Івана Золотоустого, архиєпископа Константинополя, святих і праведних богоотців Йоакима й Анни, святого, якого є храм, святого і праведного Симеона Богоприємця і Анни, пророчиці, і всіх святих - помилує і спасе нас як благий і людинолюбний.","Священик: Христос, істинний Бог наш - молитвами пречистої Своєї Матері, силою чесного і животворчого Хреста, заступництвом чесних небесних сил безтілесних, чесного і славного пророка, предтечі і хрестителя Йоана, святих славних і всехвальних апостолів, святого отця нашого Миколая, архиєпископа Мир Ликійських, чудотворця, святих славних і переможних мучеників, преподобних і богоносних отців наших, святих і праведних богоотців Йоакима й Анни, святого, якого є храм, святого і праведного Симеона Богоприємця і Анни, пророчиці, і всіх святих - помилує і спасе нас як благий і людинолюбний.",
Лютий,04.02,7,нд,"Неділя м’ясопусна, про Страшний суд. Прп. Ісидора Пилусіотського",преподобного отця нашого Ісидора Пилусіотського,так,посвяття,"істинний Бог наш,","істинний Бог наш, що зволив спочити в обіймах праведного Симеона спасіння нашого ради,","Священик: Христос, що воскрес із мертвих, істинний Бог наш - молитвами пречистої Своєї Матері, святих славних і всехвальних апостолів, святого отця нашого Івана Золотоустого, архиєпископа Константинополя, святого, якого є храм, преподобного отця нашого Ісидора Пилусіотського і всіх святих - помилує і спасе нас як благий і людинолюбний.","Священик: Христос, що воскрес із мертвих, істинний Бог наш - молитвами пречистої Своєї Матері, святих славних і всехвальних апостолів, святого, якого є храм, преподобного отця нашого Ісидора Пилусіотського і всіх святих - помилує і спасе нас як благий і людинолюбний.",
Лютий,05.02,1,пн,Тиждень сиропусний. Св. мц. Агафії,святої мучениці Агафії,так,посвяття,"істинний Бог наш,","істинний Бог наш, що зволив спочити в обіймах праведного Симеона спасіння нашого ради,","Священик: Христос, істинний Бог наш - молитвами пречистої Своєї Матері, заступництвом чесних небесних сил безтілесних, святих славних і всехвальних апостолів, святого отця нашого Івана Золотоустого, архиєпископа Константинополя, святого, якого є храм, святої мучениці Агафії і всіх святих - помилує і спасе нас як благий і людинолюбний.","Священик: Христос, істинний Бог наш - молитвами пречистої Своєї Матері, заступництвом чесних небесних сил безтілесних, святих славних і всехвальних апостолів, святого, якого є храм, святої мучениці Агафії і всіх святих - помилує і спасе нас як благий і людинолюбний.",
Лютий,06.02,2,вв,"Прп. Вукола, єп. Смирнського Св. сщмч. Сілвана, єп. Ємеського, і тих, що з ним","преподобного отця нашого Вукола, єпископа Смирнського, святого священномученика Сілвана, єпископа Ємеського, і тих, що з ним,",так,віддання,,,#N/A,#N/A,
Лютий,07.02,3,ср,"Прп. Партенія, єп. Лампсакійського Блаж. сщмч. Петра Вергуна, пресвіт.","преподобного отця нашого Партенія, єпископа Лампсакійського, блаженного священномученика Петра Вергуна, пресвітера,",ні,,,,"Священик: Христос, істинний Бог наш - молитвами пречистої Своєї Матері, силою чесного і животворчого хреста, заступництвом святих славних і всехвальних апостолів, святого отця нашого Івана Золотоустого, архиєпископа Константинополя, святого, якого є храм, преподобного отця нашого Партенія, єпископа Лампсакійського, блаженного священномученика Петра Вергуна, пресвітера, і всіх святих - помилує і спасе нас як благий і людинолюбний.","Священик: Христос, істинний Бог наш - молитвами пречистої Своєї Матері, силою чесного і животворчого хреста, заступництвом святих славних і всехвальних апостолів, святого, якого є храм, преподобного отця нашого Партенія, єпископа Лампсакійського, блаженного священномученика Петра Вергуна, пресвітера, і всіх святих - помилує і спасе нас як благий і людинолюбний.",
Лютий,08.02,4,чт,🕃 Св. вмч. Теодора Стратилата Св. прор. Захарії Серповидця,"святого великомученика Теодора Стратилата, святого пророка Захарії Серповидця",ні,,,,"Священик: Христос, істинний Бог наш - молитвами пречистої Своєї Матері, святих славних і всехвальних апостолів, святого отця нашого Миколая, архиєпископа Мир Ликійських, чудотворця, святого отця нашого Івана Золотоустого, архиєпископа Константинополя, святого, якого є храм, святого великомученика Теодора Стратилата, святого пророка Захарії Серповидця і всіх святих - помилує і спасе нас як благий і людинолюбний.","Священик: Христос, істинний Бог наш - молитвами пречистої Своєї Матері, святих славних і всехвальних апостолів, святого отця нашого Миколая, архиєпископа Мир Ликійських, чудотворця, святого, якого є храм, святого великомученика Теодора Стратилата, святого пророка Захарії Серповидця і всіх святих - помилує і спасе нас як благий і людинолюбний.",
Лютий,09.02,5,пт,Св. мч. Никифора. Віддання Стрітення,святого мученика Никифора,ні,,,,"Священик: Христос, істинний Бог наш - молитвами пречистої Своєї Матері, силою чесного і животворчого хреста, заступництвом святих славних і всехвальних апостолів, святого отця нашого Івана Золотоустого, архиєпископа Константинополя, святого, якого є храм, святого мученика Никифора і всіх святих - помилує і спасе нас як благий і людинолюбний.","Священик: Христос, істинний Бог наш - молитвами пречистої Своєї Матері, силою чесного і животворчого хреста, заступництвом святих славних і всехвальних апостолів, святого, якого є храм, святого мученика Никифора і всіх святих - помилує і спасе нас як благий і людинолюбний.",
Лютий,10.02,6,сб,"Субота сиропусна. Всіх преподобних отців, що в подвизі просіяли. Св. мч. Харалампія",святого мученика Харалампія,ні,,,,"Священик: Христос, істинний Бог наш - молитвами пречистої Своєї Матері, силою чесного і животворчого Хреста, заступництвом чесних небесних сил безтілесних, чесного і славного пророка, предтечі і хрестителя Йоана, святих славних і всехвальних апостолів, святого отця нашого Миколая, архиєпископа Мир Ликійських, чудотворця, святих славних і переможних мучеників, преподобних і богоносних отців наших, святого отця нашого Івана Золотоустого, архиєпископа Константинополя, святих і праведних богоотців Йоакима й Анни, святого, якого є храм, святого мученика Харалампія і всіх святих - помилує і спасе нас як благий і людинолюбний.","Священик: Христос, істинний Бог наш - молитвами пречистої Своєї Матері, силою чесного і животворчого Хреста, заступництвом чесних небесних сил безтілесних, чесного і славного пророка, предтечі і хрестителя Йоана, святих славних і всехвальних апостолів, святого отця нашого Миколая, архиєпископа Мир Ликійських, чудотворця, святих славних і переможних мучеників, преподобних і богоносних отців наших, святих і праведних богоотців Йоакима й Анни, святого, якого є храм, святого мученика Харалампія і всіх святих - помилує і спасе нас як благий і людинолюбний.",
Лютий,11.02,7,нд,"Неділя сиропусна, прощення. Св. сщмч. Власія, єп. Севастійського","святого священномученика Власія, єпископа Севастійського,",ні,,,,"Священик: Христос, що воскрес із мертвих, істинний Бог наш - молитвами пречистої Своєї Матері, святих славних і всехвальних апостолів, святого отця нашого Івана Золотоустого, архиєпископа Константинополя, святого, якого є храм, святого священномученика Власія, єпископа Севастійського, і всіх святих - помилує і спасе нас як благий і людинолюбний.","Священик: Христос, що воскрес із мертвих, істинний Бог наш - молитвами пречистої Своєї Матері, святих славних і всехвальних апостолів, святого, якого є храм, святого священномученика Власія, єпископа Севастійського, і всіх святих - помилує і спасе нас як благий і людинолюбний.",
Лютий,12.02,1,пн,"Початок св. Великого посту. Св. Мелетія, аєп. Антіохійського","святого отця нашого Мелетія, архиєпископа Антіохійського,",ні,,,,"Священик: Христос, істинний Бог наш - молитвами пречистої Своєї Матері, заступництвом чесних небесних сил безтілесних, святих славних і всехвальних апостолів, святого отця нашого Івана Золотоустого, архиєпископа Константинополя, святого, якого є храм, святого отця нашого Мелетія, архиєпископа Антіохійського, і всіх святих - помилує і спасе нас як благий і людинолюбний.","Священик: Христос, істинний Бог наш - молитвами пречистої Своєї Матері, заступництвом чесних небесних сил безтілесних, святих славних і всехвальних апостолів, святого, якого є храм, святого отця нашого Мелетія, архиєпископа Антіохійського, і всіх святих - помилує і спасе нас як благий і людинолюбний.",
Лютий,13.02,2,вв,Прп. Мартиніана Свв. жінок Зої і Фотини (Світлани),"преподобного отця нашого Мартиніана, святих жінок Зої і Фотини (Світлани),",ні,,,,"Священик: Христос, істинний Бог наш - молитвами пречистої Своєї Матері, чесного і славного пророка, предтечі і хрестителя Івана, святих славних і всехвальних апостолів, святого отця нашого Івана Золотоустого, архиєпископа Константинополя, святого, якого є храм, преподобного отця нашого Мартиніана, святих жінок Зої і Фотини (Світлани), і всіх святих - помилує і спасе нас як благий і людинолюбний.","Священик: Христос, істинний Бог наш - молитвами пречистої Своєї Матері, чесного і славного пророка, предтечі і хрестителя Івана, святих славних і всехвальних апостолів, святого, якого є храм, преподобного отця нашого Мартиніана, святих жінок Зої і Фотини (Світлани), і всіх святих - помилує і спасе нас як благий і людинолюбний.",
Лютий,14.02,3,ср,"🕂 Переставл. прп. Константина, філософа, у монахах Кирила, учителя слов’янського Прп. Авксентія Прп. Марона, пустинника, чудотв.","преподобного отця нашого Константина, філософа, у монахах Кирила, учителя слов’янського, преподобного отця нашого Авксентія, преподобного Марона, пустинника, чудотворця,",ні,,,,"Священик: Христос, істинний Бог наш - молитвами пречистої Своєї Матері, силою чесного і животворчого хреста, заступництвом святих славних і всехвальних апостолів, святого отця нашого Івана Золотоустого, архиєпископа Константинополя, святого, якого є храм, преподобного отця нашого Константина, філософа, у монахах Кирила, учителя слов’янського, преподобного отця нашого Авксентія, преподобного Марона, пустинника, чудотворця, і всіх святих - помилує і спасе нас як благий і людинолюбний.","Священик: Христос, істинний Бог наш - молитвами пречистої Своєї Матері, силою чесного і животворчого хреста, заступництвом святих славних і всехвальних апостолів, святого, якого є храм, преподобного отця нашого Константина, філософа, у монахах Кирила, учителя слов’янського, преподобного отця нашого Авксентія, преподобного Марона, пустинника, чудотворця, і всіх святих - помилує і спасе нас як благий і людинолюбний.",
Лютий,15.02,4,чт,Св. ап. Онисима,святого апостола Онисима,ні,,,,"Священик: Христос, істинний Бог наш - молитвами пречистої Своєї Матері, святих славних і всехвальних апостолів, святого отця нашого Миколая, архиєпископа Мир Ликійських, чудотворця, святого отця нашого Івана Золотоустого, архиєпископа Константинополя, святого, якого є храм, святого апостола Онисима і всіх святих - помилує і спасе нас як благий і людинолюбний.","Священик: Христос, істинний Бог наш - молитвами пречистої Своєї Матері, святих славних і всехвальних апостолів, святого отця нашого Миколая, архиєпископа Мир Ликійських, чудотворця, святого, якого є храм, святого апостола Онисима і всіх святих - помилує і спасе нас як благий і людинолюбний.",
Лютий,16.02,5,пт,"Свв. мчч. Памфила, єрея, Порфирія і тих, що з ними","святих мучеників Памфила, єрея, Порфирія і тих, що з ними,",ні,,,,"Священик: Христос, істинний Бог наш - молитвами пречистої Своєї Матері, силою чесного і животворчого хреста, заступництвом святих славних і всехвальних апостолів, святого отця нашого Івана Золотоустого, архиєпископа Константинополя, святого, якого є храм, святих мучеників Памфила, єрея, Порфирія і тих, що з ними, і всіх святих - помилує і спасе нас як благий і людинолюбний.","Священик: Христос, істинний Бог наш - молитвами пречистої Своєї Матері, силою чесного і животворчого хреста, заступництвом святих славних і всехвальних апостолів, святого, якого є храм, святих мучеників Памфила, єрея, Порфирія і тих, що з ними, і всіх святих - помилує і спасе нас як благий і людинолюбний.",
Лютий,17.02,6,сб,🕃 Св. вмч. Теодора Тирона,святого великомученика Теодора Тирона,ні,,,,"Священик: Христос, істинний Бог наш - молитвами пречистої Своєї Матері, силою чесного і животворчого Хреста, заступництвом чесних небесних сил безтілесних, чесного і славного пророка, предтечі і хрестителя Йоана, святих славних і всехвальних апостолів, святого отця нашого Миколая, архиєпископа Мир Ликійських, чудотворця, святих славних і переможних мучеників, преподобних і богоносних отців наших, святого отця нашого Івана Золотоустого, архиєпископа Константинополя, святих і праведних богоотців Йоакима й Анни, святого, якого є храм, святого великомученика Теодора Тирона і всіх святих - помилує і спасе нас як благий і людинолюбний.","Священик: Христос, істинний Бог наш - молитвами пречистої Своєї Матері, силою чесного і животворчого Хреста, заступництвом чесних небесних сил безтілесних, чесного і славного пророка, предтечі і хрестителя Йоана, святих славних і всехвальних апостолів, святого отця нашого Миколая, архиєпископа Мир Ликійських, чудотворця, святих славних і переможних мучеників, преподобних і богоносних отців наших, святих і праведних богоотців Йоакима й Анни, святого, якого є храм, святого великомученика Теодора Тирона і всіх святих - помилує і спасе нас як благий і людинолюбний.",
Лютий,18.02,7,нд,"Неділя 1-ша Великого посту, Православ’я. Св. Лева, папи Римського","святого отця нашого Лева, папи Римського,",ні,,,,"Священик: Христос, що воскрес із мертвих, істинний Бог наш - молитвами пречистої Своєї Матері, святих славних і всехвальних апостолів, святого отця нашого Івана Золотоустого, архиєпископа Константинополя, святого, якого є храм, святого отця нашого Лева, папи Римського, і всіх святих - помилує і спасе нас як благий і людинолюбний.","Священик: Христос, що воскрес із мертвих, істинний Бог наш - молитвами пречистої Своєї Матері, святих славних і всехвальних апостолів, святого, якого є храм, святого отця нашого Лева, папи Римського, і всіх святих - помилує і спасе нас як благий і людинолюбний.",
Лютий,19.02,1,пн,Тиждень 2-ий Великого посту. Св. ап. Архипа,святого апостола Архипа,ні,,,,"Священик: Христос, істинний Бог наш - молитвами пречистої Своєї Матері, заступництвом чесних небесних сил безтілесних, святих славних і всехвальних апостолів, святого отця нашого Івана Золотоустого, архиєпископа Константинополя, святого, якого є храм, святого апостола Архипа і всіх святих - помилує і спасе нас як благий і людинолюбний.","Священик: Христос, істинний Бог наш - молитвами пречистої Своєї Матері, заступництвом чесних небесних сил безтілесних, святих славних і всехвальних апостолів, святого, якого є храм, святого апостола Архипа і всіх святих - помилує і спасе нас як благий і людинолюбний.",
Лютий,20.02,2,вв,"Прп. Лева, єп. Катанського","преподобного отця нашого Лева, єпископа Катанського,",ні,,,,"Священик: Христос, істинний Бог наш - молитвами пречистої Своєї Матері, чесного і славного пророка, предтечі і хрестителя Івана, святих славних і всехвальних апостолів, святого отця нашого Івана Золотоустого, архиєпископа Константинополя, святого, якого є храм, преподобного отця нашого Лева, єпископа Катанського, і всіх святих - помилує і спасе нас як благий і людинолюбний.","Священик: Христос, істинний Бог наш - молитвами пречистої Своєї Матері, чесного і славного пророка, предтечі і хрестителя Івана, святих славних і всехвальних апостолів, святого, якого є храм, преподобного отця нашого Лева, єпископа Катанського, і всіх святих - помилує і спасе нас як благий і людинолюбний.",
Лютий,21.02,3,ср,"Прп. Тимотея, що в Символах Св. Євстатія, аєп. Великої Антіохії","преподобного отця нашого Тимотея, що в Символах, святого отця нашого Євстатія, архиєпископа Великої Антіохії,",ні,,,,"Священик: Христос, істинний Бог наш - молитвами пречистої Своєї Матері, силою чесного і животворчого хреста, заступництвом святих славних і всехвальних апостолів, святого отця нашого Івана Золотоустого, архиєпископа Константинополя, святого, якого є храм, преподобного отця нашого Тимотея, що в Символах, святого отця нашого Євстатія, архиєпископа Великої Антіохії, і всіх святих - помилує і спасе нас як благий і людинолюбний.","Священик: Христос, істинний Бог наш - молитвами пречистої Своєї Матері, силою чесного і животворчого хреста, заступництвом святих славних і всехвальних апостолів, святого, якого є храм, преподобного отця нашого Тимотея, що в Символах, святого отця нашого Євстатія, архиєпископа Великої Антіохії, і всіх святих - помилує і спасе нас як благий і людинолюбний.",
Лютий,22.02,4,чт,"Віднайдення чесних мощів свв. мчч., що в Євгенії","віднайдення чесних мощів святих мучеників, що в Євгенії,",ні,,,,"Священик: Христос, істинний Бог наш - молитвами пречистої Своєї Матері, святих славних і всехвальних апостолів, святого отця нашого Миколая, архиєпископа Мир Ликійських, чудотворця, святого отця нашого Івана Золотоустого, архиєпископа Константинополя, святого, якого є храм, віднайдення чесних мощів святих мучеників, що в Євгенії, і всіх святих - помилує і спасе нас як благий і людинолюбний.","Священик: Христос, істинний Бог наш - молитвами пречистої Своєї Матері, святих славних і всехвальних апостолів, святого отця нашого Миколая, архиєпископа Мир Ликійських, чудотворця, святого, якого є храм, віднайдення чесних мощів святих мучеників, що в Євгенії, і всіх святих - помилує і спасе нас як благий і людинолюбний.",
Лютий,23.02,5,пт,"Св. сщмч. Полікарпа, єп. Смирнського","святого священномученика Полікарпа, єпископа Смирнського,",ні,,,,"Священик: Христос, істинний Бог наш - молитвами пречистої Своєї Матері, силою чесного і животворчого хреста, заступництвом святих славних і всехвальних апостолів, святого отця нашого Івана Золотоустого, архиєпископа Константинополя, святого, якого є храм, святого священномученика Полікарпа, єпископа Смирнського, і всіх святих - помилує і спасе нас як благий і людинолюбний.","Священик: Христос, істинний Бог наш - молитвами пречистої Своєї Матері, силою чесного і животворчого хреста, заступництвом святих славних і всехвальних апостолів, святого, якого є храм, святого священномученика Полікарпа, єпископа Смирнського, і всіх святих - помилує і спасе нас як благий і людинолюбний.",
Лютий,24.02,6,сб,"Субота заупокійна. 🕂 Перше і друге знайдення чесної голови св. славн. прор., предтечі і хрестителя Господнього Івана","перше і друге знайдення чесної голови святого славного пророка, предтечі і хрестителя Господнього Івана,",ні,,,,"Священик: Христос, істинний Бог наш - молитвами пречистої Своєї Матері, силою чесного і животворчого Хреста, заступництвом чесних небесних сил безтілесних, чесного і славного пророка, предтечі і хрестителя Йоана, святих славних і всехвальних апостолів, святого отця нашого Миколая, архиєпископа Мир Ликійських, чудотворця, святих славних і переможних мучеників, преподобних і богоносних отців наших, святого отця нашого Івана Золотоустого, архиєпископа Константинополя, святих і праведних богоотців Йоакима й Анни, святого, якого є храм, перше і друге знайдення чесної голови святого славного пророка, предтечі і хрестителя Господнього Івана, і всіх святих - помилує і спасе нас як благий і людинолюбний.","Священик: Христос, істинний Бог наш - молитвами пречистої Своєї Матері, силою чесного і животворчого Хреста, заступництвом чесних небесних сил безтілесних, чесного і славного пророка, предтечі і хрестителя Йоана, святих славних і всехвальних апостолів, святого отця нашого Миколая, архиєпископа Мир Ликійських, чудотворця, святих славних і переможних мучеників, преподобних і богоносних отців наших, святих і праведних богоотців Йоакима й Анни, святого, якого є храм, перше і друге знайдення чесної голови святого славного пророка, предтечі і хрестителя Господнього Івана, і всіх святих - помилує і спасе нас як благий і людинолюбний.",
Лютий,25.02,7,нд,"Неділя 2-га Великого посту.Гл. 6. Єв. 6. Св. Тарасія, аєп. Царгородського","святого отця нашого Тарасія, архиєпископа Царгородського,",ні,,,,"Священик: Христос, що воскрес із мертвих, істинний Бог наш - молитвами пречистої Своєї Матері, святих славних і всехвальних апостолів, святого отця нашого Івана Золотоустого, архиєпископа Константинополя, святого, якого є храм, святого отця нашого Тарасія, архиєпископа Царгородського, і всіх святих - помилує і спасе нас як благий і людинолюбний.","Священик: Христос, що воскрес із мертвих, істинний Бог наш - молитвами пречистої Своєї Матері, святих славних і всехвальних апостолів, святого, якого є храм, святого отця нашого Тарасія, архиєпископа Царгородського, і всіх святих - помилує і спасе нас як благий і людинолюбний.",
Лютий,26.02,1,пн,"Тиждень 3-ій Великого посту.</em>Св. Порфирія, єп. Газького Блаж. Едігни</b>","святого отця нашого Порфирія, єпископа Газького, блаженної Едігни",ні,,,,"Священик: Христос, істинний Бог наш - молитвами пречистої Своєї Матері, заступництвом чесних небесних сил безтілесних, святих славних і всехвальних апостолів, святого отця нашого Івана Золотоустого, архиєпископа Константинополя, святого, якого є храм, святого отця нашого Порфирія, єпископа Газького, блаженної Едігни і всіх святих - помилує і спасе нас як благий і людинолюбний.","Священик: Христос, істинний Бог наш - молитвами пречистої Своєї Матері, заступництвом чесних небесних сил безтілесних, святих славних і всехвальних апостолів, святого, якого є храм, святого отця нашого Порфирія, єпископа Газького, блаженної Едігни і всіх святих - помилує і спасе нас як благий і людинолюбний.",
Лютий,27.02,2,вв,Прп. й ісп. Прокопія Декаполіта,"преподобного отця нашого й ісповідника Прокопія Декаполіта,",ні,,,,"Священик: Христос, істинний Бог наш - молитвами пречистої Своєї Матері, чесного і славного пророка, предтечі і хрестителя Івана, святих славних і всехвальних апостолів, святого отця нашого Івана Золотоустого, архиєпископа Константинополя, святого, якого є храм, преподобного отця нашого й ісповідника Прокопія Декаполіта, і всіх святих - помилує і спасе нас як благий і людинолюбний.","Священик: Христос, істинний Бог наш - молитвами пречистої Своєї Матері, чесного і славного пророка, предтечі і хрестителя Івана, святих славних і всехвальних апостолів, святого, якого є храм, преподобного отця нашого й ісповідника Прокопія Декаполіта, і всіх святих - помилує і спасе нас як благий і людинолюбний.",
Лютий,28.02,3,ср,"Прп. й ісп. Василія, співпосника Прокопового","преподобного отця нашого й ісповідника Василія, співпосника Прокопового,",ні,,,,"Священик: Христос, істинний Бог наш - молитвами пречистої Своєї Матері, силою чесного і животворчого хреста, заступництвом святих славних і всехвальних апостолів, святого отця нашого Івана Золотоустого, архиєпископа Константинополя, святого, якого є храм, преподобного отця нашого й ісповідника Василія, співпосника Прокопового, і всіх святих - помилує і спасе нас як благий і людинолюбний.","Священик: Христос, істинний Бог наш - молитвами пречистої Своєї Матері, силою чесного і животворчого хреста, заступництвом святих славних і всехвальних апостолів, святого, якого є храм, преподобного отця нашого й ісповідника Василія, співпосника Прокопового, і всіх святих - помилує і спасе нас як благий і людинолюбний.",
Лютий,29.02,4,чт,Прп. Касіана,преподобного отця нашого Касіана,ні,,,,"Священик: Христос, істинний Бог наш - молитвами пречистої Своєї Матері, святих славних і всехвальних апостолів, святого отця нашого Миколая, архиєпископа Мир Ликійських, чудотворця, святого отця нашого Івана Золотоустого, архиєпископа Константинополя, святого, якого є храм, преподобного отця нашого Касіана і всіх святих - помилує і спасе нас як благий і людинолюбний.","Священик: Христос, істинний Бог наш - молитвами пречистої Своєї Матері, святих славних і всехвальних апостолів, святого отця нашого Миколая, архиєпископа Мир Ликійських, чудотворця, святого, якого є храм, преподобного отця нашого Касіана і всіх святих - помилує і спасе нас як благий і людинолюбний.",
Березень,01.03,5,пт,Св. прпмц. Євдокії,святої преподобномучениці Євдокії,ні,,,,"Священик: Христос, істинний Бог наш - молитвами пречистої Своєї Матері, силою чесного і животворчого хреста, заступництвом святих славних і всехвальних апостолів, святого отця нашого Івана Золотоустого, архиєпископа Константинополя, святого, якого є храм, святої преподобномучениці Євдокії і всіх святих - помилує і спасе нас як благий і людинолюбний.","Священик: Христос, істинний Бог наш - молитвами пречистої Своєї Матері, силою чесного і животворчого хреста, заступництвом святих славних і всехвальних апостолів, святого, якого є храм, святої преподобномучениці Євдокії і всіх святих - помилує і спасе нас як благий і людинолюбний.",
Березень,02.03,6,сб,"Св. сщмч. Теодота (Богдана), єп. Киринейського","святого священномученика Теодота, єпископа Киринейського",ні,,,,"Священик: Христос, істинний Бог наш - молитвами пречистої Своєї Матері, силою чесного і животворчого Хреста, заступництвом чесних небесних сил безтілесних, чесного і славного пророка, предтечі і хрестителя Йоана, святих славних і всехвальних апостолів, святого отця нашого Миколая, архиєпископа Мир Ликійських, чудотворця, святих славних і переможних мучеників, преподобних і богоносних отців наших, святого отця нашого Івана Золотоустого, архиєпископа Константинополя, святих і праведних богоотців Йоакима й Анни, святого, якого є храм, святого священномученика Теодота, єпископа Киринейського і всіх святих - помилує і спасе нас як благий і людинолюбний.","Священик: Христос, істинний Бог наш - молитвами пречистої Своєї Матері, силою чесного і животворчого Хреста, заступництвом чесних небесних сил безтілесних, чесного і славного пророка, предтечі і хрестителя Йоана, святих славних і всехвальних апостолів, святого отця нашого Миколая, архиєпископа Мир Ликійських, чудотворця, святих славних і переможних мучеників, преподобних і богоносних отців наших, святих і праведних богоотців Йоакима й Анни, святого, якого є храм, святого священномученика Теодота, єпископа Киринейського і всіх святих - помилує і спасе нас як благий і людинолюбний.",
Березень,03.03,7,нд,"Неділя про блудного сина. Свв. мчч. Євтропія, Клеоніка й Василиска","святих мучеників Євтропія, Клеоніка й Василиска",ні,,,,"Священик: Христос, що воскрес із мертвих, істинний Бог наш - молитвами пречистої Своєї Матері, святих славних і всехвальних апостолів, святого отця нашого Івана Золотоустого, архиєпископа Константинополя, святого, якого є храм, святих мучеників Євтропія, Клеоніка й Василиска і всіх святих - помилує і спасе нас як благий і людинолюбний.","Священик: Христос, що воскрес із мертвих, істинний Бог наш - молитвами пречистої Своєї Матері, святих славних і всехвальних апостолів, святого, якого є храм, святих мучеників Євтропія, Клеоніка й Василиска і всіх святих - помилує і спасе нас як благий і людинолюбний.",
Березень,04.03,1,пн,"Тиждень м’ясопусний. Прп. Герасима, що на Йордані","преподобного отця нашого Герасима, що на Йордані",ні,,,,"Священик: Христос, істинний Бог наш - молитвами пречистої Своєї Матері, заступництвом чесних небесних сил безтілесних, святих славних і всехвальних апостолів, святого отця нашого Івана Золотоустого, архиєпископа Константинополя, святого, якого є храм, преподобного отця нашого Герасима, що на Йордані і всіх святих - помилує і спасе нас як благий і людинолюбний.","Священик: Христос, істинний Бог наш - молитвами пречистої Своєї Матері, заступництвом чесних небесних сил безтілесних, святих славних і всехвальних апостолів, святого, якого є храм, преподобного отця нашого Герасима, що на Йордані і всіх святих - помилує і спасе нас як благий і людинолюбний.",
Березень,05.03,2,вт,Св. мч. Конона,святого мученика Конона,ні,,,,"Священик: Христос, істинний Бог наш - молитвами пречистої Своєї Матері, чесного і славного пророка, предтечі і хрестителя Івана, святих славних і всехвальних апостолів, святого отця нашого Івана Золотоустого, архиєпископа Константинополя, святого, якого є храм, святого мученика Конона і всіх святих - помилує і спасе нас як благий і людинолюбний.","Священик: Христос, істинний Бог наш - молитвами пречистої Своєї Матері, чесного і славного пророка, предтечі і хрестителя Івана, святих славних і всехвальних апостолів, святого, якого є храм, святого мученика Конона і всіх святих - помилує і спасе нас як благий і людинолюбний.",
Березень,06.03,3,ср,"Свв. сорока двох мчч., що в Аморії","святих сорока двох мучеників, що в Аморії",ні,,,,"Священик: Христос, істинний Бог наш - молитвами пречистої Своєї Матері, силою чесного і животворчого хреста, заступництвом святих славних і всехвальних апостолів, святого отця нашого Івана Золотоустого, архиєпископа Константинополя, святого, якого є храм, святих сорока двох мучеників, що в Аморії і всіх святих - помилує і спасе нас як благий і людинолюбний.","Священик: Христос, істинний Бог наш - молитвами пречистої Своєї Матері, силою чесного і животворчого хреста, заступництвом святих славних і всехвальних апостолів, святого, якого є храм, святих сорока двох мучеників, що в Аморії і всіх святих - помилує і спасе нас як благий і людинолюбний.",
Березень,07.03,4,чт,"Свв. сщмчч., що були єпп. в Херсоні: Василія, Єфрема, Капітона, Євгенія, Етерія й інших Блаж. сщмч. Леоніда-Леонтія Федорова","святих священномучеників, що були єпископами в Херсоні: Василія, Єфрема, Капітона, Євгенія, Етерія й інших, блаженного священномученика Леоніда-Леонтія Федорова",ні,,,,"Священик: Христос, істинний Бог наш - молитвами пречистої Своєї Матері, святих славних і всехвальних апостолів, святого отця нашого Миколая, архиєпископа Мир Ликійських, чудотворця, святого отця нашого Івана Золотоустого, архиєпископа Константинополя, святого, якого є храм, святих священномучеників, що були єпископами в Херсоні: Василія, Єфрема, Капітона, Євгенія, Етерія й інших, блаженного священномученика Леоніда-Леонтія Федорова і всіх святих - помилує і спасе нас як благий і людинолюбний.","Священик: Христос, істинний Бог наш - молитвами пречистої Своєї Матері, святих славних і всехвальних апостолів, святого отця нашого Миколая, архиєпископа Мир Ликійських, чудотворця, святого, якого є храм, святих священномучеників, що були єпископами в Херсоні: Василія, Єфрема, Капітона, Євгенія, Етерія й інших, блаженного священномученика Леоніда-Леонтія Федорова і всіх святих - помилує і спасе нас як благий і людинолюбний.",
Березень,08.03,5,пт,"Прп. й ісп. Теофілакта, єп. Нікомидійського","преподобного отця нашого й ісповідника Теофілакта, єпископа Нікомидійського",ні,,,,"Священик: Христос, істинний Бог наш - молитвами пречистої Своєї Матері, силою чесного і животворчого хреста, заступництвом святих славних і всехвальних апостолів, святого отця нашого Івана Золотоустого, архиєпископа Константинополя, святого, якого є храм, преподобного отця нашого й ісповідника Теофілакта, єпископа Нікомидійського і всіх святих - помилує і спасе нас як благий і людинолюбний.","Священик: Христос, істинний Бог наш - молитвами пречистої Своєї Матері, силою чесного і животворчого хреста, заступництвом святих славних і всехвальних апостолів, святого, якого є храм, преподобного отця нашого й ісповідника Теофілакта, єпископа Нікомидійського і всіх святих - помилує і спасе нас як благий і людинолюбний.",
Березень,09.03,6,сб,"Субота заупокійна. 🕂 Свв. сорока мчч., замучених у Севастійському озері","святих сорока мучеників, замучених у Севастійському озері",ні,,,,"Священик: Христос, істинний Бог наш - молитвами пречистої Своєї Матері, силою чесного і животворчого Хреста, заступництвом чесних небесних сил безтілесних, чесного і славного пророка, предтечі і хрестителя Йоана, святих славних і всехвальних апостолів, святого отця нашого Миколая, архиєпископа Мир Ликійських, чудотворця, святих славних і переможних мучеників, преподобних і богоносних отців наших, святого отця нашого Івана Золотоустого, архиєпископа Константинополя, святих і праведних богоотців Йоакима й Анни, святого, якого є храм, святих сорока мучеників, замучених у Севастійському озері і всіх святих - помилує і спасе нас як благий і людинолюбний.","Священик: Христос, істинний Бог наш - молитвами пречистої Своєї Матері, силою чесного і животворчого Хреста, заступництвом чесних небесних сил безтілесних, чесного і славного пророка, предтечі і хрестителя Йоана, святих славних і всехвальних апостолів, святого отця нашого Миколая, архиєпископа Мир Ликійських, чудотворця, святих славних і переможних мучеників, преподобних і богоносних отців наших, святих і праведних богоотців Йоакима й Анни, святого, якого є храм, святих сорока мучеників, замучених у Севастійському озері і всіх святих - помилує і спасе нас як благий і людинолюбний.",
Березень,10.03,7,нд,"Неділя м’ясопусна, про Страшний суд. Св. мч. Кодрата і тих, що з ним: Кипріана, Ніки, Галини та інших","святого мученика Кодрата і тих, що з ним: Кипріана, Ніки, Галини та інших",ні,,,,"Священик: Христос, що воскрес із мертвих, істинний Бог наш - молитвами пречистої Своєї Матері, святих славних і всехвальних апостолів, святого отця нашого Івана Золотоустого, архиєпископа Константинополя, святого, якого є храм, святого мученика Кодрата і тих, що з ним: Кипріана, Ніки, Галини та інших і всіх святих - помилує і спасе нас як благий і людинолюбний.","Священик: Христос, що воскрес із мертвих, істинний Бог наш - молитвами пречистої Своєї Матері, святих славних і всехвальних апостолів, святого, якого є храм, святого мученика Кодрата і тих, що з ним: Кипріана, Ніки, Галини та інших і всіх святих - помилує і спасе нас як благий і людинолюбний.",
Березень,11.03,1,пн,"Тиждень сиропусний. Св. Софронія, патр. Єрусалимського","святого отця нашого Софронія, патріарха Єрусалимського",ні,,,,"Священик: Христос, істинний Бог наш - молитвами пречистої Своєї Матері, заступництвом чесних небесних сил безтілесних, святих славних і всехвальних апостолів, святого отця нашого Івана Золотоустого, архиєпископа Константинополя, святого, якого є храм, святого отця нашого Софронія, патріарха Єрусалимського і всіх святих - помилує і спасе нас як благий і людинолюбний.","Священик: Христос, істинний Бог наш - молитвами пречистої Своєї Матері, заступництвом чесних небесних сил безтілесних, святих славних і всехвальних апостолів, святого, якого є храм, святого отця нашого Софронія, патріарха Єрусалимського і всіх святих - помилує і спасе нас як благий і людинолюбний.",
Березень,12.03,2,вт,"Прп. й ісп. Теофана Сигріанського Св. Григорія Двоєслова, папи Римського","преподобного отця нашого й ісповідника Теофана Сигріанського, святого отця нашого Григорія Двоєслова, папи Римського",ні,,,,"Священик: Христос, істинний Бог наш - молитвами пречистої Своєї Матері, чесного і славного пророка, предтечі і хрестителя Івана, святих славних і всехвальних апостолів, святого отця нашого Івана Золотоустого, архиєпископа Константинополя, святого, якого є храм, преподобного отця нашого й ісповідника Теофана Сигріанського, святого отця нашого Григорія Двоєслова, папи Римського і всіх святих - помилує і спасе нас як благий і людинолюбний.","Священик: Христос, істинний Бог наш - молитвами пречистої Своєї Матері, чесного і славного пророка, предтечі і хрестителя Івана, святих славних і всехвальних апостолів, святого, якого є храм, преподобного отця нашого й ісповідника Теофана Сигріанського, святого отця нашого Григорія Двоєслова, папи Римського і всіх святих - помилує і спасе нас як благий і людинолюбний.",
Березень,13.03,3,ср,"Перенесення мощів св. Никифора, патр. Царгородського","перенесення мощів святого отця нашого Никифора, патріарха Царгородського",ні,,,,"Священик: Христос, істинний Бог наш - молитвами пречистої Своєї Матері, силою чесного і животворчого хреста, заступництвом святих славних і всехвальних апостолів, святого отця нашого Івана Золотоустого, архиєпископа Константинополя, святого, якого є храм, перенесення мощів святого отця нашого Никифора, патріарха Царгородського і всіх святих - помилує і спасе нас як благий і людинолюбний.","Священик: Христос, істинний Бог наш - молитвами пречистої Своєї Матері, силою чесного і животворчого хреста, заступництвом святих славних і всехвальних апостолів, святого, якого є храм, перенесення мощів святого отця нашого Никифора, патріарха Царгородського і всіх святих - помилує і спасе нас як благий і людинолюбний.",
Березень,14.03,4,чт,Прп. Венедикта,преподобного отця нашого Венедикта,ні,,,,"Священик: Христос, істинний Бог наш - молитвами пречистої Своєї Матері, святих славних і всехвальних апостолів, святого отця нашого Миколая, архиєпископа Мир Ликійських, чудотворця, святого отця нашого Івана Золотоустого, архиєпископа Константинополя, святого, якого є храм, преподобного отця нашого Венедикта і всіх святих - помилує і спасе нас як благий і людинолюбний.","Священик: Христос, істинний Бог наш - молитвами пречистої Своєї Матері, святих славних і всехвальних апостолів, святого отця нашого Миколая, архиєпископа Мир Ликійських, чудотворця, святого, якого є храм, преподобного отця нашого Венедикта і всіх святих - помилує і спасе нас як благий і людинолюбний.",
Березень,15.03,5,пт,Св. мч. Агапія і з ним шести мчч.,святого мученика Агапія і з ним шести мучеників,ні,,,,"Священик: Христос, істинний Бог наш - молитвами пречистої Своєї Матері, силою чесного і животворчого хреста, заступництвом святих славних і всехвальних апостолів, святого отця нашого Івана Золотоустого, архиєпископа Константинополя, святого, якого є храм, святого мученика Агапія і з ним шести мучеників і всіх святих - помилує і спасе нас як благий і людинолюбний.","Священик: Христос, істинний Бог наш - молитвами пречистої Своєї Матері, силою чесного і животворчого хреста, заступництвом святих славних і всехвальних апостолів, святого, якого є храм, святого мученика Агапія і з ним шести мучеників і всіх святих - помилує і спасе нас як благий і людинолюбний.",
Березень,16.03,6,сб,"Субота сиропусна. Всіх преподобних отців, що в подвизі просіяли. Свв. мчч. Савина й Папи",святих мучеників Савина й Папи,ні,,,,"Священик: Христос, істинний Бог наш - молитвами пречистої Своєї Матері, силою чесного і животворчого Хреста, заступництвом чесних небесних сил безтілесних, чесного і славного пророка, предтечі і хрестителя Йоана, святих славних і всехвальних апостолів, святого отця нашого Миколая, архиєпископа Мир Ликійських, чудотворця, святих славних і переможних мучеників, преподобних і богоносних отців наших, святого отця нашого Івана Золотоустого, архиєпископа Константинополя, святих і праведних богоотців Йоакима й Анни, святого, якого є храм, святих мучеників Савина й Папи і всіх святих - помилує і спасе нас як благий і людинолюбний.","Священик: Христос, істинний Бог наш - молитвами пречистої Своєї Матері, силою чесного і животворчого Хреста, заступництвом чесних небесних сил безтілесних, чесного і славного пророка, предтечі і хрестителя Йоана, святих славних і всехвальних апостолів, святого отця нашого Миколая, архиєпископа Мир Ликійських, чудотворця, святих славних і переможних мучеників, преподобних і богоносних отців наших, святих і праведних богоотців Йоакима й Анни, святого, якого є храм, святих мучеників Савина й Папи і всіх святих - помилує і спасе нас як благий і людинолюбний.",
Березень,17.03,7,нд,"Неділя сиропусна, прощення. Прп. Олексія, чоловіка Божого","преподобного отця нашого Олексія, чоловіка Божого",ні,,,,"Священик: Христос, що воскрес із мертвих, істинний Бог наш - молитвами пречистої Своєї Матері, святих славних і всехвальних апостолів, святого отця нашого Івана Золотоустого, архиєпископа Константинополя, святого, якого є храм, преподобного отця нашого Олексія, чоловіка Божого і всіх святих - помилує і спасе нас як благий і людинолюбний.","Священик: Христос, що воскрес із мертвих, істинний Бог наш - молитвами пречистої Своєї Матері, святих славних і всехвальних апостолів, святого, якого є храм, преподобного отця нашого Олексія, чоловіка Божого і всіх святих - помилує і спасе нас як благий і людинолюбний.",
Березень,18.03,1,пн,"Початок св. Великого посту. Св. Кирила, аєп. Єрусалимського","святого отця нашого Кирила, архиєпископа Єрусалимського",ні,,,,"Священик: Христос, істинний Бог наш - молитвами пречистої Своєї Матері, заступництвом чесних небесних сил безтілесних, святих славних і всехвальних апостолів, святого отця нашого Івана Золотоустого, архиєпископа Константинополя, святого, якого є храм, святого отця нашого Кирила, архиєпископа Єрусалимського і всіх святих - помилує і спасе нас як благий і людинолюбний.","Священик: Христос, істинний Бог наш - молитвами пречистої Своєї Матері, заступництвом чесних небесних сил безтілесних, святих славних і всехвальних апостолів, святого, якого є храм, святого отця нашого Кирила, архиєпископа Єрусалимського і всіх святих - помилує і спасе нас як благий і людинолюбний.",
Березень,19.03,2,вт,Свв. мчч. Хризанта й Дарії,святих мучеників Хризанта й Дарії,ні,,,,"Священик: Христос, істинний Бог наш - молитвами пречистої Своєї Матері, чесного і славного пророка, предтечі і хрестителя Івана, святих славних і всехвальних апостолів, святого отця нашого Івана Золотоустого, архиєпископа Константинополя, святого, якого є храм, святих мучеників Хризанта й Дарії і всіх святих - помилує і спасе нас як благий і людинолюбний.","Священик: Христос, істинний Бог наш - молитвами пречистої Своєї Матері, чесного і славного пророка, предтечі і хрестителя Івана, святих славних і всехвальних апостолів, святого, якого є храм, святих мучеників Хризанта й Дарії і всіх святих - помилує і спасе нас як благий і людинолюбний.",
Березень,20.03,3,ср,"Прпп. отців наших, яких убили сарацини в обителі Св. Сави","преподобних отців наших, яких убили сарацини в обителі Святого Сави",ні,,,,"Священик: Христос, істинний Бог наш - молитвами пречистої Своєї Матері, силою чесного і животворчого хреста, заступництвом святих славних і всехвальних апостолів, святого отця нашого Івана Золотоустого, архиєпископа Константинополя, святого, якого є храм, преподобних отців наших, яких убили сарацини в обителі Святого Сави і всіх святих - помилує і спасе нас як благий і людинолюбний.","Священик: Христос, істинний Бог наш - молитвами пречистої Своєї Матері, силою чесного і животворчого хреста, заступництвом святих славних і всехвальних апостолів, святого, якого є храм, преподобних отців наших, яких убили сарацини в обителі Святого Сави і всіх святих - помилує і спасе нас як благий і людинолюбний.",
Березень,21.03,4,чт,"Прп. й ісп. Якова, єп. Катанського","преподобного отця нашого й ісповідника Якова, єпископа Катанського",ні,,,,"Священик: Христос, істинний Бог наш - молитвами пречистої Своєї Матері, святих славних і всехвальних апостолів, святого отця нашого Миколая, архиєпископа Мир Ликійських, чудотворця, святого отця нашого Івана Золотоустого, архиєпископа Константинополя, святого, якого є храм, преподобного отця нашого й ісповідника Якова, єпископа Катанського і всіх святих - помилує і спасе нас як благий і людинолюбний.","Священик: Христос, істинний Бог наш - молитвами пречистої Своєї Матері, святих славних і всехвальних апостолів, святого отця нашого Миколая, архиєпископа Мир Ликійських, чудотворця, святого, якого є храм, преподобного отця нашого й ісповідника Якова, єпископа Катанського і всіх святих - помилує і спасе нас як благий і людинолюбний.",
Березень,22.03,5,пт,"Св. сщмч. Василія, пресвіт. Анкирського","святого священномученика Василія, пресвітера Анкирського",ні,,,,"Священик: Христос, істинний Бог наш - молитвами пречистої Своєї Матері, силою чесного і животворчого хреста, заступництвом святих славних і всехвальних апостолів, святого отця нашого Івана Золотоустого, архиєпископа Константинополя, святого, якого є храм, святого священномученика Василія, пресвітера Анкирського і всіх святих - помилує і спасе нас як благий і людинолюбний.","Священик: Христос, істинний Бог наш - молитвами пречистої Своєї Матері, силою чесного і животворчого хреста, заступництвом святих славних і всехвальних апостолів, святого, якого є храм, святого священномученика Василія, пресвітера Анкирського і всіх святих - помилує і спасе нас як благий і людинолюбний.",
Березень,23.03,6,сб,"Св. прпмч. Нікона і двохсот учнів його, з ним замучених","святого преподобномученика Нікона і двохсот учнів його, з ним замучених",ні,,,,"Священик: Христос, істинний Бог наш, що прийшов у Витанію воскресити праведного Лазаря спасіння нашого ради, молитвами пречистої Своєї Матері, святих, славних і всехвальних апостолів, святого отця нашого Йоана Золотоустого, архиєпископа Константинополя, і всіх святих, помилує і спасе нас, як благий і чоловіколюбець.","Священик: Христос, істинний Бог наш, що прийшов у Витанію воскресити праведного Лазаря спасіння нашого ради, молитвами пречистої Своєї Матері, святих, славних і всехвальних апостолів, святого отця нашого Йоана Золотоустого, архиєпископа Константинополя, і всіх святих, помилує і спасе нас, як благий і чоловіколюбець.",
Березень,24.03,7,нд,"Неділя 1-ша Великого посту, Православ’я. Гл. 1. Єв. 9. 🕃 Передсвяття Благовіщення Пресвятої Богородиці Прп. Захарії Св. Артемона, єп. Селевкії Пісідійської","передсвяття Благовіщення Пресвятої Богородиці, преподобного отця нашого Захарії, святого отця нашого Артемона, єпископа Селевкії Пісідійської",ні,,,,"Священик: Христос, істинний Бог наш, що на осля сісти і до Єрусалиму прийти зволив, і від дітей єврейських хвалу прийняв спасіння нашого ради, молитвами пречистої Своєї Матері, святих, славних і всехвальних апостолів, святого отця нашого Івана Золотоустого, архиєпископа Константинополя, і всіх святих - помилує і спасе нас як благий і людинолюбний.","Священик: Христос, істинний Бог наш, що на осля сісти і до Єрусалиму прийти зволив, і від дітей єврейських хвалу прийняв спасіння нашого ради, молитвами пречистої Своєї Матері, святих, славних і всехвальних апостолів, і всіх святих - помилує і спасе нас як благий і людинолюбний.",
Березень,25.03,1,пн,"Тиждень 2-ий Великого посту. 🕀 Благовіщення Пресвятої Владичиці нашої Богородиці і Приснодіви Марії. Блаж. сщмч. Омеляна Ковча, пресвіт.","благовіщення Пресвятої Владичиці нашої Богородиці і Приснодіви Марії, блаженного священномученика Омеляна Ковча, пресвітера",так,свято,,,"Священик: Христос, істинний Бог наш, молитвами пречистої своєї Матері, якої Благовіщення сьогодні торжественний празник світло звершуємо, святих, славних і всехвальних апостолів, святого отця нашого Йоана Золотоустого, архиєпископа Константинополя, і всіх святих - помилує і спасе нас як благий і людинолюбний.","Священик: Христос, істинний Бог наш, молитвами пречистої своєї Матері, якої Благовіщення сьогодні торжественний празник світло звершуємо, святих, славних і всехвальних апостолів, святого отця нашого Йоана Золотоустого, архиєпископа Константинополя, і всіх святих - помилує і спасе нас як благий і людинолюбний.",
Березень,26.03,2,вт,🕃 Собор архангела Гавриїла Віддання Благовіщення</i>,"собор архангела Гавриїла, у цей день віддається свято Благовіщення",так,віддання,,,"Священик: Христос, істинний Бог наш, молитвами пречистої своєї Матері, якої Благовіщення празник звершуємо, святих, славних і всехвальних апостолів, святого отця нашого Йоана Золотоустого, архиєпископа Константинополя, собор архангела Гавриїла, у цей день віддається свято Благовіщення і всіх святих - помилує і спасе нас як благий і людинолюбний.","Священик: Христос, істинний Бог наш, молитвами пречистої своєї Матері, якої Благовіщення празник звершуємо, святих, славних і всехвальних апостолів, святого отця нашого Йоана Золотоустого, архиєпископа Константинополя, собор архангела Гавриїла, у цей день віддається свято Благовіщення і всіх святих - помилує і спасе нас як благий і людинолюбний.",
Березень,27.03,3,ср,"Св. Матрони, що в Солуні","святої матері нашої Матрони, що в Солуні",ні,,,,"Священик: Христос, істинний Бог наш - молитвами пречистої Своєї Матері, силою чесного і животворчого хреста, заступництвом святих славних і всехвальних апостолів, святого отця нашого Івана Золотоустого, архиєпископа Константинополя, святого, якого є храм, святої матері нашої Матрони, що в Солуні і всіх святих - помилує і спасе нас як благий і людинолюбний.","Священик: Христос, істинний Бог наш - молитвами пречистої Своєї Матері, силою чесного і животворчого хреста, заступництвом святих славних і всехвальних апостолів, святого, якого є храм, святої матері нашої Матрони, що в Солуні і всіх святих - помилує і спасе нас як благий і людинолюбний.",
Березень,28.03,4,чт,"Прп. Іларіона Нового Св. Стефана, чудотв.","преподобного отця нашого Іларіона Нового, святого Стефана, чудотворця",ні,,,,"Священик: Христос, істинний Бог наш - молитвами пречистої Своєї Матері, святих славних і всехвальних апостолів, святого отця нашого Миколая, архиєпископа Мир Ликійських, чудотворця, святого отця нашого Івана Золотоустого, архиєпископа Константинополя, святого, якого є храм, преподобного отця нашого Іларіона Нового, святого Стефана, чудотворця і всіх святих - помилує і спасе нас як благий і людинолюбний.","Священик: Христос, істинний Бог наш - молитвами пречистої Своєї Матері, святих славних і всехвальних апостолів, святого отця нашого Миколая, архиєпископа Мир Ликійських, чудотворця, святого, якого є храм, преподобного отця нашого Іларіона Нового, святого Стефана, чудотворця і всіх святих - помилує і спасе нас як благий і людинолюбний.",
Березень,29.03,5,пт,"Прп. Марка, єп. Аретусійського, і Кирила дияк., та інших, що з ним постраждали при Юліані, мучителеві","преподобного отця нашого Марка, єпископа Аретусійського, і Кирила диякона, та інших, що з ним постраждали при Юліані, мучителеві",ні,,,,"Священик: Христос, істинний Бог наш - молитвами пречистої Своєї Матері, силою чесного і животворчого хреста, заступництвом святих славних і всехвальних апостолів, святого отця нашого Івана Золотоустого, архиєпископа Константинополя, святого, якого є храм, преподобного отця нашого Марка, єпископа Аретусійського, і Кирила диякона, та інших, що з ним постраждали при Юліані, мучителеві і всіх святих - помилує і спасе нас як благий і людинолюбний.","Священик: Христос, істинний Бог наш - молитвами пречистої Своєї Матері, силою чесного і животворчого хреста, заступництвом святих славних і всехвальних апостолів, святого, якого є храм, преподобного отця нашого Марка, єпископа Аретусійського, і Кирила диякона, та інших, що з ним постраждали при Юліані, мучителеві і всіх святих - помилує і спасе нас як благий і людинолюбний.",
Березень,30.03,6,сб,"Субота заупокійна. Прп. Івана, автора «Ліствиці»","препoдобного отця нашого Івана, автора «Ліствиці»",ні,,,,"Священик: Христос, істинний Бог наш - молитвами пречистої Своєї Матері, силою чесного і животворчого Хреста, заступництвом чесних небесних сил безтілесних, чесного і славного пророка, предтечі і хрестителя Йоана, святих славних і всехвальних апостолів, святого отця нашого Миколая, архиєпископа Мир Ликійських, чудотворця, святих славних і переможних мучеників, преподобних і богоносних отців наших, святого отця нашого Івана Золотоустого, архиєпископа Константинополя, святих і праведних богоотців Йоакима й Анни, святого, якого є храм, препoдобного отця нашого Івана, автора «Ліствиці» і всіх святих - помилує і спасе нас як благий і людинолюбний.","Священик: Христос, істинний Бог наш - молитвами пречистої Своєї Матері, силою чесного і животворчого Хреста, заступництвом чесних небесних сил безтілесних, чесного і славного пророка, предтечі і хрестителя Йоана, святих славних і всехвальних апостолів, святого отця нашого Миколая, архиєпископа Мир Ликійських, чудотворця, святих славних і переможних мучеників, преподобних і богоносних отців наших, святих і праведних богоотців Йоакима й Анни, святого, якого є храм, препoдобного отця нашого Івана, автора «Ліствиці» і всіх святих - помилує і спасе нас як благий і людинолюбний.",
Березень,31.03,7,нд,"Неділя 2-га Великого посту. Прп. Іпатія, єп. Гангренського","преподобного отця нашого Іпатія, єпископа Гангренського",ні,,,,"Священик: Христос, що воскрес із мертвих, смертю смерть подолав і тим, що в гробах, життя дарував, істинний Бог наш - молитвами пречистої Своєї Матері, святих, славних і всехвальних апостолів, святого отця нашого Івана Золотоустого, архиєпископа Константинополя,і всіх святих - помилує і спасе нас як благий і людинолюбний.","Священик: Христос, що воскрес із мертвих, смертю смерть подолав і тим, що в гробах, життя дарував, істинний Бог наш - молитвами пречистої Своєї Матері, святих, славних і всехвальних апостолів, святого отця нашого Івана Золотоустого, архиєпископа Константинополя,і всіх святих - помилує і спасе нас як благий і людинолюбний.",
Квітень,01.04,1,пн,Світлий понеділок. Великодній тиждень. Тиждень загальниці. Прп. Марії Єгипетської,преподобної матері нашої Марії Єгипетської,ні,,,,"Священик: Христос, що воскрес із мертвих, смертю смерть подолав і тим, що в гробах, життя дарував, істинний Бог наш - молитвами пречистої Своєї Матері, святих, славних і всехвальних апостолів, святого отця нашого Івана Золотоустого, архиєпископа Константинограда,і всіх святих - помилує і спасе нас як благий і людинолюбний.","Священик: Христос, що воскрес із мертвих, смертю смерть подолав і тим, що в гробах, життя дарував, істинний Бог наш - молитвами пречистої Своєї Матері, святих, славних і всехвальних апостолів, святого отця нашого Івана Золотоустого, архиєпископа Константинограда,і всіх святих - помилує і спасе нас як благий і людинолюбний.",
Квітень,02.04,2,вв,"Світлий вівторок. Прп. Тита, чудотв.","преподобного отця нашого Тита, чудотворця,",ні,,,,"Священик: Христос, що воскрес із мертвих, смертю смерть подолав і тим, що в гробах, життя дарував, істинний Бог наш - молитвами пречистої Своєї Матері, святих, славних і всехвальних апостолів, святого отця нашого Івана Золотоустого, архиєпископа Константинограда,і всіх святих - помилує і спасе нас як благий і людинолюбний.","Священик: Христос, що воскрес із мертвих, смертю смерть подолав і тим, що в гробах, життя дарував, істинний Бог наш - молитвами пречистої Своєї Матері, святих, славних і всехвальних апостолів, святого отця нашого Івана Золотоустого, архиєпископа Константинограда,і всіх святих - помилує і спасе нас як благий і людинолюбний.",
Квітень,03.04,3,ср,"Світла середа. Прп. й ісп. Микити, ігум. обителі Мидикійської","преподобного отця нашого й ісповідника Микити, ігумена обителі Мидикійської,",ні,,,,"Священик: Христос, що воскрес із мертвих, смертю смерть подолав і тим, що в гробах, життя дарував, істинний Бог наш - молитвами пречистої Своєї Матері, святих, славних і всехвальних апостолів, святого отця нашого Івана Золотоустого, архиєпископа Константинограда,і всіх святих - помилує і спасе нас як благий і людинолюбний.","Священик: Христос, що воскрес із мертвих, смертю смерть подолав і тим, що в гробах, життя дарував, істинний Бог наш - молитвами пречистої Своєї Матері, святих, славних і всехвальних апостолів, святого отця нашого Івана Золотоустого, архиєпископа Константинограда,і всіх святих - помилує і спасе нас як благий і людинолюбний.",
Квітень,04.04,4,чт,"Світлий четвер. Прпп. Йосифа, піснописця, і Юрія, що в Малеї","преподобних отців наших Йосифа, піснописця, і Юрія, що в Малеї,",ні,,,,"Священик: Христос, що воскрес із мертвих, смертю смерть подолав і тим, що в гробах, життя дарував, істинний Бог наш - молитвами пречистої Своєї Матері, святих, славних і всехвальних апостолів, святого отця нашого Івана Золотоустого, архиєпископа Константинограда,і всіх святих - помилує і спасе нас як благий і людинолюбний.","Священик: Христос, що воскрес із мертвих, смертю смерть подолав і тим, що в гробах, життя дарував, істинний Бог наш - молитвами пречистої Своєї Матері, святих, славних і всехвальних апостолів, святого отця нашого Івана Золотоустого, архиєпископа Константинограда,і всіх святих - помилує і спасе нас як благий і людинолюбний.",
Квітень,05.04,5,пт,"Світла п’ятниця. Свв. мчч. Теодула й Агатопода, і тих, що з ними","святих мучеників Теодула й Агатопода, і тих, що з ними,",ні,,,,"Священик: Христос, що воскрес із мертвих, смертю смерть подолав і тим, що в гробах, життя дарував, істинний Бог наш - молитвами пречистої Своєї Матері, святих, славних і всехвальних апостолів, святого отця нашого Івана Золотоустого, архиєпископа Константинограда,і всіх святих - помилує і спасе нас як благий і людинолюбний.","Священик: Христос, що воскрес із мертвих, смертю смерть подолав і тим, що в гробах, життя дарував, істинний Бог наш - молитвами пречистої Своєї Матері, святих, славних і всехвальних апостолів, святого отця нашого Івана Золотоустого, архиєпископа Константинограда,і всіх святих - помилує і спасе нас як благий і людинолюбний.",
Квітень,06.04,6,сб,"Світла субота. 🕂 Переставл. св. Методія, учителя слов’янського Св. Євтихія, аєп. Царгородського","переставлення святого отця нашого Методія, учителя слов’янського, якого сьогодні пам'ять світло звершуємо, святого отця нашого Євтихія, архиєпископа Царгородського,",ні,,,,"Священик: Христос, що воскрес із мертвих, смертю смерть подолав і тим, що в гробах, життя дарував, істинний Бог наш - молитвами пречистої Своєї Матері, святих, славних і всехвальних апостолів, святого отця нашого Івана Золотоустого, архиєпископа Константинограда,і всіх святих - помилує і спасе нас як благий і людинолюбний.","Священик: Христос, що воскрес із мертвих, смертю смерть подолав і тим, що в гробах, життя дарував, істинний Бог наш - молитвами пречистої Своєї Матері, святих, славних і всехвальних апостолів, святого отця нашого Івана Золотоустого, архиєпископа Константинограда,і всіх святих - помилує і спасе нас як благий і людинолюбний.",
Квітень,07.04,7,нд,"Неділя 2-га після Пасхи. Томина. Антипасха. Прп. Юрія, єп. Мітилинського","преподобного отця нашого Юрія, єпископа Мітилинського,",ні,,,,"Священик: Христос, істинний Бог наш, що прийшов до учні замкненими дверми і Тому у вірі утвердив спасіня нашого ради - молитвами пречистої Своєї Матері, святих, славних і всехвальних апостолів, святого отця нашого Івана Золотоустого, архиєпископа Константинограда,і всіх святих - помилує і спасе нас як благий і людинолюбний.","Священик: Христос, істинний Бог наш, що прийшов до учні замкненими дверми і Тому у вірі утвердив спасіня нашого ради - молитвами пречистої Своєї Матері, святих, славних і всехвальних апостолів, святого отця нашого Івана Золотоустого, архиєпископа Константинограда,і всіх святих - помилує і спасе нас як благий і людинолюбний.",
Квітень,08.04,1,пн,"Тиждень 2-ий після Пасхи. Свв. апп. Іродіона, Агава, Руфа, Асинкріта, Флегонта і Єрма","святих апостолів Іродіона, Агава, Руфа, Асинкріта, Флегонта і Єрма,",ні,,,,"Священик: Христос, істинний Бог наш, що прийшов до учні замкненими дверми і Тому у вірі утвердив спасіня нашого ради - молитвами пречистої Своєї Матері, святих, славних і всехвальних апостолів, святого отця нашого Івана Золотоустого, архиєпископа Константинограда, святих апостолів Іродіона, Агава, Руфа, Асинкріта, Флегонта і Єрма,і всіх святих - помилує і спасе нас як благий і людинолюбний.","Священик: Христос, істинний Бог наш, що прийшов до учні замкненими дверми і Тому у вірі утвердив спасіня нашого ради - молитвами пречистої Своєї Матері, святих, славних і всехвальних апостолів, святих апостолів Іродіона, Агава, Руфа, Асинкріта, Флегонта і Єрма,і всіх святих - помилує і спасе нас як благий і людинолюбний.",
Квітень,09.04,2,вв,Св. мч. Євпсихія,святого мученика Євпсихія,ні,,,,"Священик: Христос, істинний Бог наш, що прийшов до учні замкненими дверми і Тому у вірі утвердив спасіня нашого ради - молитвами пречистої Своєї Матері, святих, славних і всехвальних апостолів, святого отця нашого Івана Золотоустого, архиєпископа Константинограда, святого мученика Євпсихіяі всіх святих - помилує і спасе нас як благий і людинолюбний.","Священик: Христос, істинний Бог наш, що прийшов до учні замкненими дверми і Тому у вірі утвердив спасіня нашого ради - молитвами пречистої Своєї Матері, святих, славних і всехвальних апостолів, святого мученика Євпсихіяі всіх святих - помилує і спасе нас як благий і людинолюбний.",
Квітень,10.04,3,ср,"Свв. мчч. Терентія, Помпія і тих, що з ними","святих мучеників Терентія, Помпія і тих, що з ними,",ні,,,,"Священик: Христос, істинний Бог наш, що прийшов до учні замкненими дверми і Тому у вірі утвердив спасіня нашого ради - молитвами пречистої Своєї Матері, святих, славних і всехвальних апостолів, святого отця нашого Івана Золотоустого, архиєпископа Константинограда, святих мучеників Терентія, Помпія і тих, що з ними,і всіх святих - помилує і спасе нас як благий і людинолюбний.","Священик: Христос, істинний Бог наш, що прийшов до учні замкненими дверми і Тому у вірі утвердив спасіня нашого ради - молитвами пречистої Своєї Матері, святих, славних і всехвальних апостолів, святих мучеників Терентія, Помпія і тих, що з ними,і всіх святих - помилує і спасе нас як благий і людинолюбний.",
Квітень,11.04,4,чт,"Св. сщмч. Антипи, єп. Пергаму Азійського","святого священномученика Антипи, єпископа Пергаму Азійського,",ні,,,,"Священик: Христос, істинний Бог наш, що прийшов до учні замкненими дверми і Тому у вірі утвердив спасіня нашого ради - молитвами пречистої Своєї Матері, святих, славних і всехвальних апостолів, святого отця нашого Івана Золотоустого, архиєпископа Константинограда, святого священномученика Антипи, єпископа Пергаму Азійського,і всіх святих - помилує і спасе нас як благий і людинолюбний.","Священик: Христос, істинний Бог наш, що прийшов до учні замкненими дверми і Тому у вірі утвердив спасіня нашого ради - молитвами пречистої Своєї Матері, святих, славних і всехвальних апостолів, святого священномученика Антипи, єпископа Пергаму Азійського,і всіх святих - помилує і спасе нас як благий і людинолюбний.",
Квітень,12.04,5,пт,"Прп. й ісп. Василія, єп. Парійського","преподобного отця нашого й ісповідника Василія, єпископа Парійського,",ні,,,,"Священик: Христос, істинний Бог наш, що прийшов до учні замкненими дверми і Тому у вірі утвердив спасіня нашого ради - молитвами пречистої Своєї Матері, святих, славних і всехвальних апостолів, святого отця нашого Івана Золотоустого, архиєпископа Константинограда, преподобного отця нашого й ісповідника Василія, єпископа Парійського,і всіх святих - помилує і спасе нас як благий і людинолюбний.","Священик: Христос, істинний Бог наш, що прийшов до учні замкненими дверми і Тому у вірі утвердив спасіня нашого ради - молитвами пречистої Своєї Матері, святих, славних і всехвальних апостолів, преподобного отця нашого й ісповідника Василія, єпископа Парійського,і всіх святих - помилує і спасе нас як благий і людинолюбний.",
Квітень,13.04,6,сб,"Св. сщмч. Артемона і тих, що з ним","святого священномученика Артемона і тих, що з ним,",ні,,,,"Священик: Христос, істинний Бог наш, що прийшов до учні замкненими дверми і Тому у вірі утвердив спасіня нашого ради - молитвами пречистої Своєї Матері, святих, славних і всехвальних апостолів, святого отця нашого Івана Золотоустого, архиєпископа Константинограда, святого священномученика Артемона і тих, що з ним,і всіх святих - помилує і спасе нас як благий і людинолюбний.","Священик: Христос, істинний Бог наш, що прийшов до учні замкненими дверми і Тому у вірі утвердив спасіня нашого ради - молитвами пречистої Своєї Матері, святих, славних і всехвальних апостолів, святого священномученика Артемона і тих, що з ним,і всіх святих - помилує і спасе нас як благий і людинолюбний.",
Квітень,14.04,7,нд,"Неділя 3-я після Пасхи. Мироносиць. Св. Мартина Ісповідника, папи Римського Свв. мчч. Віленських: Антонія, Івана і Євстатія","святого отця нашого Мартина Ісповідника, папи Римського, святих мучеників Віленських: Антонія, Івана і Євстатія,",ні,,,,"Священик: Христос, що воскрес із мертвих, істинний Бог наш - молитвами пречистої Своєї Матері, святих славних і всехвальних апостолів, святого отця нашого Івана Золотоустого, архиєпископа Константинополя, святого, якого є храм, святого отця нашого Мартина Ісповідника, папи Римського, святих мучеників Віленських: Антонія, Івана і Євстатія, і всіх святих - помилує і спасе нас як благий і людинолюбний.","Священик: Христос, що воскрес із мертвих, істинний Бог наш - молитвами пречистої Своєї Матері, святих славних і всехвальних апостолів, святого отця нашого Івана Золотоустого, архиєпископа Константинополя, святого, якого є храм, святого отця нашого Мартина Ісповідника, папи Римського, святих мучеників Віленських: Антонія, Івана і Євстатія, і всіх святих - помилує і спасе нас як благий і людинолюбний.",
Квітень,15.04,1,пн,"Тиждень 3-ій після Пасхи. Свв. апп. Аристарха, Пуда і Трофима","святих апостолів Аристарха, Пуда і Трофима,",ні,,,,"Священик: Христос, істинний Бог наш - молитвами пречистої Своєї Матері, заступництвом чесних небесних сил безтілесних, святих славних і всехвальних апостолів, святого отця нашого Івана Золотоустого, архиєпископа Константинополя, святого, якого є храм, святих апостолів Аристарха, Пуда і Трофима, і всіх святих - помилує і спасе нас як благий і людинолюбний.","Священик: Христос, істинний Бог наш - молитвами пречистої Своєї Матері, заступництвом чесних небесних сил безтілесних, святих славних і всехвальних апостолів, святого отця нашого Івана Золотоустого, архиєпископа Константинополя, святого, якого є храм, святих апостолів Аристарха, Пуда і Трофима, і всіх святих - помилує і спасе нас як благий і людинолюбний.",
Квітень,16.04,2,вв,"Свв. мцц.-дів Агапії, Ірини й Хіонії","святих мучениць-дів Агапії, Ірини й Хіонії,",ні,,,,"Священик: Христос, істинний Бог наш - молитвами пречистої Своєї Матері, чесного і славного пророка, предтечі і хрестителя Івана, святих славних і всехвальних апостолів, святого отця нашого Івана Золотоустого, архиєпископа Константинополя, святого, якого є храм, святих мучениць-дів Агапії, Ірини й Хіонії, і всіх святих - помилує і спасе нас як благий і людинолюбний.","Священик: Христос, істинний Бог наш - молитвами пречистої Своєї Матері, чесного і славного пророка, предтечі і хрестителя Івана, святих славних і всехвальних апостолів, святого отця нашого Івана Золотоустого, архиєпископа Константинополя, святого, якого є храм, святих мучениць-дів Агапії, Ірини й Хіонії, і всіх святих - помилує і спасе нас як благий і людинолюбний.",
Квітень,17.04,3,ср,"Прп. Симеона, що в Персиді Прп. Акакія, єп. Мелітинського","преподобного отця нашого Симеона, що в Персиді, преподобного отця нашого Акакія, єпископа Мелітинського,",ні,,,,"Священик: Христос, істинний Бог наш - молитвами пречистої Своєї Матері, силою чесного і животворчого хреста, заступництвом святих славних і всехвальних апостолів, святого отця нашого Івана Золотоустого, архиєпископа Константинополя, святого, якого є храм, преподобного отця нашого Симеона, що в Персиді, преподобного отця нашого Акакія, єпископа Мелітинського, і всіх святих - помилує і спасе нас як благий і людинолюбний.","Священик: Христос, істинний Бог наш - молитвами пречистої Своєї Матері, силою чесного і животворчого хреста, заступництвом святих славних і всехвальних апостолів, святого отця нашого Івана Золотоустого, архиєпископа Константинополя, святого, якого є храм, преподобного отця нашого Симеона, що в Персиді, преподобного отця нашого Акакія, єпископа Мелітинського, і всіх святих - помилує і спасе нас як благий і людинолюбний.",
Квітень,18.04,4,чт,"Прп. Івана, учня св. Григорія Декаполіта","преподобного отця нашого Івана, учня святого Григорія Декаполіта,",ні,,,,"Священик: Христос, істинний Бог наш - молитвами пречистої Своєї Матері, святих славних і всехвальних апостолів, святого отця нашого Миколая, архиєпископа Мир Ликійських, чудотворця, святого отця нашого Івана Золотоустого, архиєпископа Константинополя, святого, якого є храм, преподобного отця нашого Івана, учня святого Григорія Декаполіта, і всіх святих - помилує і спасе нас як благий і людинолюбний.","Священик: Христос, істинний Бог наш - молитвами пречистої Своєї Матері, святих славних і всехвальних апостолів, святого отця нашого Миколая, архиєпископа Мир Ликійських, чудотворця, святого отця нашого Івана Золотоустого, архиєпископа Константинополя, святого, якого є храм, преподобного отця нашого Івана, учня святого Григорія Декаполіта, і всіх святих - помилує і спасе нас як благий і людинолюбний.",
Квітень,19.04,5,пт,"Прп. Івана, старопечерника","преподобного отця нашого Івана, старопечерника,",ні,,,,"Священик: Христос, істинний Бог наш - молитвами пречистої Своєї Матері, силою чесного і животворчого хреста, заступництвом святих славних і всехвальних апостолів, святого отця нашого Івана Золотоустого, архиєпископа Константинополя, святого, якого є храм, преподобного отця нашого Івана, старопечерника, і всіх святих - помилує і спасе нас як благий і людинолюбний.","Священик: Христос, істинний Бог наш - молитвами пречистої Своєї Матері, силою чесного і животворчого хреста, заступництвом святих славних і всехвальних апостолів, святого отця нашого Івана Золотоустого, архиєпископа Константинополя, святого, якого є храм, преподобного отця нашого Івана, старопечерника, і всіх святих - помилує і спасе нас як благий і людинолюбний.",
Квітень,20.04,6,сб,Прп. Тедора Трихіни,преподобного отця нашого Тедора Трихіни,ні,,,,"Священик: Христос, істинний Бог наш - молитвами пречистої Своєї Матері, силою чесного і животворчого Хреста, заступництвом чесних небесних сил безтілесних, чесного і славного пророка, предтечі і хрестителя Йоана, святих славних і всехвальних апостолів, святого отця нашого Миколая, архиєпископа Мир Ликійських, чудотворця, святих славних і переможних мучеників, преподобних і богоносних отців наших, святого отця нашого Івана Золотоустого, архиєпископа Константинополя, святих і праведних богоотців Йоакима й Анни, святого, якого є храм, преподобного отця нашого Тедора Трихіни і всіх святих - помилує і спасе нас як благий і людинолюбний.","Священик: Христос, істинний Бог наш - молитвами пречистої Своєї Матері, силою чесного і животворчого Хреста, заступництвом чесних небесних сил безтілесних, чесного і славного пророка, предтечі і хрестителя Йоана, святих славних і всехвальних апостолів, святого отця нашого Миколая, архиєпископа Мир Ликійських, чудотворця, святих славних і переможних мучеників, преподобних і богоносних отців наших, святого отця нашого Івана Золотоустого, архиєпископа Константинополя, святих і праведних богоотців Йоакима й Анни, святого, якого є храм, преподобного отця нашого Тедора Трихіни і всіх святих - помилує і спасе нас як благий і людинолюбний.",
Квітень,21.04,7,нд,"Неділя 4-та після Пасхи, розслабленого. Св. сщмч. Януарія і тих, що з ним Св. мч. Теодора, що в Пергії","святого священномученика Януарія і тих, що з ним, святого мученика Теодора, що в Пергії,",ні,,,,"Священик: Христос, що воскрес із мертвих, істинний Бог наш - молитвами пречистої Своєї Матері, святих славних і всехвальних апостолів, святого отця нашого Івана Золотоустого, архиєпископа Константинополя, святого, якого є храм, святого священномученика Януарія і тих, що з ним, святого мученика Теодора, що в Пергії, і всіх святих - помилує і спасе нас як благий і людинолюбний.","Священик: Христос, що воскрес із мертвих, істинний Бог наш - молитвами пречистої Своєї Матері, святих славних і всехвальних апостолів, святого отця нашого Івана Золотоустого, архиєпископа Константинополя, святого, якого є храм, святого священномученика Януарія і тих, що з ним, святого мученика Теодора, що в Пергії, і всіх святих - помилує і спасе нас як благий і людинолюбний.",
Квітень,22.04,1,пн,Тиждень 4-ий після Пасхи. Прп. Теодора Сикеота,преподобного отця нашого Теодора Сикеота,ні,,,,"Священик: Христос, істинний Бог наш - молитвами пречистої Своєї Матері, заступництвом чесних небесних сил безтілесних, святих славних і всехвальних апостолів, святого отця нашого Івана Золотоустого, архиєпископа Константинополя, святого, якого є храм, преподобного отця нашого Теодора Сикеота і всіх святих - помилує і спасе нас як благий і людинолюбний.","Священик: Христос, істинний Бог наш - молитвами пречистої Своєї Матері, заступництвом чесних небесних сил безтілесних, святих славних і всехвальних апостолів, святого отця нашого Івана Золотоустого, архиєпископа Константинополя, святого, якого є храм, преподобного отця нашого Теодора Сикеота і всіх святих - помилує і спасе нас як благий і людинолюбний.",
Квітень,23.04,2,вв,"🕁 Св. славн. вмч., переможця й чудотв. Юрія","святого славного великомученика, переможця й чудотворця Юрія, якого сьогодні пам'ять світло звершуємо,",ні,,,,"Священик: Христос, істинний Бог наш - молитвами пречистої Своєї Матері, чесного і славного пророка, предтечі і хрестителя Івана, святих славних і всехвальних апостолів, святого отця нашого Івана Золотоустого, архиєпископа Константинополя, святого, якого є храм, святого славного великомученика, переможця й чудотворця Юрія, якого сьогодні пам'ять світло звершуємо, і всіх святих - помилує і спасе нас як благий і людинолюбний.","Священик: Христос, істинний Бог наш - молитвами пречистої Своєї Матері, чесного і славного пророка, предтечі і хрестителя Івана, святих славних і всехвальних апостолів, святого отця нашого Івана Золотоустого, архиєпископа Константинополя, святого, якого є храм, святого славного великомученика, переможця й чудотворця Юрія, якого сьогодні пам'ять світло звершуємо, і всіх святих - помилує і спасе нас як благий і людинолюбний.",
Квітень,24.04,3,ср,"Переполовення П’ятдесятниці. Св. мч. Сави Стратилата, воєводи","святого мученика Сави Стратилата, воєводи,",ні,,,,"Священик: Христос, істинний Бог наш - молитвами пречистої Своєї Матері, силою чесного і животворчого хреста, заступництвом святих славних і всехвальних апостолів, святого отця нашого Івана Золотоустого, архиєпископа Константинополя, святого, якого є храм, святого мученика Сави Стратилата, воєводи, і всіх святих - помилує і спасе нас як благий і людинолюбний.","Священик: Христос, істинний Бог наш - молитвами пречистої Своєї Матері, силою чесного і животворчого хреста, заступництвом святих славних і всехвальних апостолів, святого отця нашого Івана Золотоустого, архиєпископа Константинополя, святого, якого є храм, святого мученика Сави Стратилата, воєводи, і всіх святих - помилує і спасе нас як благий і людинолюбний.",
Квітень,25.04,4,чт,🕂 Св. ап. і єв. Марка,"святого апостола і євангелиста Марка, якого сьогодні пам'ять світло звершуємо,",ні,,,,"Священик: Христос, істинний Бог наш - молитвами пречистої Своєї Матері, святих славних і всехвальних апостолів, святого отця нашого Миколая, архиєпископа Мир Ликійських, чудотворця, святого отця нашого Івана Золотоустого, архиєпископа Константинополя, святого, якого є храм, святого апостола і євангелиста Марка, якого сьогодні пам'ять світло звершуємо, і всіх святих - помилує і спасе нас як благий і людинолюбний.","Священик: Христос, істинний Бог наш - молитвами пречистої Своєї Матері, святих славних і всехвальних апостолів, святого отця нашого Миколая, архиєпископа Мир Ликійських, чудотворця, святого отця нашого Івана Золотоустого, архиєпископа Константинополя, святого, якого є храм, святого апостола і євангелиста Марка, якого сьогодні пам'ять світло звершуємо, і всіх святих - помилує і спасе нас як благий і людинолюбний.",
Квітень,26.04,5,пт,"Св. сщмч. Василія, єп. Амасійського","святого священномученика Василія, єпископа Амасійського,",ні,,,,"Священик: Христос, істинний Бог наш - молитвами пречистої Своєї Матері, силою чесного і животворчого хреста, заступництвом святих славних і всехвальних апостолів, святого отця нашого Івана Золотоустого, архиєпископа Константинополя, святого, якого є храм, святого священномученика Василія, єпископа Амасійського, і всіх святих - помилує і спасе нас як благий і людинолюбний.","Священик: Христос, істинний Бог наш - молитвами пречистої Своєї Матері, силою чесного і животворчого хреста, заступництвом святих славних і всехвальних апостолів, святого отця нашого Івана Золотоустого, архиєпископа Константинополя, святого, якого є храм, святого священномученика Василія, єпископа Амасійського, і всіх святих - помилує і спасе нас як благий і людинолюбний.",
Квітень,27.04,6,сб,"🕃 Св. сщмч. Симеона, родича Господнього Прп. Стефана, єп. Володимирського</b>","святого священномученика Симеона, родича Господнього, преподобного отця нашого Стефана, єпископа Володимирського,",ні,,,,"Священик: Христос, істинний Бог наш - молитвами пречистої Своєї Матері, силою чесного і животворчого Хреста, заступництвом чесних небесних сил безтілесних, чесного і славного пророка, предтечі і хрестителя Йоана, святих славних і всехвальних апостолів, святого отця нашого Миколая, архиєпископа Мир Ликійських, чудотворця, святих славних і переможних мучеників, преподобних і богоносних отців наших, святого отця нашого Івана Золотоустого, архиєпископа Константинополя, святих і праведних богоотців Йоакима й Анни, святого, якого є храм, святого священномученика Симеона, родича Господнього, преподобного отця нашого Стефана, єпископа Володимирського, і всіх святих - помилує і спасе нас як благий і людинолюбний.","Священик: Христос, істинний Бог наш - молитвами пречистої Своєї Матері, силою чесного і животворчого Хреста, заступництвом чесних небесних сил безтілесних, чесного і славного пророка, предтечі і хрестителя Йоана, святих славних і всехвальних апостолів, святого отця нашого Миколая, архиєпископа Мир Ликійських, чудотворця, святих славних і переможних мучеників, преподобних і богоносних отців наших, святого отця нашого Івана Золотоустого, архиєпископа Константинополя, святих і праведних богоотців Йоакима й Анни, святого, якого є храм, святого священномученика Симеона, родича Господнього, преподобного отця нашого Стефана, єпископа Володимирського, і всіх святих - помилує і спасе нас як благий і людинолюбний.",
Квітень,28.04,7,нд,"Неділя 5-та після Пасхи, самарянки. Свв. апп. Ясона й Сосіпатра Свв. мчч. Дади, Максима й Кинтиліана Св. Кирила, єп. Турівського</b>","святих апостолів Ясона й Сосіпатра, святих мучеників Дади, Максима й Кинтиліана, святого отця нашого Кирила, єпископа Турівського,",ні,,,,"Священик: Христос, що воскрес із мертвих, істинний Бог наш - молитвами пречистої Своєї Матері, святих славних і всехвальних апостолів, святого отця нашого Івана Золотоустого, архиєпископа Константинополя, святого, якого є храм, святих апостолів Ясона й Сосіпатра, святих мучеників Дади, Максима й Кинтиліана, святого отця нашого Кирила, єпископа Турівського, і всіх святих - помилує і спасе нас як благий і людинолюбний.","Священик: Христос, що воскрес із мертвих, істинний Бог наш - молитвами пречистої Своєї Матері, святих славних і всехвальних апостолів, святого отця нашого Івана Золотоустого, архиєпископа Константинополя, святого, якого є храм, святих апостолів Ясона й Сосіпатра, святих мучеників Дади, Максима й Кинтиліана, святого отця нашого Кирила, єпископа Турівського, і всіх святих - помилує і спасе нас як благий і людинолюбний.",
Квітень,29.04,1,пн,"Тиждень 5-ий після Пасхи. Свв. дев’ятьох мчч., що в Кизиці Прп. Мемнона, чудотв.","святих дев’ятьох мучеників, що в Кизиці, преподобного Мемнона, чудотворця,",ні,,,,"Священик: Христос, істинний Бог наш - молитвами пречистої Своєї Матері, заступництвом чесних небесних сил безтілесних, святих славних і всехвальних апостолів, святого отця нашого Івана Золотоустого, архиєпископа Константинополя, святого, якого є храм, святих дев’ятьох мучеників, що в Кизиці, преподобного Мемнона, чудотворця, і всіх святих - помилує і спасе нас як благий і людинолюбний.","Священик: Христос, істинний Бог наш - молитвами пречистої Своєї Матері, заступництвом чесних небесних сил безтілесних, святих славних і всехвальних апостолів, святого отця нашого Івана Золотоустого, архиєпископа Константинополя, святого, якого є храм, святих дев’ятьох мучеників, що в Кизиці, преподобного Мемнона, чудотворця, і всіх святих - помилує і спасе нас як благий і людинолюбний.",
Квітень,30.04,2,вв,"🕂 Св. ап. Якова, брата св. Івана Богослова","святого апостола Якова, брата святого Івана Богослова, якого сьогодні пам'ять світло звершуємо,",ні,,,,"Священик: Христос, істинний Бог наш - молитвами пречистої Своєї Матері, чесного і славного пророка, предтечі і хрестителя Івана, святих славних і всехвальних апостолів, святого отця нашого Івана Золотоустого, архиєпископа Константинополя, святого, якого є храм, святого апостола Якова, брата святого Івана Богослова, якого сьогодні пам'ять світло звершуємо, і всіх святих - помилує і спасе нас як благий і людинолюбний.","Священик: Христос, істинний Бог наш - молитвами пречистої Своєї Матері, чесного і славного пророка, предтечі і хрестителя Івана, святих славних і всехвальних апостолів, святого отця нашого Івана Золотоустого, архиєпископа Константинополя, святого, якого є храм, святого апостола Якова, брата святого Івана Богослова, якого сьогодні пам'ять світло звершуємо, і всіх святих - помилує і спасе нас як благий і людинолюбний.",
Травень,01.05,3,ср,"Віддання свята Переполовення. Св. прор. Єремії Блаж. сщмч. Климентія Шептицького, архим. Унівського","святого пророка Єремії, блаженного священномученика Климентія Шептицького, архимандрита Унівського,",ні,,,,"Священик: Христос, істинний Бог наш - молитвами пречистої Своєї Матері, силою чесного і животворчого хреста, заступництвом святих славних і всехвальних апостолів, святого отця нашого Івана Золотоустого, архиєпископа Константинополя, святого, якого є храм, святого пророка Єремії, блаженного священномученика Климентія Шептицького, архимандрита Унівського, і всіх святих - помилує і спасе нас як благий і людинолюбний.","Священик: Христос, істинний Бог наш - молитвами пречистої Своєї Матері, силою чесного і животворчого хреста, заступництвом святих славних і всехвальних апостолів, святого, якого є храм, святого пророка Єремії, блаженного священномученика Климентія Шептицького, архимандрита Унівського, і всіх святих - помилує і спасе нас як благий і людинолюбний.",
Травень,02.05,4,чт,"🕃 Св. отця Атанасія Великого, аєп. Олександрійського","святого отця Атанасія Великого, архиєпископа Олександрійського,",ні,,,,"Священик: Христос, істинний Бог наш - молитвами пречистої Своєї Матері, святих славних і всехвальних апостолів, святого отця нашого Миколая, архиєпископа Мир Ликійських, чудотворця, святого отця нашого Івана Золотоустого, архиєпископа Константинополя, святого, якого є храм, святого отця Атанасія Великого, архиєпископа Олександрійського, і всіх святих - помилує і спасе нас як благий і людинолюбний.","Священик: Христос, істинний Бог наш - молитвами пречистої Своєї Матері, святих славних і всехвальних апостолів, святого отця нашого Миколая, архиєпископа Мир Ликійських, чудотворця, святого, якого є храм, святого отця Атанасія Великого, архиєпископа Олександрійського, і всіх святих - помилує і спасе нас як благий і людинолюбний.",
Травень,03.05,5,пт,"🕂 Переставл. прп. Теодосія, ігум. монастиря Печерського, спільного життя засновника Свв. мчч. Тимотея й Маври","преподобного отця нашого Теодосія, ігумена монастиря Печерського, спільного життя засновника, якого сьогодні пам'ять світло звершуємо, святих мучеників Тимотея й Маври",ні,,,,"Священик: Христос, істинний Бог наш - молитвами пречистої Своєї Матері, силою чесного і животворчого хреста, заступництвом святих славних і всехвальних апостолів, святого отця нашого Івана Золотоустого, архиєпископа Константинополя, святого, якого є храм, преподобного отця нашого Теодосія, ігумена монастиря Печерського, спільного життя засновника, якого сьогодні пам'ять світло звершуємо, святих мучеників Тимотея й Маври і всіх святих - помилує і спасе нас як благий і людинолюбний.","Священик: Христос, істинний Бог наш - молитвами пречистої Своєї Матері, силою чесного і животворчого хреста, заступництвом святих славних і всехвальних апостолів, святого, якого є храм, преподобного отця нашого Теодосія, ігумена монастиря Печерського, спільного життя засновника, якого сьогодні пам'ять світло звершуємо, святих мучеників Тимотея й Маври і всіх святих - помилує і спасе нас як благий і людинолюбний.",
Травень,04.05,6,сб,Св. мц. Пелагії,святої мучениці Пелагії,ні,,,,"Священик: Христос, істинний Бог наш - молитвами пречистої Своєї Матері, силою чесного і животворчого Хреста, заступництвом чесних небесних сил безтілесних, чесного і славного пророка, предтечі і хрестителя Йоана, святих славних і всехвальних апостолів, святого отця нашого Миколая, архиєпископа Мир Ликійських, чудотворця, святих славних і переможних мучеників, преподобних і богоносних отців наших, святого отця нашого Івана Золотоустого, архиєпископа Константинополя, святих і праведних богоотців Йоакима й Анни, святого, якого є храм, святої мучениці Пелагії і всіх святих - помилує і спасе нас як благий і людинолюбний.","Священик: Христос, істинний Бог наш - молитвами пречистої Своєї Матері, силою чесного і животворчого Хреста, заступництвом чесних небесних сил безтілесних, чесного і славного пророка, предтечі і хрестителя Йоана, святих славних і всехвальних апостолів, святого отця нашого Миколая, архиєпископа Мир Ликійських, чудотворця, святих славних і переможних мучеників, преподобних і богоносних отців наших, святих і праведних богоотців Йоакима й Анни, святого, якого є храм, святої мучениці Пелагії і всіх святих - помилує і спасе нас як благий і людинолюбний.",
Травень,05.05,7,нд,"Неділя 6-та після Пасхи, сліпородженого. Св. і славн. мц. Ірини Прп. Никифора, ігум. монастиря Мидікійського","святої і славної мучениці Ірини, преподобного отця нашого Никифора, ігумена монастиря Мидікійського,",ні,,,,"Священик: Христос, що воскрес із мертвих, істинний Бог наш - молитвами пречистої Своєї Матері, святих славних і всехвальних апостолів, святого отця нашого Івана Золотоустого, архиєпископа Константинополя, святого, якого є храм, святої і славної мучениці Ірини, преподобного отця нашого Никифора, ігумена монастиря Мидікійського, і всіх святих - помилує і спасе нас як благий і людинолюбний.","Священик: Христос, що воскрес із мертвих, істинний Бог наш - молитвами пречистої Своєї Матері, святих славних і всехвальних апостолів, святого, якого є храм, святої і славної мучениці Ірини, преподобного отця нашого Никифора, ігумена монастиря Мидікійського, і всіх святих - помилує і спасе нас як благий і людинолюбний.",
Травень,06.05,1,пн,"Тиждень 6-ий після Пасхи. Св., і прав., і багатостражд. Йова","святого, і праведного, і багатостраждального Йова",ні,,,,"Священик: Христос, істинний Бог наш - молитвами пречистої Своєї Матері, заступництвом чесних небесних сил безтілесних, святих славних і всехвальних апостолів, святого отця нашого Івана Золотоустого, архиєпископа Константинополя, святого, якого є храм, святого, і праведного, і багатостраждального Йова і всіх святих - помилує і спасе нас як благий і людинолюбний.","Священик: Христос, істинний Бог наш - молитвами пречистої Своєї Матері, заступництвом чесних небесних сил безтілесних, святих славних і всехвальних апостолів, святого, якого є храм, святого, і праведного, і багатостраждального Йова і всіх святих - помилує і спасе нас як благий і людинолюбний.",
Травень,07.05,2,вв,🕃 Спогад про явління на небі знамення чесного Хреста у св. місті Єрусалимі Св. мч. Акакія,"силою чесного і животворного Хреста, якого знамення явління на небі у святому місті Єрусалимі сьогодні пам'ять звершуємо, святого мученика Акакія",ні,,,,"Священик: Христос, істинний Бог наш - молитвами пречистої Своєї Матері, чесного і славного пророка, предтечі і хрестителя Івана, святих славних і всехвальних апостолів, святого отця нашого Івана Золотоустого, архиєпископа Константинополя, святого, якого є храм, силою чесного і животворного Хреста, якого знамення явління на небі у святому місті Єрусалимі сьогодні пам'ять звершуємо, святого мученика Акакія і всіх святих - помилує і спасе нас як благий і людинолюбний.","Священик: Христос, істинний Бог наш - молитвами пречистої Своєї Матері, чесного і славного пророка, предтечі і хрестителя Івана, святих славних і всехвальних апостолів, святого, якого є храм, силою чесного і животворного Хреста, якого знамення явління на небі у святому місті Єрусалимі сьогодні пам'ять звершуємо, святого мученика Акакія і всіх святих - помилує і спасе нас як благий і людинолюбний.",
Травень,08.05,3,ср,Віддання Пасхи. 🕁 Св. ап. і єв. Івана Богослова Прп. Арсенія Великого,"святого апостола і євангелиста Івана Богослова, якого сьогодні пам'ять світло звершуємо, преподобного отця нашого Арсенія Великого",ні,,,,"Священик: Христос, що воскрес із мертвих, смертю смерть подолав і тим, що в гробах, життя дарував, істинний Бог наш - молитвами пречистої Своєї Матері, святих, славних і всехвальних апостолів, святого отця нашого Івана Золотоустого, архиєпископа Константинограда, святого апостола і євангелиста Івана Богослова, якого сьогодні пам'ять світло звершуємо, преподобного отця нашого Арсенія Великого і всіх святих - помилує і спасе нас як благий і людинолюбний.","Священик: Христос, що воскрес із мертвих, смертю смерть подолав і тим, що в гробах, життя дарував, істинний Бог наш - молитвами пречистої Своєї Матері, святих, славних і всехвальних апостолів, святого отця нашого Івана Золотоустого, архиєпископа Константинограда, святого апостола і євангелиста Івана Богослова, якого сьогодні пам'ять світло звершуємо, преподобного отця нашого Арсенія Великого і всіх святих - помилує і спасе нас як благий і людинолюбний.",
Травень,09.05,4,чт,🕀 Вознесіння Господнє. 🕂 Перенесення чесних мощів св. Миколая Чудотворця з Мир до міста Барі Св. прор. Ісаї Св. мч. Христофора,"святого отця нашого Миколая Чудотворця з Мир до міста Барі, якого чесних мощів перенесення сьогодні пам'ять світло звершуємо, святого пророка Ісаї, святого мученика Христофора",так,свято,,,"Священик: Христос, істинний Бог наш, що у славі вознісся від нас на небо і сів праворуч Бога й Отця спасіння нашого ради - молитвами пречистої Своєї Матері, святих, славних і всехвальних апостолів, святого отця нашого Івана Золотоустого, архиєпископа Константинополя, і всіх святих - помилує і спасе нас як благий і людинолюбний.","Священик: Христос, істинний Бог наш, що у славі вознісся від нас на небо і сів праворуч Бога й Отця спасіння нашого ради - молитвами пречистої Своєї Матері, святих, славних і всехвальних апостолів, і всіх святих - помилує і спасе нас як благий і людинолюбний.",
Травень,10.05,5,пт,🕂 Св. ап. Симона Зилота,"святого апостола Симона Зилота, якого сьогодні пам'ять світло звершуємо,",так,посвяття,істинний Бог наш,"істинний Бог наш, що у славі вознісся від нас на небо і сів праворуч Бога й Отця спасіння нашого ради","Священик: Христос, істинний Бог наш, що у славі вознісся від нас на небо і сів праворуч Бога й Отця спасіння нашого ради - молитвами пречистої Своєї Матері, силою чесного і животворчого хреста, заступництвом святих славних і всехвальних апостолів, святого отця нашого Івана Золотоустого, архиєпископа Константинополя, святого, якого є храм, святого апостола Симона Зилота, якого сьогодні пам'ять звершуємо, і всіх святих - помилує і спасе нас як благий і людинолюбний.","Священик: Христос, істинний Бог наш, що у славі вознісся від нас на небо і сів праворуч Бога й Отця спасіння нашого ради - молитвами пречистої Своєї Матері, силою чесного і животворчого хреста, заступництвом святих славних і всехвальних апостолів, святого, якого є храм, святого апостола Симона Зилота, якого сьогодні пам'ять звершуємо, і всіх святих - помилує і спасе нас як благий і людинолюбний.",
Травень,11.05,6,сб,"🕂 Свв. рівноапп. Кирила й Методія, учителів слов’янських Св. сщмч. Мокія","святих рівноапостольних Кирила й Методія, учителів слов’янських, яких сьогодні пам'ять світло звершуємо, святого священномученика Мокія",так,посвяття,істинний Бог наш,"істинний Бог наш, що у славі вознісся від нас на небо і сів праворуч Бога й Отця спасіння нашого ради","Священик: Христос, істинний Бог наш, що у славі вознісся від нас на небо і сів праворуч Бога й Отця спасіння нашого ради - молитвами пречистої Своєї Матері, силою чесного і животворчого Хреста, заступництвом чесних небесних сил безтілесних, чесного і славного пророка, предтечі і хрестителя Йоана, святих славних і всехвальних апостолів, святого отця нашого Миколая, архиєпископа Мир Ликійських, чудотворця, святих славних і переможних мучеників, преподобних і богоносних отців наших, святого отця нашого Івана Золотоустого, архиєпископа Константинополя, святих і праведних богоотців Йоакима й Анни, святого, якого є храм, святих рівноапостольних Кирила й Методія, учителів слов’янських, яких сьогодні пам'ять звершуємо, святого священномученика Мокія і всіх святих - помилує і спасе нас як благий і людинолюбний.","Священик: Христос, істинний Бог наш, що у славі вознісся від нас на небо і сів праворуч Бога й Отця спасіння нашого ради - молитвами пречистої Своєї Матері, силою чесного і животворчого Хреста, заступництвом чесних небесних сил безтілесних, чесного і славного пророка, предтечі і хрестителя Йоана, святих славних і всехвальних апостолів, святого отця нашого Миколая, архиєпископа Мир Ликійських, чудотворця, святих славних і переможних мучеників, преподобних і богоносних отців наших, святих і праведних богоотців Йоакима й Анни, святого, якого є храм, святих рівноапостольних Кирила й Методія, учителів слов’янських, яких сьогодні пам'ять звершуємо, святого священномученика Мокія і всіх святих - помилує і спасе нас як благий і людинолюбний.",
Травень,12.05,7,нд,"Неділя 7-ма після Пасхи, свв. отців I-го Вселенського Собору. Свв. Епіфанія, єп. Кипрського, і Германа, патр. Царгородського","святих отців наших Епіфанія, єпископа Кипрського, і Германа, патріарха Царгородського,",так,посвяття,істинний Бог наш,"істинний Бог наш, що у славі вознісся від нас на небо і сів праворуч Бога й Отця спасіння нашого ради","Священик: Христос, що воскрес із мертвих, істинний Бог наш - молитвами пречистої Своєї Матері, святих славних і всехвальних апостолів, святого отця нашого Івана Золотоустого, архиєпископа Константинополя, святого, якого є храм, святих отців наших Епіфанія, єпископа Кипрського, і Германа, патріарха Царгородського, і всіх святих - помилує і спасе нас як благий і людинолюбний.","Священик: Христос, що воскрес із мертвих, істинний Бог наш - молитвами пречистої Своєї Матері, святих славних і всехвальних апостолів, святого, якого є храм, святих отців наших Епіфанія, єпископа Кипрського, і Германа, патріарха Царгородського, і всіх святих - помилує і спасе нас як благий і людинолюбний.",
Травень,13.05,1,пн,Тиждень 7-ий після Пасхи. Св. мц. Гликерії,святої мучениці Гликерії,так,посвяття,істинний Бог наш,"істинний Бог наш, що у славі вознісся від нас на небо і сів праворуч Бога й Отця спасіння нашого ради","Священик: Христос, істинний Бог наш, що у славі вознісся від нас на небо і сів праворуч Бога й Отця спасіння нашого ради - молитвами пречистої Своєї Матері, заступництвом чесних небесних сил безтілесних, святих славних і всехвальних апостолів, святого отця нашого Івана Золотоустого, архиєпископа Константинополя, святого, якого є храм, святої мучениці Гликерії і всіх святих - помилує і спасе нас як благий і людинолюбний.","Священик: Христос, істинний Бог наш, що у славі вознісся від нас на небо і сів праворуч Бога й Отця спасіння нашого ради - молитвами пречистої Своєї Матері, заступництвом чесних небесних сил безтілесних, святих славних і всехвальних апостолів, святого, якого є храм, святої мучениці Гликерії і всіх святих - помилує і спасе нас як благий і людинолюбний.",
Травень,14.05,2,вв,Св. мч. Ісидора,святого мученика Ісидора,так,посвяття,істинний Бог наш,"істинний Бог наш, що у славі вознісся від нас на небо і сів праворуч Бога й Отця спасіння нашого ради","Священик: Христос, істинний Бог наш, що у славі вознісся від нас на небо і сів праворуч Бога й Отця спасіння нашого ради - молитвами пречистої Своєї Матері, чесного і славного пророка, предтечі і хрестителя Івана, святих славних і всехвальних апостолів, святого отця нашого Івана Золотоустого, архиєпископа Константинополя, святого, якого є храм, святого мученика Ісидора і всіх святих - помилує і спасе нас як благий і людинолюбний.","Священик: Христос, істинний Бог наш, що у славі вознісся від нас на небо і сів праворуч Бога й Отця спасіння нашого ради - молитвами пречистої Своєї Матері, чесного і славного пророка, предтечі і хрестителя Івана, святих славних і всехвальних апостолів, святого, якого є храм, святого мученика Ісидора і всіх святих - помилує і спасе нас як благий і людинолюбний.",
Травень,15.05,3,ср,🕃 Прп. Пахомія Великого,преподобного отця нашого Пахомія Великого,так,посвяття,істинний Бог наш,"істинний Бог наш, що у славі вознісся від нас на небо і сів праворуч Бога й Отця спасіння нашого ради","Священик: Христос, істинний Бог наш, що у славі вознісся від нас на небо і сів праворуч Бога й Отця спасіння нашого ради - молитвами пречистої Своєї Матері, силою чесного і животворчого хреста, заступництвом святих славних і всехвальних апостолів, святого отця нашого Івана Золотоустого, архиєпископа Константинополя, святого, якого є храм, преподобного отця нашого Пахомія Великого і всіх святих - помилує і спасе нас як благий і людинолюбний.","Священик: Христос, істинний Бог наш, що у славі вознісся від нас на небо і сів праворуч Бога й Отця спасіння нашого ради - молитвами пречистої Своєї Матері, силою чесного і животворчого хреста, заступництвом святих славних і всехвальних апостолів, святого, якого є храм, преподобного отця нашого Пахомія Великого і всіх святих - помилує і спасе нас як благий і людинолюбний.",
Травень,16.05,4,чт,"Прп. Теодора Освященного, учня св. Пахомія Блаж. сщмчч. Северіана Бараника, Якима Сенківського, Віталія Байрака","преподобного отця нашого Теодора Освященного, учня святого Пахомія, блаженних священномучеників Северіана Бараника, Якима Сенківського, Віталія Байрака",так,посвяття,істинний Бог наш,"істинний Бог наш, що у славі вознісся від нас на небо і сів праворуч Бога й Отця спасіння нашого ради","Священик: Христос, істинний Бог наш, що у славі вознісся від нас на небо і сів праворуч Бога й Отця спасіння нашого ради - молитвами пречистої Своєї Матері, святих славних і всехвальних апостолів, святого отця нашого Миколая, архиєпископа Мир Ликійських, чудотворця, святого отця нашого Івана Золотоустого, архиєпископа Константинополя, святого, якого є храм, преподобного отця нашого Теодора Освященного, учня святого Пахомія, блаженних священномучеників Северіана Бараника, Якима Сенківського, Віталія Байрака і всіх святих - помилує і спасе нас як благий і людинолюбний.","Священик: Христос, істинний Бог наш, що у славі вознісся від нас на небо і сів праворуч Бога й Отця спасіння нашого ради - молитвами пречистої Своєї Матері, святих славних і всехвальних апостолів, святого отця нашого Миколая, архиєпископа Мир Ликійських, чудотворця, святого, якого є храм, преподобного отця нашого Теодора Освященного, учня святого Пахомія, блаженних священномучеників Северіана Бараника, Якима Сенківського, Віталія Байрака і всіх святих - помилує і спасе нас як благий і людинолюбний.",
Травень,17.05,5,пт,"Віддання Вознесіння. Св. ап. Андроніка і тих, що з ним Блаж. сщмч. Івана Зятика","святого апостола Андроніка і тих, що з ним, блаженного священномученика Івана Зятика",так,віддання,,,"Священик: Христос, істинний Бог наш, що у славі вознісся від нас на небо і сів праворуч Бога й Отця спасіння нашого ради - молитвами пречистої Своєї Матері, святих, славних і всехвальних апостолів, святого отця нашого Івана Золотоустого, архиєпископа Константинополя, святого апостола Андроніка і тих, що з ним, блаженного священномученика Івана Зятика і всіх святих - помилує і спасе нас як благий і людинолюбний.","Священик: Христос, істинний Бог наш, що у славі вознісся від нас на небо і сів праворуч Бога й Отця спасіння нашого ради - молитвами пречистої Своєї Матері, святих, славних і всехвальних апостолів, святого апостола Андроніка і тих, що з ним, блаженного священномученика Івана Зятика і всіх святих - помилує і спасе нас як благий і людинолюбний.",
Травень,18.05,6,сб,"Субота заупокійна. Св. мч. Теодота (Богдана), що в Анкирі Свв. мчч. Петра, Діонісія і тих, що з ними Свв. сімох дів","святого мученика Теодота, що в Анкирі, святих мучеників Петра, Діонісія і тих, що з ними, святих сімох дів",ні,,,,"Священик: Христос, істинний Бог наш, що живими і мертвими володіє - молитвами пречистої Своєї Матері, святих славних і всехвальних апостолів, святих славних і переможних мучеників, святого отця нашого Івана Золотоустого, архиєпископа Константинополя, преподобних і богоносних отців наших і всіх святих, - душі слуг Своїх, імена, що переставилися від нас, в оселях праведних оселить, на лоні Авраама упокоїть, і до праведних залічить, і нас помилує і спасе нас як благий і чоловіколюбний.","Священик: Христос, істинний Бог наш, що живими і мертвими володіє - молитвами пречистої Своєї Матері, святих славних і всехвальних апостолів, святих славних і переможних мучеників, преподобних і богоносних отців наших і всіх святих, - душі слуг Своїх, імена, що переставилися від нас, в оселях праведних оселить, на лоні Авраама упокоїть, і до праведних залічить, і нас помилує і спасе нас як благий і чоловіколюбний.",
Травень,19.05,7,нд,"🕀 Зіслання Святого Духа. П’ятдесятниця. Св. сщмч. Патрикія, єп. Пруського, і тих, що з ним","святого священномученика Патрикія, єпископа Пруського, і тих, що з ним,",так,свято,,,"Священик: Христос, істинний Бог наш, що в огненних язиках з неба зіслав Пресвятого Духа на святиї Своїх учнів і апостолів спасіння нашого ради - молитвами пречистої Своєї Матері, святих, славних і всехвальних апостолів, святого отця нашого Івана Золотоустого, архиєпископа Константинополя, і всіх святих - помилує і спасе нас як благий і людинолюбний.","Священик: Христос, істинний Бог наш, що в огненних язиках з неба зіслав Пресвятого Духа на святиї Своїх учнів і апостолів спасіння нашого ради - молитвами пречистої Своєї Матері, святих, славних і всехвальних апостолів, і всіх святих - помилує і спасе нас як благий і людинолюбний.",
Травень,20.05,1,пн,Понеділок Святого Духа. Тиждень 1-ий по Зісланні Святого Духа. Тиждень загальниці. Св. мч. Талалея,святого мученика Талалея,так,посвяття,істинний Бог наш,"істинний Бог наш, що в огненних язиках з неба зіслав Пресвятого Духа на святиї Своїх учнів і апостолів спасіння нашого ради","Священик: Христос, істинний Бог наш, що в огненних язиках з неба зіслав Пресвятого Духа на святиї Своїх учнів і апостолів спасіння нашого ради - молитвами пречистої Своєї Матері, заступництвом чесних небесних сил безтілесних, святих славних і всехвальних апостолів, святого отця нашого Івана Золотоустого, архиєпископа Константинополя, святого, якого є храм, святого мученика Талалея і всіх святих - помилує і спасе нас як благий і людинолюбний.","Священик: Христос, істинний Бог наш, що в огненних язиках з неба зіслав Пресвятого Духа на святиї Своїх учнів і апостолів спасіння нашого ради - молитвами пречистої Своєї Матері, заступництвом чесних небесних сил безтілесних, святих славних і всехвальних апостолів, святого, якого є храм, святого мученика Талалея і всіх святих - помилує і спасе нас як благий і людинолюбний.",
Травень,21.05,2,вв,🕂 Свв. великих царів і рівноапп. Константина й Олени,"святих великих царів і рівноапостольних Константина й Олени, яких сьогодні пам'ять світло звершуємо,",так,посвяття,істинний Бог наш,"істинний Бог наш, що в огненних язиках з неба зіслав Пресвятого Духа на святиї Своїх учнів і апостолів спасіння нашого ради","Священик: Христос, істинний Бог наш, що в огненних язиках з неба зіслав Пресвятого Духа на святиї Своїх учнів і апостолів спасіння нашого ради - молитвами пречистої Своєї Матері, чесного і славного пророка, предтечі і хрестителя Івана, святих славних і всехвальних апостолів, святого отця нашого Івана Золотоустого, архиєпископа Константинополя, святого, якого є храм, святих великих царів і рівноапостольних Константина й Олени, яких сьогодні пам'ять звершуємо, і всіх святих - помилує і спасе нас як благий і людинолюбний.","Священик: Христос, істинний Бог наш, що в огненних язиках з неба зіслав Пресвятого Духа на святиї Своїх учнів і апостолів спасіння нашого ради - молитвами пречистої Своєї Матері, чесного і славного пророка, предтечі і хрестителя Івана, святих славних і всехвальних апостолів, святого, якого є храм, святих великих царів і рівноапостольних Константина й Олени, яких сьогодні пам'ять звершуємо, і всіх святих - помилує і спасе нас як благий і людинолюбний.",
Травень,22.05,3,ср,Св. мч. Василіска,святого мученика Василіска,так,посвяття,істинний Бог наш,"істинний Бог наш, що в огненних язиках з неба зіслав Пресвятого Духа на святиї Своїх учнів і апостолів спасіння нашого ради","Священик: Христос, істинний Бог наш, що в огненних язиках з неба зіслав Пресвятого Духа на святиї Своїх учнів і апостолів спасіння нашого ради - молитвами пречистої Своєї Матері, силою чесного і животворчого хреста, заступництвом святих славних і всехвальних апостолів, святого отця нашого Івана Золотоустого, архиєпископа Константинополя, святого, якого є храм, святого мученика Василіска і всіх святих - помилує і спасе нас як благий і людинолюбний.","Священик: Христос, істинний Бог наш, що в огненних язиках з неба зіслав Пресвятого Духа на святиї Своїх учнів і апостолів спасіння нашого ради - молитвами пречистої Своєї Матері, силою чесного і животворчого хреста, заступництвом святих славних і всехвальних апостолів, святого, якого є храм, святого мученика Василіска і всіх святих - помилує і спасе нас як благий і людинолюбний.",
Травень,23.05,4,чт,"Прп. Євфросинії Полоцької, ігум. монастиря Св. Спаса Прп. й ісп. Михаїла, єп. Синадського","преподобної Євфросинії Полоцької, ігумені монастиря Святого Спаса, преподобного отця нашого й ісповідника Михаїла, єпископа Синадського,",так,посвяття,істинний Бог наш,"істинний Бог наш, що в огненних язиках з неба зіслав Пресвятого Духа на святиї Своїх учнів і апостолів спасіння нашого ради","Священик: Христос, істинний Бог наш, що в огненних язиках з неба зіслав Пресвятого Духа на святиї Своїх учнів і апостолів спасіння нашого ради - молитвами пречистої Своєї Матері, святих славних і всехвальних апостолів, святого отця нашого Миколая, архиєпископа Мир Ликійських, чудотворця, святого отця нашого Івана Золотоустого, архиєпископа Константинополя, святого, якого є храм, преподобної Євфросинії Полоцької, ігумені монастиря Святого Спаса, преподобного отця нашого й ісповідника Михаїла, єпископа Синадського, і всіх святих - помилує і спасе нас як благий і людинолюбний.","Священик: Христос, істинний Бог наш, що в огненних язиках з неба зіслав Пресвятого Духа на святиї Своїх учнів і апостолів спасіння нашого ради - молитвами пречистої Своєї Матері, святих славних і всехвальних апостолів, святого отця нашого Миколая, архиєпископа Мир Ликійських, чудотворця, святого, якого є храм, преподобної Євфросинії Полоцької, ігумені монастиря Святого Спаса, преподобного отця нашого й ісповідника Михаїла, єпископа Синадського, і всіх святих - помилує і спасе нас як благий і людинолюбний.",
Травень,24.05,5,пт,"🕃 Прп. Микити, стовпника, переяславського чудотв. 🕃 Прп. Симеона, що на Дивній горі","преподобного отця нашого Микити, стовпника, переяславського чудотворця, преподобного отця нашого Симеона, що на Дивній горі,",так,посвяття,істинний Бог наш,"істинний Бог наш, що в огненних язиках з неба зіслав Пресвятого Духа на святиї Своїх учнів і апостолів спасіння нашого ради","Священик: Христос, істинний Бог наш, що в огненних язиках з неба зіслав Пресвятого Духа на святиї Своїх учнів і апостолів спасіння нашого ради - молитвами пречистої Своєї Матері, силою чесного і животворчого хреста, заступництвом святих славних і всехвальних апостолів, святого отця нашого Івана Золотоустого, архиєпископа Константинополя, святого, якого є храм, преподобного отця нашого Микити, стовпника, переяславського чудотворця, преподобного отця нашого Симеона, що на Дивній горі, і всіх святих - помилує і спасе нас як благий і людинолюбний.","Священик: Христос, істинний Бог наш, що в огненних язиках з неба зіслав Пресвятого Духа на святиї Своїх учнів і апостолів спасіння нашого ради - молитвами пречистої Своєї Матері, силою чесного і животворчого хреста, заступництвом святих славних і всехвальних апостолів, святого, якого є храм, преподобного отця нашого Микити, стовпника, переяславського чудотворця, преподобного отця нашого Симеона, що на Дивній горі, і всіх святих - помилує і спасе нас як благий і людинолюбний.",
Травень,25.05,6,сб,"Віддання П’ятдесятниці.🕂 Третє віднайдення чесної голови св. і славн. прор., предтечі і хрестителя Господнього Івана Блаж. сщмч. Миколи Цегельського, пресвіт.","чéсного і слáвного прорóка, предтéчі і хрестителя Госпóднього Івáна, якóго трéтього віднáйдення чéсноï голови пáм’ять сьогóдні свíтло звéршуємо, блаженного священномученика Миколи Цегельського, пресвітера,",так,віддання,,,"Священик: Христос, істинний Бог наш, що в огненних язиках з неба зіслав Пресвятого Духа на святиї Своїх учнів і апостолів спасіння нашого ради - молитвами пречистої Своєї Матері, святих, славних і всехвальних апостолів, святого отця нашого Івана Золотоустого, архиєпископа Константинополя, чéсного і слáвного прорóка, предтéчі і хрестителя Госпóднього Івáна, якóго трéтього віднáйдення чéсноï голови пáм’ять сьогóдні свíтло звéршуємо, блаженного священномученика Миколи Цегельського, пресвітера, і всіх святих - помилує і спасе нас як благий і людинолюбний.","Священик: Христос, істинний Бог наш, що в огненних язиках з неба зіслав Пресвятого Духа на святиї Своїх учнів і апостолів спасіння нашого ради - молитвами пречистої Своєї Матері, святих, славних і всехвальних апостолів, чéсного і слáвного прорóка, предтéчі і хрестителя Госпóднього Івáна, якóго трéтього віднáйдення чéсноï голови пáм’ять сьогóдні свíтло звéршуємо, блаженного священномученика Миколи Цегельського, пресвітера, і всіх святих - помилує і спасе нас як благий і людинолюбний.",
Травень,26.05,7,нд,"Неділя 1-ша по Зісланні Святого Духа. Всіх святих. Св. ап. Карпа, одного із сімдесятьох","святого апостола Карпа, одного із сімдесятьох,",ні,,,,"Священик: Христос, що воскрес із мертвих, істинний Бог наш - молитвами пречистої Своєї Матері, святих славних і всехвальних апостолів, святого отця нашого Івана Золотоустого, архиєпископа Константинополя, святого, якого є храм, святого апостола Карпа, одного із сімдесятьох, і всіх святих - помилує і спасе нас як благий і людинолюбний.","Священик: Христос, що воскрес із мертвих, істинний Бог наш - молитвами пречистої Своєї Матері, святих славних і всехвальних апостолів, святого, якого є храм, святого апостола Карпа, одного із сімдесятьох, і всіх святих - помилує і спасе нас як благий і людинолюбний.",
Травень,27.05,1,пн,Тиждень 2-ий по Зісланні Святого Духа. Початок Петрового посту. Св. сщмч. Терапонта,святого священномученика Терапонта,ні,,,,"Священик: Христос, істинний Бог наш - молитвами пречистої Своєї Матері, заступництвом чесних небесних сил безтілесних, святих славних і всехвальних апостолів, святого отця нашого Івана Золотоустого, архиєпископа Константинополя, святого, якого є храм, святого священномученика Терапонта і всіх святих - помилує і спасе нас як благий і людинолюбний.","Священик: Христос, істинний Бог наш - молитвами пречистої Своєї Матері, заступництвом чесних небесних сил безтілесних, святих славних і всехвальних апостолів, святого, якого є храм, святого священномученика Терапонта і всіх святих - помилує і спасе нас як благий і людинолюбний.",
Травень,28.05,2,вв,"Прп. Микити, єп. Халкедонського","преподобного отця нашого Микити, єпископа Халкедонського,",ні,,,,"Священик: Христос, істинний Бог наш - молитвами пречистої Своєї Матері, чесного і славного пророка, предтечі і хрестителя Івана, святих славних і всехвальних апостолів, святого отця нашого Івана Золотоустого, архиєпископа Константинополя, святого, якого є храм, преподобного отця нашого Микити, єпископа Халкедонського, і всіх святих - помилує і спасе нас як благий і людинолюбний.","Священик: Христос, істинний Бог наш - молитвами пречистої Своєї Матері, чесного і славного пророка, предтечі і хрестителя Івана, святих славних і всехвальних апостолів, святого, якого є храм, преподобного отця нашого Микити, єпископа Халкедонського, і всіх святих - помилує і спасе нас як благий і людинолюбний.",
Травень,29.05,3,ср,"Св. прпмц. Теодосії, діви","святої преподобномучениці Теодосії, діви,",ні,,,,"Священик: Христос, істинний Бог наш - молитвами пречистої Своєї Матері, силою чесного і животворчого хреста, заступництвом святих славних і всехвальних апостолів, святого отця нашого Івана Золотоустого, архиєпископа Константинополя, святого, якого є храм, святої преподобномучениці Теодосії, діви, і всіх святих - помилує і спасе нас як благий і людинолюбний.","Священик: Христос, істинний Бог наш - молитвами пречистої Своєї Матері, силою чесного і животворчого хреста, заступництвом святих славних і всехвальних апостолів, святого, якого є храм, святої преподобномучениці Теодосії, діви, і всіх святих - помилує і спасе нас як благий і людинолюбний.",
Травень,30.05,4,чт,"🕀 Торжественне поклоніння пречистим Тайнам Тіла і Крови Господа нашого Ісуса Христа. Прп. Ісаакія, ігум. обителі Далматської","преподобного отця нашого Ісаакія, ігумена обителі Далматської,",так,свято,,,"Священик: Христос, істинний Бог наш, що ради превеликої любови дав нам Тіло Своє їсти і Кров Свою істинну пити на спасіння наше - молитвами пречистої Своєї Матері, святих, славних і всехвальних апостолів, святого отця нашого Івана Золотоустого, архиєпископа Константинополя, і всіх святих - помилує і спасе нас як благий і людинолюбний.","Священик: Христос, істинний Бог наш, що ради превеликої любови дав нам Тіло Своє їсти і Кров Свою істинну пити на спасіння наше - молитвами пречистої Своєї Матері, святих, славних і всехвальних апостолів, і всіх святих - помилує і спасе нас як благий і людинолюбний.",
Травень,31.05,5,пт,Св. ап. Єрмія Св. мч. Єрмея,"святого апостола Єрмія, святого мученика Єрмея",ні,,,,"Священик: Христос, істинний Бог наш - молитвами пречистої Своєї Матері, силою чесного і животворчого хреста, заступництвом святих славних і всехвальних апостолів, святого отця нашого Івана Золотоустого, архиєпископа Константинополя, святого, якого є храм, святого апостола Єрмія, святого мученика Єрмея і всіх святих - помилує і спасе нас як благий і людинолюбний.","Священик: Христос, істинний Бог наш - молитвами пречистої Своєї Матері, силою чесного і животворчого хреста, заступництвом святих славних і всехвальних апостолів, святого, якого є храм, святого апостола Єрмія, святого мученика Єрмея і всіх святих - помилує і спасе нас як благий і людинолюбний.",
Червень,01.06,6,сб,"Св. мч. Юстина, філософа, і тих, що з ним","святого мученика Юстина, філософа, і тих, що з ним,",ні,,,,"Священик: Христос, істинний Бог наш - молитвами пречистої Своєї Матері, силою чесного і животворчого Хреста, заступництвом чесних небесних сил безтілесних, чесного і славного пророка, предтечі і хрестителя Йоана, святих славних і всехвальних апостолів, святого отця нашого Миколая, архиєпископа Мир Ликійських, чудотворця, святих славних і переможних мучеників, преподобних і богоносних отців наших, святого отця нашого Івана Золотоустого, архиєпископа Константинополя, святих і праведних богоотців Йоакима й Анни, святого, якого є храм, святого мученика Юстина, філософа, і тих, що з ним, і всіх святих - помилує і спасе нас як благий і людинолюбний.","Священик: Христос, істинний Бог наш - молитвами пречистої Своєї Матері, силою чесного і животворчого Хреста, заступництвом чесних небесних сил безтілесних, чесного і славного пророка, предтечі і хрестителя Йоана, святих славних і всехвальних апостолів, святого отця нашого Миколая, архиєпископа Мир Ликійських, чудотворця, святих славних і переможних мучеників, преподобних і богоносних отців наших, святих і праведних богоотців Йоакима й Анни, святого, якого є храм, святого мученика Юстина, філософа, і тих, що з ним, і всіх святих - помилує і спасе нас як благий і людинолюбний.",
Червень,02.06,7,нд,"Неділя 2-га по Зісланні Святого Духа. Всіх святих українського народу. Св. Никифора, ісп.","святого отця нашого Никифора, ісповідника,",ні,,,,"Священик: Христос, що воскрес із мертвих, істинний Бог наш - молитвами пречистої Своєї Матері, святих славних і всехвальних апостолів, святого отця нашого Івана Золотоустого, архиєпископа Константинополя, святого, якого є храм, святого отця нашого Никифора, ісповідника, і всіх святих - помилує і спасе нас як благий і людинолюбний.","Священик: Христос, що воскрес із мертвих, істинний Бог наш - молитвами пречистої Своєї Матері, святих славних і всехвальних апостолів, святого, якого є храм, святого отця нашого Никифора, ісповідника, і всіх святих - помилує і спасе нас як благий і людинолюбний.",
Червень,03.06,1,пн,"Тиждень 3-ий по Зісланні Святого Духа. Св. мч. Лукиліяна і тих, що з ним","святого мученика Лукиліяна і тих, що з ним,",ні,,,,"Священик: Христос, істинний Бог наш - молитвами пречистої Своєї Матері, заступництвом чесних небесних сил безтілесних, святих славних і всехвальних апостолів, святого отця нашого Івана Золотоустого, архиєпископа Константинополя, святого, якого є храм, святого мученика Лукиліяна і тих, що з ним, і всіх святих - помилує і спасе нас як благий і людинолюбний.","Священик: Христос, істинний Бог наш - молитвами пречистої Своєї Матері, заступництвом чесних небесних сил безтілесних, святих славних і всехвальних апостолів, святого, якого є храм, святого мученика Лукиліяна і тих, що з ним, і всіх святих - помилує і спасе нас як благий і людинолюбний.",
Червень,04.06,2,вв,"Св. Митрофана, патр. Царгородського","святого отця нашого Митрофана, патріарха Царгородського,",ні,,,,"Священик: Христос, істинний Бог наш - молитвами пречистої Своєї Матері, чесного і славного пророка, предтечі і хрестителя Івана, святих славних і всехвальних апостолів, святого отця нашого Івана Золотоустого, архиєпископа Константинополя, святого, якого є храм, святого отця нашого Митрофана, патріарха Царгородського, і всіх святих - помилує і спасе нас як благий і людинолюбний.","Священик: Христос, істинний Бог наш - молитвами пречистої Своєї Матері, чесного і славного пророка, предтечі і хрестителя Івана, святих славних і всехвальних апостолів, святого, якого є храм, святого отця нашого Митрофана, патріарха Царгородського, і всіх святих - помилує і спасе нас як благий і людинолюбний.",
Червень,05.06,3,ср,"Св. сщмч. Доротея, єп. Тирського Св. мч. Косми, пресвіт. вірменського","святого священномученика Доротея, єпископа Тирського, святого мученика Косми, пресвітера вірменського,",ні,,,,"Священик: Христос, істинний Бог наш - молитвами пречистої Своєї Матері, силою чесного і животворчого хреста, заступництвом святих славних і всехвальних апостолів, святого отця нашого Івана Золотоустого, архиєпископа Константинополя, святого, якого є храм, святого священномученика Доротея, єпископа Тирського, святого мученика Косми, пресвітера вірменського, і всіх святих - помилує і спасе нас як благий і людинолюбний.","Священик: Христос, істинний Бог наш - молитвами пречистої Своєї Матері, силою чесного і животворчого хреста, заступництвом святих славних і всехвальних апостолів, святого, якого є храм, святого священномученика Доротея, єпископа Тирського, святого мученика Косми, пресвітера вірменського, і всіх святих - помилує і спасе нас як благий і людинолюбний.",
Червень,06.06,4,чт,"Прп. Висаріона, чудотв. Прп. Іларіона Нового, ігум. Далматської обителі, ісп.","преподобного отця нашого Висаріона, чудотворця, преподобного Іларіона Нового, ігумена Далматської обителі, ісповідника,",ні,,,,"Священик: Христос, істинний Бог наш - молитвами пречистої Своєї Матері, святих славних і всехвальних апостолів, святого отця нашого Миколая, архиєпископа Мир Ликійських, чудотворця, святого отця нашого Івана Золотоустого, архиєпископа Константинополя, святого, якого є храм, преподобного отця нашого Висаріона, чудотворця, преподобного Іларіона Нового, ігумена Далматської обителі, ісповідника, і всіх святих - помилує і спасе нас як благий і людинолюбний.","Священик: Христос, істинний Бог наш - молитвами пречистої Своєї Матері, святих славних і всехвальних апостолів, святого отця нашого Миколая, архиєпископа Мир Ликійських, чудотворця, святого, якого є храм, преподобного отця нашого Висаріона, чудотворця, преподобного Іларіона Нового, ігумена Далматської обителі, ісповідника, і всіх святих - помилує і спасе нас як благий і людинолюбний.",
Червень,07.06,5,пт,"🕀 Свято найсолодшого Господа Бога і Спаса нашого Ісуса Христа – Чоловіколюбця. Св. сщмч. Теодота (Богдана), єп. Анкирського","святого священномученика Теодота (Богдана), єпископа Анкирського,",так,свято,,,"Священик: Христос, істинний Бог наш, що зволив дати списом серце Своє на хресті пробити і любов Свою до нас до кінця показати - молитвами пречистої Своєї Матері, святих, славних і всехвальних апостолів, святого отця нашого Івана Золотоустого, архиєпископа Константинополя, і всіх святих - помилує і спасе нас як благий і людинолюбний.","Священик: Христос, істинний Бог наш, що зволив дати списом серце Своє на хресті пробити і любов Свою до нас до кінця показати - молитвами пречистої Своєї Матері, святих, славних і всехвальних апостолів, і всіх святих - помилує і спасе нас як благий і людинолюбний.",
Червень,08.06,6,сб,Сострадання Пресвятої Богородиці. 🕃 Перенесення мощів св. вмч. Теодора Тирона,"святого великомученика Теодора Тирона, що його перенесення мощів сьогодні пам'ять звершуємо,",ні,,,,"Священик: Христос, істинний Бог наш - молитвами пречистої Своєї Матері, силою чесного і животворчого Хреста, заступництвом чесних небесних сил безтілесних, чесного і славного пророка, предтечі і хрестителя Йоана, святих славних і всехвальних апостолів, святого отця нашого Миколая, архиєпископа Мир Ликійських, чудотворця, святих славних і переможних мучеників, преподобних і богоносних отців наших, святого отця нашого Івана Золотоустого, архиєпископа Константинополя, святих і праведних богоотців Йоакима й Анни, святого, якого є храм, святого великомученика Теодора Тирона, що його перенесення мощів сьогодні пам'ять звершуємо, і всіх святих - помилує і спасе нас як благий і людинолюбний.","Священик: Христос, істинний Бог наш - молитвами пречистої Своєї Матері, силою чесного і животворчого Хреста, заступництвом чесних небесних сил безтілесних, чесного і славного пророка, предтечі і хрестителя Йоана, святих славних і всехвальних апостолів, святого отця нашого Миколая, архиєпископа Мир Ликійських, чудотворця, святих славних і переможних мучеників, преподобних і богоносних отців наших, святих і праведних богоотців Йоакима й Анни, святого, якого є храм, святого великомученика Теодора Тирона, що його перенесення мощів сьогодні пам'ять звершуємо, і всіх святих - помилує і спасе нас як благий і людинолюбний.",
Червень,09.06,7,нд,"Неділя 3-тя по Зісланні Святого Духа. 🕃 Св. Кирила, аєп. Олександрійського","святого отця нашого Кирила, архиєпископа Олександрійського,",ні,,,,"Священик: Христос, що воскрес із мертвих, істинний Бог наш - молитвами пречистої Своєї Матері, святих славних і всехвальних апостолів, святого отця нашого Івана Золотоустого, архиєпископа Константинополя, святого, якого є храм, святого отця нашого Кирила, архиєпископа Олександрійського, і всіх святих - помилує і спасе нас як благий і людинолюбний.","Священик: Христос, що воскрес із мертвих, істинний Бог наш - молитвами пречистої Своєї Матері, святих славних і всехвальних апостолів, святого, якого є храм, святого отця нашого Кирила, архиєпископа Олександрійського, і всіх святих - помилує і спасе нас як благий і людинолюбний.",
Червень,10.06,1,пн,"Тиждень 4-ий по Зісланні Святого Духа. Св. сщмч. Тимотея, єп. Пруського","святого священномученика Тимотея, єпископа Пруського,",ні,,,,"Священик: Христос, істинний Бог наш - молитвами пречистої Своєї Матері, заступництвом чесних небесних сил безтілесних, святих славних і всехвальних апостолів, святого отця нашого Івана Золотоустого, архиєпископа Константинополя, святого, якого є храм, святого священномученика Тимотея, єпископа Пруського, і всіх святих - помилує і спасе нас як благий і людинолюбний.","Священик: Христос, істинний Бог наш - молитвами пречистої Своєї Матері, заступництвом чесних небесних сил безтілесних, святих славних і всехвальних апостолів, святого, якого є храм, святого священномученика Тимотея, єпископа Пруського, і всіх святих - помилує і спасе нас як благий і людинолюбний.",
Червень,11.06,2,вв,🕂 Свв. апп. Вартоломея й Варнави,"святих апостолів Вартоломея й Варнави, яких сьогодні пам'ять світло звершуємо,",ні,,,,"Священик: Христос, істинний Бог наш - молитвами пречистої Своєї Матері, чесного і славного пророка, предтечі і хрестителя Івана, святих славних і всехвальних апостолів, святого отця нашого Івана Золотоустого, архиєпископа Константинополя, святого, якого є храм, святих апостолів Вартоломея й Варнави, яких сьогодні пам'ять світло звершуємо, і всіх святих - помилує і спасе нас як благий і людинолюбний.","Священик: Христос, істинний Бог наш - молитвами пречистої Своєї Матері, чесного і славного пророка, предтечі і хрестителя Івана, святих славних і всехвальних апостолів, святого, якого є храм, святих апостолів Вартоломея й Варнави, яких сьогодні пам'ять світло звершуємо, і всіх святих - помилує і спасе нас як благий і людинолюбний.",
Червень,12.06,3,ср,🕃 Прп. Онуфрія Великого Прп. Петра Афонського,"преподобного отця нашого Онуфрія Великого, преподобного отця нашого Петра Афонського",ні,,,,"Священик: Христос, істинний Бог наш - молитвами пречистої Своєї Матері, силою чесного і животворчого хреста, заступництвом святих славних і всехвальних апостолів, святого отця нашого Івана Золотоустого, архиєпископа Константинополя, святого, якого є храм, преподобного отця нашого Онуфрія Великого, преподобного отця нашого Петра Афонського і всіх святих - помилує і спасе нас як благий і людинолюбний.","Священик: Христос, істинний Бог наш - молитвами пречистої Своєї Матері, силою чесного і животворчого хреста, заступництвом святих славних і всехвальних апостолів, святого, якого є храм, преподобного отця нашого Онуфрія Великого, преподобного отця нашого Петра Афонського і всіх святих - помилує і спасе нас як благий і людинолюбний.",
Червень,13.06,4,чт,"Св. мц. Акилини Св. Трифилія, єп. Левкусії Кипрської Прп. Антонія Падуанського","святої мучениці Акилини, святого Трифилія, єпископа Левкусії Кипрської, преподобного отця нашого Антонія Падуанського",ні,,,,"Священик: Христос, істинний Бог наш - молитвами пречистої Своєї Матері, святих славних і всехвальних апостолів, святого отця нашого Миколая, архиєпископа Мир Ликійських, чудотворця, святого отця нашого Івана Золотоустого, архиєпископа Константинополя, святого, якого є храм, святої мучениці Акилини, святого Трифилія, єпископа Левкусії Кипрської, преподобного отця нашого Антонія Падуанського і всіх святих - помилує і спасе нас як благий і людинолюбний.","Священик: Христос, істинний Бог наш - молитвами пречистої Своєї Матері, святих славних і всехвальних апостолів, святого отця нашого Миколая, архиєпископа Мир Ликійських, чудотворця, святого, якого є храм, святої мучениці Акилини, святого Трифилія, єпископа Левкусії Кипрської, преподобного отця нашого Антонія Падуанського і всіх святих - помилує і спасе нас як благий і людинолюбний.",
Червень,14.06,5,пт,"Св. прор. Єлисея Св. Методія, патр. Царгородського","святого пророка Єлисея, святого отця нашого Методія, патріарха Царгородського,",ні,,,,"Священик: Христос, істинний Бог наш - молитвами пречистої Своєї Матері, силою чесного і животворчого хреста, заступництвом святих славних і всехвальних апостолів, святого отця нашого Івана Золотоустого, архиєпископа Константинополя, святого, якого є храм, святого пророка Єлисея, святого отця нашого Методія, патріарха Царгородського, і всіх святих - помилує і спасе нас як благий і людинолюбний.","Священик: Христос, істинний Бог наш - молитвами пречистої Своєї Матері, силою чесного і животворчого хреста, заступництвом святих славних і всехвальних апостолів, святого, якого є храм, святого пророка Єлисея, святого отця нашого Методія, патріарха Царгородського, і всіх святих - помилує і спасе нас як благий і людинолюбний.",
Червень,15.06,6,сб,"Св. прор. Амоса Прп. Єроніма, пресвіт. Стридонського","святого пророка Амоса, преподобного Єроніма, пресвітера Стридонського",ні,,,,"Священик: Христос, істинний Бог наш - молитвами пречистої Своєї Матері, силою чесного і животворчого Хреста, заступництвом чесних небесних сил безтілесних, чесного і славного пророка, предтечі і хрестителя Йоана, святих славних і всехвальних апостолів, святого отця нашого Миколая, архиєпископа Мир Ликійських, чудотворця, святих славних і переможних мучеників, преподобних і богоносних отців наших, святого отця нашого Івана Золотоустого, архиєпископа Константинополя, святих і праведних богоотців Йоакима й Анни, святого, якого є храм, святого пророка Амоса, преподобного Єроніма, пресвітера Стридонського і всіх святих - помилує і спасе нас як благий і людинолюбний.","Священик: Христос, істинний Бог наш - молитвами пречистої Своєї Матері, силою чесного і животворчого Хреста, заступництвом чесних небесних сил безтілесних, чесного і славного пророка, предтечі і хрестителя Йоана, святих славних і всехвальних апостолів, святого отця нашого Миколая, архиєпископа Мир Ликійських, чудотворця, святих славних і переможних мучеників, преподобних і богоносних отців наших, святих і праведних богоотців Йоакима й Анни, святого, якого є храм, святого пророка Амоса, преподобного Єроніма, пресвітера Стридонського і всіх святих - помилує і спасе нас як благий і людинолюбний.",
Червень,16.06,7,нд,Неділя 4-та по Зісланні Святого Духа. Св. і чудотв. Тихона Аматунтського,святого отця нашого і чудотворця Тихона Аматунтського,ні,,,,"Священик: Христос, що воскрес із мертвих, істинний Бог наш - молитвами пречистої Своєї Матері, святих славних і всехвальних апостолів, святого отця нашого Івана Золотоустого, архиєпископа Константинополя, святого, якого є храм, святого отця нашого і чудотворця Тихона Аматунтського і всіх святих - помилує і спасе нас як благий і людинолюбний.","Священик: Христос, що воскрес із мертвих, істинний Бог наш - молитвами пречистої Своєї Матері, святих славних і всехвальних апостолів, святого, якого є храм, святого отця нашого і чудотворця Тихона Аматунтського і всіх святих - помилує і спасе нас як благий і людинолюбний.",
Червень,17.06,1,пн,"Тиждень 5-ий по Зісланні Святого Духа. Свв. мчч. Мануїла, Савела й Ісмаїла Прп. Іпатія, ігум. Руфеніанського","святих мучеників Мануїла, Савела й Ісмаїла, преподобного отця нашого Іпатія, ігумена Руфеніанського,",ні,,,,"Священик: Христос, істинний Бог наш - молитвами пречистої Своєї Матері, заступництвом чесних небесних сил безтілесних, святих славних і всехвальних апостолів, святого отця нашого Івана Золотоустого, архиєпископа Константинополя, святого, якого є храм, святих мучеників Мануїла, Савела й Ісмаїла, преподобного отця нашого Іпатія, ігумена Руфеніанського, і всіх святих - помилує і спасе нас як благий і людинолюбний.","Священик: Христос, істинний Бог наш - молитвами пречистої Своєї Матері, заступництвом чесних небесних сил безтілесних, святих славних і всехвальних апостолів, святого, якого є храм, святих мучеників Мануїла, Савела й Ісмаїла, преподобного отця нашого Іпатія, ігумена Руфеніанського, і всіх святих - помилує і спасе нас як благий і людинолюбний.",
Червень,18.06,2,вв,Св. мч. Леонтія,святого мученика Леонтія,ні,,,,"Священик: Христос, істинний Бог наш - молитвами пречистої Своєї Матері, чесного і славного пророка, предтечі і хрестителя Івана, святих славних і всехвальних апостолів, святого отця нашого Івана Золотоустого, архиєпископа Константинополя, святого, якого є храм, святого мученика Леонтія і всіх святих - помилує і спасе нас як благий і людинолюбний.","Священик: Христос, істинний Бог наш - молитвами пречистої Своєї Матері, чесного і славного пророка, предтечі і хрестителя Івана, святих славних і всехвальних апостолів, святого, якого є храм, святого мученика Леонтія і всіх святих - помилує і спасе нас як благий і людинолюбний.",
Червень,19.06,3,ср,"🕂 Св. ап. Юди, брата Господнього","святого апостола Юди, брата Господнього, якого сьогодні пам'ять світло звершуємо,",ні,,,,"Священик: Христос, істинний Бог наш - молитвами пречистої Своєї Матері, силою чесного і животворчого хреста, заступництвом святих славних і всехвальних апостолів, святого отця нашого Івана Золотоустого, архиєпископа Константинополя, святого, якого є храм, святого апостола Юди, брата Господнього, якого сьогодні пам'ять світло звершуємо, і всіх святих - помилує і спасе нас як благий і людинолюбний.","Священик: Христос, істинний Бог наш - молитвами пречистої Своєї Матері, силою чесного і животворчого хреста, заступництвом святих славних і всехвальних апостолів, святого, якого є храм, святого апостола Юди, брата Господнього, якого сьогодні пам'ять світло звершуємо, і всіх святих - помилує і спасе нас як благий і людинолюбний.",
Червень,20.06,4,чт,"Св. сщмч. Методія, єп. Патарського","святого священномученика Методія, єпископа Патарського,",ні,,,,"Священик: Христос, істинний Бог наш - молитвами пречистої Своєї Матері, святих славних і всехвальних апостолів, святого отця нашого Миколая, архиєпископа Мир Ликійських, чудотворця, святого отця нашого Івана Золотоустого, архиєпископа Константинополя, святого, якого є храм, святого священномученика Методія, єпископа Патарського, і всіх святих - помилує і спасе нас як благий і людинолюбний.","Священик: Христос, істинний Бог наш - молитвами пречистої Своєї Матері, святих славних і всехвальних апостолів, святого отця нашого Миколая, архиєпископа Мир Ликійських, чудотворця, святого, якого є храм, святого священномученика Методія, єпископа Патарського, і всіх святих - помилує і спасе нас як благий і людинолюбний.",
Червень,21.06,5,пт,Св. мч. Юліана Тарсійського,святого мученика Юліана Тарсійського,ні,,,,"Священик: Христос, істинний Бог наш - молитвами пречистої Своєї Матері, силою чесного і животворчого хреста, заступництвом святих славних і всехвальних апостолів, святого отця нашого Івана Золотоустого, архиєпископа Константинополя, святого, якого є храм, святого мученика Юліана Тарсійського і всіх святих - помилує і спасе нас як благий і людинолюбний.","Священик: Христос, істинний Бог наш - молитвами пречистої Своєї Матері, силою чесного і животворчого хреста, заступництвом святих славних і всехвальних апостолів, святого, якого є храм, святого мученика Юліана Тарсійського і всіх святих - помилує і спасе нас як благий і людинолюбний.",
Червень,22.06,6,сб,"Св. сщмч. Євсевія, єп. Самосатського","святого священномученика Євсевія, єпископа Самосатського,",ні,,,,"Священик: Христос, істинний Бог наш - молитвами пречистої Своєї Матері, силою чесного і животворчого Хреста, заступництвом чесних небесних сил безтілесних, чесного і славного пророка, предтечі і хрестителя Йоана, святих славних і всехвальних апостолів, святого отця нашого Миколая, архиєпископа Мир Ликійських, чудотворця, святих славних і переможних мучеників, преподобних і богоносних отців наших, святого отця нашого Івана Золотоустого, архиєпископа Константинополя, святих і праведних богоотців Йоакима й Анни, святого, якого є храм, святого священномученика Євсевія, єпископа Самосатського, і всіх святих - помилує і спасе нас як благий і людинолюбний.","Священик: Христос, істинний Бог наш - молитвами пречистої Своєї Матері, силою чесного і животворчого Хреста, заступництвом чесних небесних сил безтілесних, чесного і славного пророка, предтечі і хрестителя Йоана, святих славних і всехвальних апостолів, святого отця нашого Миколая, архиєпископа Мир Ликійських, чудотворця, святих славних і переможних мучеників, преподобних і богоносних отців наших, святих і праведних богоотців Йоакима й Анни, святого, якого є храм, святого священномученика Євсевія, єпископа Самосатського, і всіх святих - помилує і спасе нас як благий і людинолюбний.",
Червень,23.06,7,нд,Неділя 5-та по Зісланні Святого Духа. Св. мц. Агрипіни,святої мучениці Агрипіни,ні,,,,"Священик: Христос, що воскрес із мертвих, істинний Бог наш - молитвами пречистої Своєї Матері, святих славних і всехвальних апостолів, святого отця нашого Івана Золотоустого, архиєпископа Константинополя, святого, якого є храм, святої мучениці Агрипіни і всіх святих - помилує і спасе нас як благий і людинолюбний.","Священик: Христос, що воскрес із мертвих, істинний Бог наш - молитвами пречистої Своєї Матері, святих славних і всехвальних апостолів, святого, якого є храм, святої мучениці Агрипіни і всіх святих - помилує і спасе нас як благий і людинолюбний.",
Червень,24.06,1,пн,"Тиждень 6-ий по Зісланні Святого Духа. 🕀 Різдво чесного і славн. прор., предтечі і хрестителя Господнього Івана","різдво чесного і славного пророка, предтечі і хрестителя Господнього Івана,",так,свято,,,"Священик: Христос, істинний Бог наш - молитвами пречистої Своєї Матері, чесного і славного пророка, предтечі і христителя Господнього Івана, якого свято різдва сьогодні світло звершуємо, святого отця нашого Івана Золотоустого, архиєпископа Константинополя, і всіх святих - помилує і спасе нас як благий і людинолюбний.","Священик: Христос, істинний Бог наш - молитвами пречистої Своєї Матері, чесного і славного пророка, предтечі і христителя Господнього Івана, якого свято різдва сьогодні світло звершуємо, і всіх святих - помилує і спасе нас як благий і людинолюбний.",
Червень,25.06,2,вв,Св. прпмц. Февронії,"святої преподобномучениці Февронії, чесного і славного пророка, предтечі і хрестителя Господнього Івана,",ні,,,,"Священик: Христос, істинний Бог наш - молитвами пречистої Своєї Матері, чесного і славного пророка, предтечі і хрестителя Івана, святих славних і всехвальних апостолів, святого отця нашого Івана Золотоустого, архиєпископа Константинополя, святого, якого є храм, святої преподобномучениці Февронії, чесного і славного пророка, предтечі і хрестителя Господнього Івана, і всіх святих - помилує і спасе нас як благий і людинолюбний.","Священик: Христос, істинний Бог наш - молитвами пречистої Своєї Матері, чесного і славного пророка, предтечі і хрестителя Івана, святих славних і всехвальних апостолів, святого, якого є храм, святої преподобномучениці Февронії, чесного і славного пророка, предтечі і хрестителя Господнього Івана, і всіх святих - помилує і спасе нас як благий і людинолюбний.",
Червень,26.06,3,ср,"Прп. Давида, що в Солуні Блаж. сщмч. Андрія Іщака, пресвіт. Блаж. сщмч. Миколи Конрада, пресвіт., і мч. Володимира Прийми, співця","преподобного отця нашого Давида, що в Солуні, блаженного священномученика Андрія Іщака, пресвітера, блаженних священномученика Миколи Конрада, пресвітера, і мученика Володимира Прийми, співця,",ні,,,,"Священик: Христос, істинний Бог наш - молитвами пречистої Своєї Матері, силою чесного і животворчого хреста, заступництвом святих славних і всехвальних апостолів, святого отця нашого Івана Золотоустого, архиєпископа Константинополя, святого, якого є храм, преподобного отця нашого Давида, що в Солуні, блаженного священномученика Андрія Іщака, пресвітера, блаженних священномученика Миколи Конрада, пресвітера, і мученика Володимира Прийми, співця, і всіх святих - помилує і спасе нас як благий і людинолюбний.","Священик: Христос, істинний Бог наш - молитвами пречистої Своєї Матері, силою чесного і животворчого хреста, заступництвом святих славних і всехвальних апостолів, святого, якого є храм, преподобного отця нашого Давида, що в Солуні, блаженного священномученика Андрія Іщака, пресвітера, блаженних священномученика Миколи Конрада, пресвітера, і мученика Володимира Прийми, співця, і всіх святих - помилує і спасе нас як благий і людинолюбний.",
Червень,27.06,4,чт,"🕁 Блаж. сщмч. Миколая Чарнецького і двадцяти чотирьох співмучеників; блаженного сщмч. Омеляна Ковча Прп. Сампсона, приятеля подорожніх й убогих","блаженного священномученика Миколая Чарнецького і двадцяти чотирьох співмучеників, яких сьогодні пам'ять світло звершуємо, блаженного священномученика Омеляна Ковча, преподобного отця нашого Сампсона, приятеля подорожніх й убогих,",ні,,,,"Священик: Христос, істинний Бог наш - молитвами пречистої Своєї Матері, святих славних і всехвальних апостолів, святого отця нашого Миколая, архиєпископа Мир Ликійських, чудотворця, святого отця нашого Івана Золотоустого, архиєпископа Константинополя, святого, якого є храм, блаженного священномученика Миколая Чарнецького і двадцяти чотирьох співмучеників, яких сьогодні пам'ять світло звершуємо, блаженного священномученика Омеляна Ковча, преподобного отця нашого Сампсона, приятеля подорожніх й убогих, і всіх святих - помилує і спасе нас як благий і людинолюбний.","Священик: Христос, істинний Бог наш - молитвами пречистої Своєї Матері, святих славних і всехвальних апостолів, святого отця нашого Миколая, архиєпископа Мир Ликійських, чудотворця, святого, якого є храм, блаженного священномученика Миколая Чарнецького і двадцяти чотирьох співмучеників, яких сьогодні пам'ять світло звершуємо, блаженного священномученика Омеляна Ковча, преподобного отця нашого Сампсона, приятеля подорожніх й убогих, і всіх святих - помилує і спасе нас як благий і людинолюбний.",
Червень,28.06,5,пт,🕃 Перенесення мощів свв. безср. Кира і Івана,"святих безсрібників Кира і Івана, яких перенесення мощів сьогодні пам'ять звершуємо,",ні,,,,"Священик: Христос, істинний Бог наш - молитвами пречистої Своєї Матері, силою чесного і животворчого хреста, заступництвом святих славних і всехвальних апостолів, святого отця нашого Івана Золотоустого, архиєпископа Константинополя, святого, якого є храм, святих безсрібників Кира і Івана, яких перенесення мощів сьогодні пам'ять звершуємо, і всіх святих - помилує і спасе нас як благий і людинолюбний.","Священик: Христос, істинний Бог наш - молитвами пречистої Своєї Матері, силою чесного і животворчого хреста, заступництвом святих славних і всехвальних апостолів, святого, якого є храм, святих безсрібників Кира і Івана, яких перенесення мощів сьогодні пам'ять звершуємо, і всіх святих - помилує і спасе нас як благий і людинолюбний.",
Червень,29.06,6,сб,🕀 Свв. славних і всехвальних первоверховних апп. Петра й Павла,"святих славних і всехвальних первоверховних апостолів Петра й Павла, яких сьогодні пам'ять світло звершуємо,",так,свято,,,"Священик: Христос, істинний Бог наш - молитвами пречистої Своєї Матері, святих славних і всехвальних первоверховних апостолів Петра і Павла, яких сьогодні торжественне свято світло звершуємо, святого отця нашого Івана Золотоустого, архиєпископа Константинополя, і всіх святих - помилує і спасе нас як благий і людинолюбний.","Священик: Христос, істинний Бог наш - молитвами пречистої Своєї Матері, святих славних і всехвальних первоверховних апостолів Петра і Павла, яких сьогодні торжественне свято світло звершуємо, і всіх святих - помилує і спасе нас як благий і людинолюбний.",
Червень,30.06,7,нд,Неділя 6-та по Зісланні Святого Духа. 🕂 Собор свв. славних і всехвальних дванадцяти апп. Блаж. сщмч. Василія Величковського,"собор святих славних і всехвальних дванадцяти апостолів, яких сьогодні пам'ять світло звершуємо, блаженного священномученика Василія Величковського",ні,,,,"Священик: Христос, що воскрес із мертвих, істинний Бог наш - молитвами пречистої Своєї Матері, святих славних і всехвальних апостолів, святого отця нашого Івана Золотоустого, архиєпископа Константинополя, святого, якого є храм, собор святих славних і всехвальних дванадцяти апостолів, яких сьогодні пам'ять світло звершуємо, блаженного священномученика Василія Величковського і всіх святих - помилує і спасе нас як благий і людинолюбний.","Священик: Христос, що воскрес із мертвих, істинний Бог наш - молитвами пречистої Своєї Матері, святих славних і всехвальних апостолів, святого, якого є храм, собор святих славних і всехвальних дванадцяти апостолів, яких сьогодні пам'ять світло звершуємо, блаженного священномученика Василія Величковського і всіх святих - помилує і спасе нас як благий і людинолюбний.",
Липень,01.07,1,пн,Тиждень 7-ий по Зісланні Святого Духа. 🕃 Свв. безср. і чудотв. Косми й Дам’яна,"святих безсрібників і чудотворців Косми й Дам’яна,",ні,,,,"Священик: Христос, істинний Бог наш - молитвами пречистої Своєї Матері, заступництвом чесних небесних сил безтілесних, святих славних і всехвальних апостолів, святого отця нашого Івана Золотоустого, архиєпископа Константинополя, святого, якого є храм, святих безсрібників і чудотворців Косми й Дам’яна, і всіх святих - помилує і спасе нас як благий і людинолюбний.","Священик: Христос, істинний Бог наш - молитвами пречистої Своєї Матері, заступництвом чесних небесних сил безтілесних, святих славних і всехвальних апостолів, святого, якого є храм, святих безсрібників і чудотворців Косми й Дам’яна, і всіх святих - помилує і спасе нас як благий і людинолюбний.",
Липень,02.07,2,вт,🕂 Положення чесної ризи Пресвятої Владичиці нашої Богородиці у Влахерні,,ні,,,,"Священик: Христос, істинний Бог наш - молитвами пречистої Своєї Матері, Пресвятої Владичиці нашої Богородиці, якої положення чесної ризи у Влахерні сьогодні пам'ять творимо, чесного і славного пророка, предтечі і хрестителя Івана, святих славних і всехвальних апостолів, святого отця нашого Івана Золотоустого, архиєпископа Константинополя, святого, якого є храм, і всіх святих - помилує і спасе нас як благий і людинолюбний.","Священик: Христос, істинний Бог наш - молитвами пречистої Своєї Матері, Пресвятої Владичиці нашої Богородиці, якої положення чесної ризи у Влахерні сьогодні пам'ять творимо, чесного і славного пророка, предтечі і хрестителя Івана, святих славних і всехвальних апостолів, святого, якого є храм, і всіх святих - помилує і спасе нас як благий і людинолюбний.",
Липень,03.07,3,ср,Св. мч. Якинта,святого мученика Якинта,ні,,,,"Священик: Христос, істинний Бог наш - молитвами пречистої Своєї Матері, силою чесного і животворчого хреста, заступництвом святих славних і всехвальних апостолів, святого отця нашого Івана Золотоустого, архиєпископа Константинополя, святого, якого є храм, святого мученика Якинта і всіх святих - помилує і спасе нас як благий і людинолюбний.","Священик: Христос, істинний Бог наш - молитвами пречистої Своєї Матері, силою чесного і животворчого хреста, заступництвом святих славних і всехвальних апостолів, святого, якого є храм, святого мученика Якинта і всіх святих - помилує і спасе нас як благий і людинолюбний.",
Липень,04.07,4,чт,"Св. Андрія, аєп. Критського, єрусалимлянина Прп. Марти, матері св. Симеона Дивногорця","святого отця нашого Андрія, архиєпископа Критського, єрусалимлянина, преподобної Марти, матері святого Симеона Дивногорця,",ні,,,,"Священик: Христос, істинний Бог наш - молитвами пречистої Своєї Матері, святих славних і всехвальних апостолів, святого отця нашого Миколая, архиєпископа Мир Ликійських, чудотворця, святого отця нашого Івана Золотоустого, архиєпископа Константинополя, святого, якого є храм, святого отця нашого Андрія, архиєпископа Критського, єрусалимлянина, преподобної Марти, матері святого Симеона Дивногорця, і всіх святих - помилує і спасе нас як благий і людинолюбний.","Священик: Христос, істинний Бог наш - молитвами пречистої Своєї Матері, святих славних і всехвальних апостолів, святого отця нашого Миколая, архиєпископа Мир Ликійських, чудотворця, святого, якого є храм, святого отця нашого Андрія, архиєпископа Критського, єрусалимлянина, преподобної Марти, матері святого Симеона Дивногорця, і всіх святих - помилує і спасе нас як благий і людинолюбний.",
Липень,05.07,5,пт,🕂 Прп. Атанасія Афонського,"преподобного отця нашого Атанасія Афонського, якого сьогодні пам'ять світло звершуємо,",ні,,,,"Священик: Христос, істинний Бог наш - молитвами пречистої Своєї Матері, силою чесного і животворчого хреста, заступництвом святих славних і всехвальних апостолів, святого отця нашого Івана Золотоустого, архиєпископа Константинополя, святого, якого є храм, преподобного отця нашого Атанасія Афонського, якого сьогодні пам'ять світло звершуємо, і всіх святих - помилує і спасе нас як благий і людинолюбний.","Священик: Христос, істинний Бог наш - молитвами пречистої Своєї Матері, силою чесного і животворчого хреста, заступництвом святих славних і всехвальних апостолів, святого, якого є храм, преподобного отця нашого Атанасія Афонського, якого сьогодні пам'ять світло звершуємо, і всіх святих - помилує і спасе нас як благий і людинолюбний.",
Липень,06.07,6,сб,Прп. Сисоя Великого,преподобного отця нашого Сисоя Великого,ні,,,,"Священик: Христос, істинний Бог наш - молитвами пречистої Своєї Матері, силою чесного і животворчого Хреста, заступництвом чесних небесних сил безтілесних, чесного і славного пророка, предтечі і хрестителя Йоана, святих славних і всехвальних апостолів, святого отця нашого Миколая, архиєпископа Мир Ликійських, чудотворця, святих славних і переможних мучеників, преподобних і богоносних отців наших, святого отця нашого Івана Золотоустого, архиєпископа Константинополя, святих і праведних богоотців Йоакима й Анни, святого, якого є храм, преподобного отця нашого Сисоя Великого і всіх святих - помилує і спасе нас як благий і людинолюбний.","Священик: Христос, істинний Бог наш - молитвами пречистої Своєї Матері, силою чесного і животворчого Хреста, заступництвом чесних небесних сил безтілесних, чесного і славного пророка, предтечі і хрестителя Йоана, святих славних і всехвальних апостолів, святого отця нашого Миколая, архиєпископа Мир Ликійських, чудотворця, святих славних і переможних мучеників, преподобних і богоносних отців наших, святих і праведних богоотців Йоакима й Анни, святого, якого є храм, преподобного отця нашого Сисоя Великого і всіх святих - помилує і спасе нас як благий і людинолюбний.",
Липень,07.07,7,нд,"Неділя 7-ма по Зісланні Святого Духа. Матері Божої Неустанної Помочі. Прпп. Томи, що в Малеї, і Акакія, про якого згадує «Ліствиця»","преподобних отців наших Томи, що в Малеї, і Акакія, про якого згадує «Ліствиця»,",ні,,,,"Священик: Христос, що воскрес із мертвих, істинний Бог наш - молитвами пречистої Своєї Матері, святих славних і всехвальних апостолів, святого отця нашого Івана Золотоустого, архиєпископа Константинополя, святого, якого є храм, преподобних отців наших Томи, що в Малеї, і Акакія, про якого згадує «Ліствиця», і всіх святих - помилує і спасе нас як благий і людинолюбний.","Священик: Христос, що воскрес із мертвих, істинний Бог наш - молитвами пречистої Своєї Матері, святих славних і всехвальних апостолів, святого, якого є храм, преподобних отців наших Томи, що в Малеї, і Акакія, про якого згадує «Ліствиця», і всіх святих - помилує і спасе нас як благий і людинолюбний.",
Липень,08.07,1,пн,Тиждень 8-ий по Зісланні Святого Духа. 🕃 Св. вмч. Прокопія,святого великомученика Прокопія,ні,,,,"Священик: Христос, істинний Бог наш - молитвами пречистої Своєї Матері, заступництвом чесних небесних сил безтілесних, святих славних і всехвальних апостолів, святого отця нашого Івана Золотоустого, архиєпископа Константинополя, святого, якого є храм, святого великомученика Прокопія і всіх святих - помилує і спасе нас як благий і людинолюбний.","Священик: Христос, істинний Бог наш - молитвами пречистої Своєї Матері, заступництвом чесних небесних сил безтілесних, святих славних і всехвальних апостолів, святого, якого є храм, святого великомученика Прокопія і всіх святих - помилує і спасе нас як благий і людинолюбний.",
Липень,09.07,2,вт,"Св. сщмч. Панкратія, єп. Тавроменійського","святого священномученика Панкратія, єпископа Тавроменійського,",ні,,,,"Священик: Христос, істинний Бог наш - молитвами пречистої Своєї Матері, чесного і славного пророка, предтечі і хрестителя Івана, святих славних і всехвальних апостолів, святого отця нашого Івана Золотоустого, архиєпископа Константинополя, святого, якого є храм, святого священномученика Панкратія, єпископа Тавроменійського, і всіх святих - помилує і спасе нас як благий і людинолюбний.","Священик: Христос, істинний Бог наш - молитвами пречистої Своєї Матері, чесного і славного пророка, предтечі і хрестителя Івана, святих славних і всехвальних апостолів, святого, якого є храм, святого священномученика Панкратія, єпископа Тавроменійського, і всіх святих - помилує і спасе нас як благий і людинолюбний.",
Липень,10.07,3,ср,"🕂 Прп. Антонія Печерського, Київського Свв. сорока п’ятьох мчч., що в Нікополі Вірменському Свв. братів-мчч. Франциска, Мутія і Рафаїла і тих, що з ними вбиті в Дамаску","преподобного отця нашого Антонія Печерського, Київського, якого сьогодні пам'ять світло звершуємо, святих сорока п’ятьох мучеників, що в Нікополі Вірменському, святих братів-мучеників Франциска, Мутія і Рафаїла і тих, що з ними вбиті в Дамаску",ні,,,,"Священик: Христос, істинний Бог наш - молитвами пречистої Своєї Матері, силою чесного і животворчого хреста, заступництвом святих славних і всехвальних апостолів, святого отця нашого Івана Золотоустого, архиєпископа Константинополя, святого, якого є храм, преподобного отця нашого Антонія Печерського, Київського, якого сьогодні пам'ять світло звершуємо, святих сорока п’ятьох мучеників, що в Нікополі Вірменському, святих братів-мучеників Франциска, Мутія і Рафаїла і тих, що з ними вбиті в Дамаску і всіх святих - помилує і спасе нас як благий і людинолюбний.","Священик: Христос, істинний Бог наш - молитвами пречистої Своєї Матері, силою чесного і животворчого хреста, заступництвом святих славних і всехвальних апостолів, святого, якого є храм, преподобного отця нашого Антонія Печерського, Київського, якого сьогодні пам'ять світло звершуємо, святих сорока п’ятьох мучеників, що в Нікополі Вірменському, святих братів-мучеників Франциска, Мутія і Рафаїла і тих, що з ними вбиті в Дамаску і всіх святих - помилує і спасе нас як благий і людинолюбний.",
Липень,11.07,4,чт,"🕂 Переставл. блаж. Ольги, княгині Київської, у хрещенні названої Оленою 🕃 Св. мц. і прехвальної Євфимії","переставлення блаженної Ольги, княгині Київської, у хрещенні названої Оленою, якої сьогодні пам'ять світло звершуємо, святої мучениці і прехвальної Євфимії,",ні,,,,"Священик: Христос, істинний Бог наш - молитвами пречистої Своєї Матері, святих славних і всехвальних апостолів, святого отця нашого Миколая, архиєпископа Мир Ликійських, чудотворця, святого отця нашого Івана Золотоустого, архиєпископа Константинополя, святого, якого є храм, переставлення блаженної Ольги, княгині Київської, у хрещенні названої Оленою, якої сьогодні пам'ять світло звершуємо, святої мучениці і прехвальної Євфимії, і всіх святих - помилує і спасе нас як благий і людинолюбний.","Священик: Христос, істинний Бог наш - молитвами пречистої Своєї Матері, святих славних і всехвальних апостолів, святого отця нашого Миколая, архиєпископа Мир Ликійських, чудотворця, святого, якого є храм, переставлення блаженної Ольги, княгині Київської, у хрещенні названої Оленою, якої сьогодні пам'ять світло звершуємо, святої мучениці і прехвальної Євфимії, і всіх святих - помилує і спасе нас як благий і людинолюбний.",
Липень,12.07,5,пт,Свв. мчч. Прокла й Іларія Прп. Михаїла Малеїна,"святих мучеників Прокла й Іларія, преподобного отця нашого Михаїла Малеїна",ні,,,,"Священик: Христос, істинний Бог наш - молитвами пречистої Своєї Матері, силою чесного і животворчого хреста, заступництвом святих славних і всехвальних апостолів, святого отця нашого Івана Золотоустого, архиєпископа Константинополя, святого, якого є храм, святих мучеників Прокла й Іларія, преподобного отця нашого Михаїла Малеїна і всіх святих - помилує і спасе нас як благий і людинолюбний.","Священик: Христос, істинний Бог наш - молитвами пречистої Своєї Матері, силою чесного і животворчого хреста, заступництвом святих славних і всехвальних апостолів, святого, якого є храм, святих мучеників Прокла й Іларія, преподобного отця нашого Михаїла Малеїна і всіх святих - помилує і спасе нас як благий і людинолюбний.",
Липень,13.07,6,сб,"🕃 Собор св. архангела Гавриїла Прп. Стефана Савваїта Св. Юліана, єп. Кеноманійського","собор святого архангела Гавриїла, преподобного отця нашого Стефана Савваїта, святого отця нашого Юліана, єпископа Кеноманійського",ні,,,,"Священик: Христос, істинний Бог наш - молитвами пречистої Своєї Матері, силою чесного і животворчого Хреста, заступництвом чесних небесних сил безтілесних, чесного і славного пророка, предтечі і хрестителя Йоана, святих славних і всехвальних апостолів, святого отця нашого Миколая, архиєпископа Мир Ликійських, чудотворця, святих славних і переможних мучеників, преподобних і богоносних отців наших, святого отця нашого Івана Золотоустого, архиєпископа Константинополя, святих і праведних богоотців Йоакима й Анни, святого, якого є храм, собор святого архангела Гавриїла, преподобного отця нашого Стефана Савваїта, святого отця нашого Юліана, єпископа Кеноманійського і всіх святих - помилує і спасе нас як благий і людинолюбний.","Священик: Христос, істинний Бог наш - молитвами пречистої Своєї Матері, силою чесного і животворчого Хреста, заступництвом чесних небесних сил безтілесних, чесного і славного пророка, предтечі і хрестителя Йоана, святих славних і всехвальних апостолів, святого отця нашого Миколая, архиєпископа Мир Ликійських, чудотворця, святих славних і переможних мучеників, преподобних і богоносних отців наших, святих і праведних богоотців Йоакима й Анни, святого, якого є храм, собор святого архангела Гавриїла, преподобного отця нашого Стефана Савваїта, святого отця нашого Юліана, єпископа Кеноманійського і всіх святих - помилує і спасе нас як благий і людинолюбний.",
Липень,14.07,7,нд,Неділя 8-ма по Зісланні Святого Духа. Отців шести вселенських соборів. 🕃 Св. ап. Акили,"святого апостола Акили, святих отців шести Вселенських Соборів",ні,,,,"Священик: Христос, що воскрес із мертвих, істинний Бог наш - молитвами пречистої Своєї Матері, святих славних і всехвальних апостолів, святого отця нашого Івана Золотоустого, архиєпископа Константинополя, святого, якого є храм, святого апостола Акили, святих отців шести Вселенських Соборів і всіх святих - помилує і спасе нас як благий і людинолюбний.","Священик: Христос, що воскрес із мертвих, істинний Бог наш - молитвами пречистої Своєї Матері, святих славних і всехвальних апостолів, святого, якого є храм, святого апостола Акили, святих отців шести Вселенських Соборів і всіх святих - помилує і спасе нас як благий і людинолюбний.",
Липень,15.07,1,пн,"Тиждень 9-ий по Зісланні Святого Духа. 🕁 Св. рівноап., вел. князя Володимира, у святому хрещенні названого Василієм Свв. мчч. Кирика і Юліти","святого рівноапостольного, великого князя Володимира, у святому хрещенні названого Василієм, якого сьогодні пам'ять світло звершуємо, святих мучеників Кирика і Юліти,",ні,,,,"Священик: Христос, істинний Бог наш - молитвами пречистої Своєї Матері, заступництвом чесних небесних сил безтілесних, святих славних і всехвальних апостолів, святого отця нашого Івана Золотоустого, архиєпископа Константинополя, святого, якого є храм, святого рівноапостольного, великого князя Володимира, у святому хрещенні названого Василієм, якого сьогодні пам'ять світло звершуємо, святих мучеників Кирика і Юліти, і всіх святих - помилує і спасе нас як благий і людинолюбний.","Священик: Христос, істинний Бог наш - молитвами пречистої Своєї Матері, заступництвом чесних небесних сил безтілесних, святих славних і всехвальних апостолів, святого, якого є храм, святого рівноапостольного, великого князя Володимира, у святому хрещенні названого Василієм, якого сьогодні пам'ять світло звершуємо, святих мучеників Кирика і Юліти, і всіх святих - помилує і спасе нас як благий і людинолюбний.",
Липень,16.07,2,вт,Св. сщмч. Атеногена і десятьох учнів його,"святого священномученика Атеногена і десятьох учнів його,",ні,,,,"Священик: Христос, істинний Бог наш - молитвами пречистої Своєї Матері, чесного і славного пророка, предтечі і хрестителя Івана, святих славних і всехвальних апостолів, святого отця нашого Івана Золотоустого, архиєпископа Константинополя, святого, якого є храм, святого священномученика Атеногена і десятьох учнів його, і всіх святих - помилує і спасе нас як благий і людинолюбний.","Священик: Христос, істинний Бог наш - молитвами пречистої Своєї Матері, чесного і славного пророка, предтечі і хрестителя Івана, святих славних і всехвальних апостолів, святого, якого є храм, святого священномученика Атеногена і десятьох учнів його, і всіх святих - помилує і спасе нас як благий і людинолюбний.",
Липень,17.07,3,ср,"🕃 Св. вмц. Марини Блаж. сщмч. Павла Гойдича, єп. Пряшівського","святої великомучениці Марини, блаженного священномученика Павла Гойдича, єпископа Пряшівського,",ні,,,,"Священик: Христос, істинний Бог наш - молитвами пречистої Своєї Матері, силою чесного і животворчого хреста, заступництвом святих славних і всехвальних апостолів, святого отця нашого Івана Золотоустого, архиєпископа Константинополя, святого, якого є храм, святої великомучениці Марини, блаженного священномученика Павла Гойдича, єпископа Пряшівського, і всіх святих - помилує і спасе нас як благий і людинолюбний.","Священик: Христос, істинний Бог наш - молитвами пречистої Своєї Матері, силою чесного і животворчого хреста, заступництвом святих славних і всехвальних апостолів, святого, якого є храм, святої великомучениці Марини, блаженного священномученика Павла Гойдича, єпископа Пряшівського, і всіх святих - помилує і спасе нас як благий і людинолюбний.",
Липень,18.07,4,чт,"Св. мч. Якинта, що в Амастриді Св. мч. Еміліяна Блаж. прпмц. Тарсикії Мацьків","святого мученика Якинта, що в Амастриді, святого мученика Еміліяна, блаженної преподобномучениці Тарсикії Мацьків",ні,,,,"Священик: Христос, істинний Бог наш - молитвами пречистої Своєї Матері, святих славних і всехвальних апостолів, святого отця нашого Миколая, архиєпископа Мир Ликійських, чудотворця, святого отця нашого Івана Золотоустого, архиєпископа Константинополя, святого, якого є храм, святого мученика Якинта, що в Амастриді, святого мученика Еміліяна, блаженної преподобномучениці Тарсикії Мацьків і всіх святих - помилує і спасе нас як благий і людинолюбний.","Священик: Христос, істинний Бог наш - молитвами пречистої Своєї Матері, святих славних і всехвальних апостолів, святого отця нашого Миколая, архиєпископа Мир Ликійських, чудотворця, святого, якого є храм, святого мученика Якинта, що в Амастриді, святого мученика Еміліяна, блаженної преподобномучениці Тарсикії Мацьків і всіх святих - помилує і спасе нас як благий і людинолюбний.",
Липень,19.07,5,пт,"Прп. Макрини, сестри св. Василія Великого Прп. Дія","преподобної матері нашої Макрини, сестри святого Василія Великого, преподобного отця нашого Дія",ні,,,,"Священик: Христос, істинний Бог наш - молитвами пречистої Своєї Матері, силою чесного і животворчого хреста, заступництвом святих славних і всехвальних апостолів, святого отця нашого Івана Золотоустого, архиєпископа Константинополя, святого, якого є храм, преподобної матері нашої Макрини, сестри святого Василія Великого, преподобного отця нашого Дія і всіх святих - помилує і спасе нас як благий і людинолюбний.","Священик: Христос, істинний Бог наш - молитвами пречистої Своєї Матері, силою чесного і животворчого хреста, заступництвом святих славних і всехвальних апостолів, святого, якого є храм, преподобної матері нашої Макрини, сестри святого Василія Великого, преподобного отця нашого Дія і всіх святих - помилує і спасе нас як благий і людинолюбний.",
Липень,20.07,6,сб,🕁 Св. славн. прор. Іллі,святого славного пророка Іллі,ні,,,,"Священик: Христос, істинний Бог наш - молитвами пречистої Своєї Матері, силою чесного і животворчого Хреста, заступництвом чесних небесних сил безтілесних, чесного і славного пророка, предтечі і хрестителя Йоана, святих славних і всехвальних апостолів, святого отця нашого Миколая, архиєпископа Мир Ликійських, чудотворця, святих славних і переможних мучеників, преподобних і богоносних отців наших, святого отця нашого Івана Золотоустого, архиєпископа Константинополя, святих і праведних богоотців Йоакима й Анни, святого, якого є храм, святого славного пророка Іллі і всіх святих - помилує і спасе нас як благий і людинолюбний.","Священик: Христос, істинний Бог наш - молитвами пречистої Своєї Матері, силою чесного і животворчого Хреста, заступництвом чесних небесних сил безтілесних, чесного і славного пророка, предтечі і хрестителя Йоана, святих славних і всехвальних апостолів, святого отця нашого Миколая, архиєпископа Мир Ликійських, чудотворця, святих славних і переможних мучеників, преподобних і богоносних отців наших, святих і праведних богоотців Йоакима й Анни, святого, якого є храм, святого славного пророка Іллі і всіх святих - помилує і спасе нас як благий і людинолюбний.",
Липень,21.07,7,нд,"Неділя 9-та по Зісланні Святого Духа. Прпп. Симеона, Христа ради юродивого, та Івана, співпосника його Св. прор. Єзекиїла","преподобних отців наших Симеона, Христа ради юродивого, та Івана, співпосника його, святого пророка Єзекиїла",ні,,,,"Священик: Христос, що воскрес із мертвих, істинний Бог наш - молитвами пречистої Своєї Матері, святих славних і всехвальних апостолів, святого отця нашого Івана Золотоустого, архиєпископа Константинополя, святого, якого є храм, преподобних отців наших Симеона, Христа ради юродивого, та Івана, співпосника його, святого пророка Єзекиїла і всіх святих - помилує і спасе нас як благий і людинолюбний.","Священик: Христос, що воскрес із мертвих, істинний Бог наш - молитвами пречистої Своєї Матері, святих славних і всехвальних апостолів, святого, якого є храм, преподобних отців наших Симеона, Христа ради юродивого, та Івана, співпосника його, святого пророка Єзекиїла і всіх святих - помилує і спасе нас як благий і людинолюбний.",
Липень,22.07,1,пн,Тиждень 10-ий по Зісланні Святого Духа. 🕃 Св. мироносиці й рівноап. Марії Магдалини Повернення мощів св. сщмч. Фоки,"святої мироносиці й рівноапостольної Марії Магдалини, повернення мощів святого священномученика Фоки",ні,,,,"Священик: Христос, істинний Бог наш - молитвами пречистої Своєї Матері, заступництвом чесних небесних сил безтілесних, святих славних і всехвальних апостолів, святого отця нашого Івана Золотоустого, архиєпископа Константинополя, святого, якого є храм, святої мироносиці й рівноапостольної Марії Магдалини, повернення мощів святого священномученика Фоки і всіх святих - помилує і спасе нас як благий і людинолюбний.","Священик: Христос, істинний Бог наш - молитвами пречистої Своєї Матері, заступництвом чесних небесних сил безтілесних, святих славних і всехвальних апостолів, святого, якого є храм, святої мироносиці й рівноапостольної Марії Магдалини, повернення мощів святого священномученика Фоки і всіх святих - помилує і спасе нас як благий і людинолюбний.",
Липень,23.07,2,вт,"Свв. мчч. Трофима, Теофіла і тих, що з ними Блаж. сщмч. Василія Гопка, єп.","святих мучеників Трофима, Теофіла і тих, що з ними, блаженного священномученика Василія Гопка, єпископа",ні,,,,"Священик: Христос, істинний Бог наш - молитвами пречистої Своєї Матері, чесного і славного пророка, предтечі і хрестителя Івана, святих славних і всехвальних апостолів, святого отця нашого Івана Золотоустого, архиєпископа Константинополя, святого, якого є храм, святих мучеників Трофима, Теофіла і тих, що з ними, блаженного священномученика Василія Гопка, єпископа і всіх святих - помилує і спасе нас як благий і людинолюбний.","Священик: Христос, істинний Бог наш - молитвами пречистої Своєї Матері, чесного і славного пророка, предтечі і хрестителя Івана, святих славних і всехвальних апостолів, святого, якого є храм, святих мучеників Трофима, Теофіла і тих, що з ними, блаженного священномученика Василія Гопка, єпископа і всіх святих - помилує і спасе нас як благий і людинолюбний.",
Липень,24.07,3,ср,"🕂 Свв. мчч. Бориса і Гліба, у святому хрещенні названих Романом і Давидом 🕃 Св. вмц. Христини Прп. Шарбеля","святих мучеників Бориса і Гліба, у святому хрещенні названих Романом і Давидом, яких сьогодні пам'ять світло звершуємо, святої великомучениці Христини, преподобного отця нашого Шарбеля",ні,,,,"Священик: Христос, істинний Бог наш - молитвами пречистої Своєї Матері, силою чесного і животворчого хреста, заступництвом святих славних і всехвальних апостолів, святого отця нашого Івана Золотоустого, архиєпископа Константинополя, святого, якого є храм, святих мучеників Бориса і Гліба, у святому хрещенні названих Романом і Давидом, яких сьогодні пам'ять світло звершуємо, святої великомучениці Христини, преподобного отця нашого Шарбеля і всіх святих - помилує і спасе нас як благий і людинолюбний.","Священик: Христос, істинний Бог наш - молитвами пречистої Своєї Матері, силою чесного і животворчого хреста, заступництвом святих славних і всехвальних апостолів, святого, якого є храм, святих мучеників Бориса і Гліба, у святому хрещенні названих Романом і Давидом, яких сьогодні пам'ять світло звершуємо, святої великомучениці Христини, преподобного отця нашого Шарбеля і всіх святих - помилує і спасе нас як благий і людинолюбний.",
Липень,25.07,4,чт,"🕂 Успіння св. Анни, матері Пресвятої Богородиці Пам’ять свв. жінок Олімпіади і Євпраксії","успіння святої Анни, матері Пресвятої Богородиці, якої сьогодні пам'ять світло звершуємо, пам’ять святих жінок Олімпіади і Євпраксії,",ні,,,,"Священик: Христос, істинний Бог наш - молитвами пречистої Своєї Матері, святих славних і всехвальних апостолів, святого отця нашого Миколая, архиєпископа Мир Ликійських, чудотворця, святого отця нашого Івана Золотоустого, архиєпископа Константинополя, святого, якого є храм, успіння святої Анни, матері Пресвятої Богородиці, якої сьогодні пам'ять світло звершуємо, пам’ять святих жінок Олімпіади і Євпраксії, і всіх святих - помилує і спасе нас як благий і людинолюбний.","Священик: Христос, істинний Бог наш - молитвами пречистої Своєї Матері, святих славних і всехвальних апостолів, святого отця нашого Миколая, архиєпископа Мир Ликійських, чудотворця, святого, якого є храм, успіння святої Анни, матері Пресвятої Богородиці, якої сьогодні пам'ять світло звершуємо, пам’ять святих жінок Олімпіади і Євпраксії, і всіх святих - помилує і спасе нас як благий і людинолюбний.",
Липень,26.07,5,пт,"Св. сщмч. Єрмолая і тих, що з ним Св. прпмц. Параскеви","святого священномученика Єрмолая і тих, що з ним, святої преподобномучениці Параскеви",ні,,,,"Священик: Христос, істинний Бог наш - молитвами пречистої Своєї Матері, силою чесного і животворчого хреста, заступництвом святих славних і всехвальних апостолів, святого отця нашого Івана Золотоустого, архиєпископа Константинополя, святого, якого є храм, святого священномученика Єрмолая і тих, що з ним, святої преподобномучениці Параскеви і всіх святих - помилує і спасе нас як благий і людинолюбний.","Священик: Христос, істинний Бог наш - молитвами пречистої Своєї Матері, силою чесного і животворчого хреста, заступництвом святих славних і всехвальних апостолів, святого, якого є храм, святого священномученика Єрмолая і тих, що з ним, святої преподобномучениці Параскеви і всіх святих - помилує і спасе нас як благий і людинолюбний.",
Липень,27.07,6,сб,"🕂 Св. вмч. й цілителя Пантелеймона Св. Климента, аєп. Охридського, чудотв.","святого великомученика й цілителя Пантелеймона, якого сьогодні пам'ять світло звершуємо, святого отця нашого Климента, архиєпископа Охридського, чудотворця,",ні,,,,"Священик: Христос, істинний Бог наш - молитвами пречистої Своєї Матері, силою чесного і животворчого Хреста, заступництвом чесних небесних сил безтілесних, чесного і славного пророка, предтечі і хрестителя Йоана, святих славних і всехвальних апостолів, святого отця нашого Миколая, архиєпископа Мир Ликійських, чудотворця, святих славних і переможних мучеників, преподобних і богоносних отців наших, святого отця нашого Івана Золотоустого, архиєпископа Константинополя, святих і праведних богоотців Йоакима й Анни, святого, якого є храм, святого великомученика й цілителя Пантелеймона, якого сьогодні пам'ять світло звершуємо, святого отця нашого Климента, архиєпископа Охридського, чудотворця, і всіх святих - помилує і спасе нас як благий і людинолюбний.","Священик: Христос, істинний Бог наш - молитвами пречистої Своєї Матері, силою чесного і животворчого Хреста, заступництвом чесних небесних сил безтілесних, чесного і славного пророка, предтечі і хрестителя Йоана, святих славних і всехвальних апостолів, святого отця нашого Миколая, архиєпископа Мир Ликійських, чудотворця, святих славних і переможних мучеників, преподобних і богоносних отців наших, святих і праведних богоотців Йоакима й Анни, святого, якого є храм, святого великомученика й цілителя Пантелеймона, якого сьогодні пам'ять світло звершуємо, святого отця нашого Климента, архиєпископа Охридського, чудотворця, і всіх святих - помилує і спасе нас як благий і людинолюбний.",
Липень,28.07,7,нд,"Неділя 10-та по Зісланні Святого Духа. Свв. апп. і дияконів Прохора, Никанора, Тимона й Пармена","святих апостолів і дияконів Прохора, Никанора, Тимона й Пармена,",ні,,,,"Священик: Христос, що воскрес із мертвих, істинний Бог наш - молитвами пречистої Своєї Матері, святих славних і всехвальних апостолів, святого отця нашого Івана Золотоустого, архиєпископа Константинополя, святого, якого є храм, святих апостолів і дияконів Прохора, Никанора, Тимона й Пармена, і всіх святих - помилує і спасе нас як благий і людинолюбний.","Священик: Христос, що воскрес із мертвих, істинний Бог наш - молитвами пречистої Своєї Матері, святих славних і всехвальних апостолів, святого, якого є храм, святих апостолів і дияконів Прохора, Никанора, Тимона й Пармена, і всіх святих - помилує і спасе нас як благий і людинолюбний.",
Липень,29.07,1,пн,Тиждень 11-ий по Зісланні Святого Духа. Св. мч. Каленика,святого мученика Каленика,ні,,,,"Священик: Христос, істинний Бог наш - молитвами пречистої Своєї Матері, заступництвом чесних небесних сил безтілесних, святих славних і всехвальних апостолів, святого отця нашого Івана Золотоустого, архиєпископа Константинополя, святого, якого є храм, святого мученика Каленика і всіх святих - помилує і спасе нас як благий і людинолюбний.","Священик: Христос, істинний Бог наш - молитвами пречистої Своєї Матері, заступництвом чесних небесних сил безтілесних, святих славних і всехвальних апостолів, святого, якого є храм, святого мученика Каленика і всіх святих - помилує і спасе нас як благий і людинолюбний.",
Липень,30.07,2,вт,"Свв. апп. Сили й Силуана і тих, що з ними","святих апостолів Сили й Силуана і тих, що з ними,",ні,,,,"Священик: Христос, істинний Бог наш - молитвами пречистої Своєї Матері, чесного і славного пророка, предтечі і хрестителя Івана, святих славних і всехвальних апостолів, святого отця нашого Івана Золотоустого, архиєпископа Константинополя, святого, якого є храм, святих апостолів Сили й Силуана і тих, що з ними, і всіх святих - помилує і спасе нас як благий і людинолюбний.","Священик: Христос, істинний Бог наш - молитвами пречистої Своєї Матері, чесного і славного пророка, предтечі і хрестителя Івана, святих славних і всехвальних апостолів, святого, якого є храм, святих апостолів Сили й Силуана і тих, що з ними, і всіх святих - помилує і спасе нас як благий і людинолюбний.",
Липень,31.07,3,ср,🕃 Передсвяття походу з чесним і животворним Хрестом Господнім Св. і прав. Євдокима,"святого і праведного Євдокима,",ні,,,,"Священик: Христос, істинний Бог наш - молитвами пречистої Своєї Матері, силою чесного і животворчого хреста, заступництвом святих славних і всехвальних апостолів, святого отця нашого Івана Золотоустого, архиєпископа Константинополя, святого, якого є храм, святого і праведного Євдокима, і всіх святих - помилує і спасе нас як благий і людинолюбний.","Священик: Христос, істинний Бог наш - молитвами пречистої Своєї Матері, силою чесного і животворчого хреста, заступництвом святих славних і всехвальних апостолів, святого, якого є храм, святого і праведного Євдокима, і всіх святих - помилує і спасе нас як благий і людинолюбний.",
Серпень,01.08,4,чт,"🕃 Похід із чесним Деревом чесного і животворного Хреста Свв. сімох мчч. Макавеїв, і матері їх Соломії, і старця Єлеазара Прп. Альфонса Лігуорі Початок Успенського посту</em>","силою чесного і животворчого Xреста, походу з чесним Деревом якого сьогодні пам'ять звершуємо, святих сімох мучеників Макавеїв, і матері їх Соломії, і старця Єлеазара, преподобного отця нашого Альфонса Лігуорі",так,свято,,,"Священик: Христос, істинний Бог наш - молитвами пречистої Своєї Матері, силою чесного і животворчого Xреста, що з його чесним Древом походу сьогодні пам'ять звершуємо, святих славних і всехвальних апостолів, святого отця нашого Івана Золотоустого, архиєпископа Константинополя, святого, якого є храм, святих сімох мучеників Макавеїв, і матері їх Соломії, і старця Єлеазара, преподобного отця нашого Альфонса Лігуорі, і всіх святих - помилує і спасе нас як благий і людинолюбний.","Священик: Христос, істинний Бог наш - молитвами пречистої Своєї Матері, силою чесного і животворчого Xреста, що з його чесним Древом походу сьогодні пам'ять звершуємо, святих славних і всехвальних апостолів, святого, якого є храм, святих сімох мучеників Макавеїв, і матері їх Соломії, і старця Єлеазара, преподобного отця нашого Альфонса Лігуорі, і всіх святих - помилує і спасе нас як благий і людинолюбний.","Христос, істинний Бог наш - молитвами пречистої Своєї Матері, силою чесного і животворчого Xреста, що з його чесним Древом походу сьогодні пам'ять звершуємо, святих славних і всехвальних апостолів, святого отця нашого Івана Золотоустого, архиєпископа Константинополя, святого, якого є храм, святих сімох мучеників Макавеїв, і матері їх Соломії, і старця Єлеазара, преподобного отця нашого Альфонса Лігуорі,"
Серпень,02.08,5,пт,🕃 Перенесення мощів св. первмч. й архдияк. Стефана,"святого первомученика й архидиякона Стефана, якого перенесення мощів сьогодні пам'ять звершуємо,",ні,,,,"Священик: Христос, істинний Бог наш - молитвами пречистої Своєї Матері, силою чесного і животворчого хреста, заступництвом святих славних і всехвальних апостолів, святого отця нашого Івана Золотоустого, архиєпископа Константинополя, святого, якого є храм, святого первомученика й архидиякона Стефана, якого перенесення мощів сьогодні пам'ять звершуємо, і всіх святих - помилує і спасе нас як благий і людинолюбний.","Священик: Христос, істинний Бог наш - молитвами пречистої Своєї Матері, силою чесного і животворчого хреста, заступництвом святих славних і всехвальних апостолів, святого, якого є храм, святого первомученика й архидиякона Стефана, якого перенесення мощів сьогодні пам'ять звершуємо, і всіх святих - помилує і спасе нас як благий і людинолюбний.",
Серпень,03.08,6,сб,"Прпп. Ісаакія, Далмата й Фавста","преподобних отців наших Ісаакія, Далмата й Фавста,",ні,,,,"Священик: Христос, істинний Бог наш - молитвами пречистої Своєї Матері, силою чесного і животворчого Хреста, заступництвом чесних небесних сил безтілесних, чесного і славного пророка, предтечі і хрестителя Йоана, святих славних і всехвальних апостолів, святого отця нашого Миколая, архиєпископа Мир Ликійських, чудотворця, святих славних і переможних мучеників, преподобних і богоносних отців наших, святого отця нашого Івана Золотоустого, архиєпископа Константинополя, святих і праведних богоотців Йоакима й Анни, святого, якого є храм, преподобних отців наших Ісаакія, Далмата й Фавста, і всіх святих - помилує і спасе нас як благий і людинолюбний.","Священик: Христос, істинний Бог наш - молитвами пречистої Своєї Матері, силою чесного і животворчого Хреста, заступництвом чесних небесних сил безтілесних, чесного і славного пророка, предтечі і хрестителя Йоана, святих славних і всехвальних апостолів, святого отця нашого Миколая, архиєпископа Мир Ликійських, чудотворця, святих славних і переможних мучеників, преподобних і богоносних отців наших, святих і праведних богоотців Йоакима й Анни, святого, якого є храм, преподобних отців наших Ісаакія, Далмата й Фавста, і всіх святих - помилує і спасе нас як благий і людинолюбний.",
Серпень,04.08,7,нд,"Неділя 6-та по Зісланні Святого Духа. Свв. сімох отроків, що в Ефесі Св. прпмц. Євдокії","святих сімох отроків, що в Ефесі, святої преподобномучениці Євдокії",ні,,,,"Священик: Христос, що воскрес із мертвих, істинний Бог наш - молитвами пречистої Своєї Матері, святих славних і всехвальних апостолів, святого отця нашого Івана Золотоустого, архиєпископа Константинополя, святого, якого є храм, святих сімох отроків, що в Ефесі, святої преподобномучениці Євдокії і всіх святих - помилує і спасе нас як благий і людинолюбний.","Священик: Христос, що воскрес із мертвих, істинний Бог наш - молитвами пречистої Своєї Матері, святих славних і всехвальних апостолів, святого, якого є храм, святих сімох отроків, що в Ефесі, святої преподобномучениці Євдокії і всіх святих - помилує і спасе нас як благий і людинолюбний.",
Серпень,05.08,1,пн,Тиждень 7-ий по Зісланні Святого Духа. 🕃 Передсвяття Переображення Господа нашого Ісуса Христа Св. мч. Євсигнія,святого мученика Євсигнія,ні,,,,"Священик: Христос, істинний Бог наш - молитвами пречистої Своєї Матері, заступництвом чесних небесних сил безтілесних, святих славних і всехвальних апостолів, святого отця нашого Івана Золотоустого, архиєпископа Константинополя, святого, якого є храм, святого мученика Євсигнія і всіх святих - помилує і спасе нас як благий і людинолюбний.","Священик: Христос, істинний Бог наш - молитвами пречистої Своєї Матері, заступництвом чесних небесних сил безтілесних, святих славних і всехвальних апостолів, святого, якого є храм, святого мученика Євсигнія і всіх святих - помилує і спасе нас як благий і людинолюбний.",
Серпень,06.08,2,вв,🕀 Святе Переображення Господа Бога і Спаса нашого Ісуса Христа,святе Переображення Господа Бога і Спаса нашого Ісуса Христа,так,свято,,,"Священик: Христос, істинний Бог наш, що на горі Таворській у славі переобразився перед святими Своїми учнями й апостолами - молитвами пречистої Своєї Матері, святих славних і всехвальних апостолів, святого отця нашого Івана Золотоустого, архиєпископа Константинополя, і всіх святих - помилує і спасе нас як благий і людинолюбний.","Священик: Христос, істинний Бог наш, що на горі Таворській у славі переобразився перед святими Своїми учнями й апостолами - молитвами пречистої Своєї Матері, святих славних і всехвальних апостолів, і всіх святих - помилує і спасе нас як благий і людинолюбний.","Христос, істинний Бог наш, що на горі Таворській у славі переобразився перед святими Своїми учнями й апостолами - молитвами пречистої Своєї Матері, святих славних і всехвальних апостолів, святого отця нашого Івана Золотоустого, архиєпископа Константинополя,"
Серпень,07.08,3,ср,Св. прпмч. Дометія,святого преподобномученика Дометія,так,посвяття,,,"Священик: Христос, істинний Бог наш, що на горі Таворській у славі переобразився перед святими Своїми учнями й апостолами - молитвами пречистої Своєї Матері, святих славних і всехвальних апостолів, святого отця нашого Івана Золотоустого, архиєпископа Константинополя, святого преподобномученика Дометія і всіх святих - помилує і спасе нас як благий і людинолюбний.","Священик: Христос, істинний Бог наш, що на горі Таворській у славі переобразився перед святими Своїми учнями й апостолами - молитвами пречистої Своєї Матері, святих славних і всехвальних апостолів, святого преподобномученика Дометія і всіх святих - помилує і спасе нас як благий і людинолюбний.","Христос, істинний Бог наш, що на горі Таворській у славі переобразився перед святими Своїми учнями й апостолами - молитвами пречистої Своєї Матері, святих славних і всехвальних апостолів, святого отця нашого Івана Золотоустого, архиєпископа Константинополя, "
Серпень,08.08,4,чт,"Св. Еміліяна, ісп., єп. Кизицького","святого Еміліяна, ісповідника, єпископа Кизицького,",так,посвяття,,,"Священик: Христос, істинний Бог наш, що на горі Таворській у славі переобразився перед святими Своїми учнями й апостолами - молитвами пречистої Своєї Матері, святих славних і всехвальних апостолів, святого отця нашого Івана Золотоустого, архиєпископа Константинополя, святого Еміліяна, ісповідника, єпископа Кизицького, і всіх святих - помилує і спасе нас як благий і людинолюбний.","Священик: Христос, істинний Бог наш, що на горі Таворській у славі переобразився перед святими Своїми учнями й апостолами - молитвами пречистої Своєї Матері, святих славних і всехвальних апостолів, святого Еміліяна, ісповідника, єпископа Кизицького, і всіх святих - помилує і спасе нас як благий і людинолюбний.","Христос, істинний Бог наш, що на горі Таворській у славі переобразився перед святими Своїми учнями й апостолами - молитвами пречистої Своєї Матері, святих славних і всехвальних апостолів, святого отця нашого Івана Золотоустого, архиєпископа Константинополя, "
Серпень,09.08,5,пт,🕂 Св. ап. Матія,святого апостола Матія,так,посвяття,,,"Священик: Христос, істинний Бог наш, що на горі Таворській у славі переобразився перед святими Своїми учнями й апостолами - молитвами пречистої Своєї Матері, святих славних і всехвальних апостолів, святого отця нашого Івана Золотоустого, архиєпископа Константинополя, святого апостола Матія і всіх святих - помилує і спасе нас як благий і людинолюбний.","Священик: Христос, істинний Бог наш, що на горі Таворській у славі переобразився перед святими Своїми учнями й апостолами - молитвами пречистої Своєї Матері, святих славних і всехвальних апостолів, святого апостола Матія і всіх святих - помилує і спасе нас як благий і людинолюбний.","Христос, істинний Бог наш, що на горі Таворській у славі переобразився перед святими Своїми учнями й апостолами - молитвами пречистої Своєї Матері, святих славних і всехвальних апостолів, святого отця нашого Івана Золотоустого, архиєпископа Константинополя, "
Серпень,10.08,6,сб,Св. мч. й архдияк. Лаврентія,святого мученика й архидиякона Лаврентія,так,посвяття,,,"Священик: Христос, істинний Бог наш, що на горі Таворській у славі переобразився перед святими Своїми учнями й апостолами - молитвами пречистої Своєї Матері, святих славних і всехвальних апостолів, святого отця нашого Івана Золотоустого, архиєпископа Константинополя, святого мученика й архидиякона Лаврентія і всіх святих - помилує і спасе нас як благий і людинолюбний.","Священик: Христос, істинний Бог наш, що на горі Таворській у славі переобразився перед святими Своїми учнями й апостолами - молитвами пречистої Своєї Матері, святих славних і всехвальних апостолів, святого мученика й архидиякона Лаврентія і всіх святих - помилує і спасе нас як благий і людинолюбний.","Христос, істинний Бог наш, що на горі Таворській у славі переобразився перед святими Своїми учнями й апостолами - молитвами пречистої Своєї Матері, святих славних і всехвальних апостолів, святого отця нашого Івана Золотоустого, архиєпископа Константинополя, "
Серпень,11.08,7,нд,Неділя 7-ма по Зісланні Святого Духа. Св. мч. й архдияк. Євпла,святого мученика й архидиякона Євпла,так,посвяття,,,"Священик: Христос, що воскрес із мертвих, істинний Бог наш - молитвами пречистої Своєї Матері, святих славних і всехвальних апостолів, святого отця нашого Івана Золотоустого, архиєпископа Константинополя, святого, якого є храм, святого мученика й архидиякона Євпла і всіх святих - помилує і спасе нас як благий і людинолюбний.","Священик: Христос, що воскрес із мертвих, істинний Бог наш - молитвами пречистої Своєї Матері, святих славних і всехвальних апостолів, святого, якого є храм, святого мученика й архидиякона Євпла і всіх святих - помилує і спасе нас як благий і людинолюбний.","Христос, істинний Бог наш, що на горі Таворській у славі переобразився перед святими Своїми учнями й апостолами - молитвами пречистої Своєї Матері, святих славних і всехвальних апостолів, святого отця нашого Івана Золотоустого, архиєпископа Константинополя, "
Серпень,12.08,1,пн,Тиждень 8-ий по Зісланні Святого Духа. Свв. мчч. Фотія й Аникити,"святих мучеників Фотія й Аникити,",так,посвяття,,,"Священик: Христос, істинний Бог наш, що на горі Таворській у славі переобразився перед святими Своїми учнями й апостолами - молитвами пречистої Своєї Матері, святих славних і всехвальних апостолів, святого отця нашого Івана Золотоустого, архиєпископа Константинополя, святих мучеників Фотія й Аникити, і всіх святих - помилує і спасе нас як благий і людинолюбний.","Священик: Христос, істинний Бог наш, що на горі Таворській у славі переобразився перед святими Своїми учнями й апостолами - молитвами пречистої Своєї Матері, святих славних і всехвальних апостолів, святих мучеників Фотія й Аникити, і всіх святих - помилує і спасе нас як благий і людинолюбний.","Христос, істинний Бог наш, що на горі Таворській у славі переобразився перед святими Своїми учнями й апостолами - молитвами пречистої Своєї Матері, святих славних і всехвальних апостолів, святого отця нашого Івана Золотоустого, архиєпископа Константинополя, "
Серпень,13.08,2,вв,Прп. Максима Ісповідника Віддання Переображення</i>,преподобного отця нашого Максима Ісповідника,так,віддання,,,"Священик: Христос, істинний Бог наш, що на горі Таворській у славі переобразився перед святими Своїми учнями й апостолами - молитвами пречистої Своєї Матері, святих славних і всехвальних апостолів, святого отця нашого Івана Золотоустого, архиєпископа Константинополя, преподобного отця нашого Максима Ісповідника і всіх святих - помилує і спасе нас як благий і людинолюбний.","Священик: Христос, істинний Бог наш, що на горі Таворській у славі переобразився перед святими Своїми учнями й апостолами - молитвами пречистої Своєї Матері, святих славних і всехвальних апостолів, преподобного отця нашого Максима Ісповідника і всіх святих - помилує і спасе нас як благий і людинолюбний.",
Серпень,14.08,3,ср,"🕂 Перенесення чесних мощів прп. Теодосія, ігум. Печерського 🕃 Передсвяття Успіння Пресвятої Богородиці Св. прор. Міхея","преподобного Теодосія, ігумена Печерського, якого чесних мощів перенесення сьогодні пам'ять світло звершуємо, святого пророка Міхея",так,свято,,,"Священик: Христос, істинний Бог наш - молитвами пречистої Своєї Матері, заступництвом святих славних і всехвальних апостолів, святого отця нашого Івана Золотоустого, архиєпископа Константинополя, святого, якого є храм, преподобного Теодосія, ігумена Печерського, що його чесних мощів перенесення сьогодні пам'ять світло звершуємо, святого пророка Міхея і всіх святих - помилує і спасе нас як благий і людинолюбний.","Священик: Христос, істинний Бог наш - молитвами пречистої Своєї Матері, заступництвом святих славних і всехвальних апостолів, святого, якого є храм, преподобного Теодосія, ігумена Печерського, що його чесних мощів перенесення сьогодні пам'ять світло звершуємо, святого пророка Міхея і всіх святих - помилує і спасе нас як благий і людинолюбний.","Христос, істинний Бог наш - молитвами пречистої Своєї Матері, заступництвом святих славних і всехвальних апостолів, святого отця нашого Івана Золотоустого, архиєпископа Константинополя, святого, якого є храм, преподобного Теодосія, ігумена Печерського, що його чесних мощів перенесення сьогодні пам'ять світло звершуємо, святого пророка Міхея"
Серпень,15.08,4,чт,🕀 Успіння Пресвятої Владичиці нашої Богородиці і Приснодіви Марії,,так,свято,,,"Священик: Христос, істинний Бог наш - молитвами пречистої Своєї Матері, якої Успіння сьогодні торжественне свято світло звершуємо, святих славних і всехвальних апостолів, святого отця нашого Івана Золотоустого, архиєпископа Константинополя, і всіх святих - помилує і спасе нас як благий і людинолюбний.","Священик: Христос, істинний Бог наш - молитвами пречистої Своєї Матері, якої Успіння сьогодні торжественне свято світло звершуємо, святих славних і всехвальних апостолів, і всіх святих - помилує і спасе нас як благий і людинолюбний.","Христос, істинний Бог наш - молитвами пречистої Своєї Матері, якої Успіння сьогодні торжественне свято світло звершуємо, святих славних і всехвальних апостолів, святого отця нашого Івана Золотоустого, архиєпископа Константинополя,"
Серпень,16.08,5,пт,"🕃 Перенесення з Едеси до Царгороду нерукотв. образа Господа Бога і Спаса нашого Ісуса Христа, названого святим обрусом Св. мч. Діомида","перенесення з Едеси до Царгороду нерукотворного образа Господа Бога і Спаса нашого Ісуса Христа, названого святим обрусом, святого мученика Діомида",так,свято,,,"Священик: Христос, істинний Бог наш, що невимовним провидінням раніш Своєї вільної страсти зволив на обрусі нерукотворно зобразити свого пречистого боголюдського лиця образ - молитвами пречистої Своєї Матері, якої Успіння сьогодні торжественне свято світло звершуємо, святих славних і всехвальних апостолів, святого отця нашого Івана Золотоустого, архиєпископа Константинополя, і всіх святих - помилує і спасе нас як благий і людинолюбний.","Священик: Христос, істинний Бог наш, що невимовним провидінням раніш Своєї вільної страсти зволив на обрусі нерукотворно зобразити свого пречистого боголюдського лиця образ - молитвами пречистої Своєї Матері, якої Успіння сьогодні торжественне свято світло звершуємо, святих славних і всехвальних апостолів, і всіх святих - помилує і спасе нас як благий і людинолюбний.","Христос, істинний Бог наш, що невимовним провидінням раніш Своєї вільної страсти зволив на обрусі нерукотворно зобразити свого пречистого боголюдського лиця образ - молитвами пречистої Своєї Матері, якої Успіння сьогодні торжественне свято світло звершуємо, святих славних і всехвальних апостолів, святого отця нашого Івана Золотоустого, архиєпископа Константинополя,"
Серпень,17.08,6,сб,Св. мч. Мирона,святого мученика Мирона,так,посвяття,,,"Священик: Христос, істинний Бог наш - молитвами пречистої Своєї Матері, якої Успіння сьогодні торжественне свято звершуємо, святих славних і всехвальних апостолів, святого отця нашого Івана Золотоустого, архиєпископа Константинополя, святого мученика Мирона і всіх святих - помилує і спасе нас як благий і людинолюбний.","Священик: Христос, істинний Бог наш - молитвами пречистої Своєї Матері, якої Успіння сьогодні торжественне свято звершуємо, святих славних і всехвальних апостолів, святого мученика Мирона і всіх святих - помилує і спасе нас як благий і людинолюбний.","Христос, істинний Бог наш - молитвами пречистої Своєї Матері, якої Успіння сьогодні торжественне свято світло звершуємо, святих славних і всехвальних апостолів, святого отця нашого Івана Золотоустого, архиєпископа Константинополя, "
Серпень,18.08,7,нд,Неділя 8-ма по Зісланні Святого Духа. 🕂 Спомин освяч. Патріаршого собору Воскресіння Христового в Києві Свв. мчч. Флора й Лавра,святих мучеників Флора й Лавра,так,посвяття,,,"Священик: Христос, що воскрес із мертвих, істинний Бог наш - молитвами пречистої Своєї Матері, святих славних і всехвальних апостолів, святого отця нашого Івана Золотоустого, архиєпископа Константинополя, святого, якого є храм, святих мучеників Флора й Лавра і всіх святих - помилує і спасе нас як благий і людинолюбний.","Священик: Христос, що воскрес із мертвих, істинний Бог наш - молитвами пречистої Своєї Матері, святих славних і всехвальних апостолів, святого, якого є храм, святих мучеників Флора й Лавра і всіх святих - помилує і спасе нас як благий і людинолюбний.","Христос, істинний Бог наш - молитвами пречистої Своєї Матері, якої Успіння сьогодні торжественне свято світло звершуємо, святих славних і всехвальних апостолів, святого отця нашого Івана Золотоустого, архиєпископа Константинополя, "
Серпень,19.08,1,пн,"Тиждень 9-ий по Зісланні Святого Духа. Св. мч. Андрія Стратопедарха – сотника, і тих, що з ним","святого мученика Андрія Стратопедарха – сотника, і тих, що з ним,",так,посвяття,,,"Священик: Христос, істинний Бог наш - молитвами пречистої Своєї Матері, якої Успіння сьогодні торжественне свято звершуємо, святих славних і всехвальних апостолів, святого отця нашого Івана Золотоустого, архиєпископа Константинополя, святого мученика Андрія Стратопедарха – сотника, і тих, що з ним, і всіх святих - помилує і спасе нас як благий і людинолюбний.","Священик: Христос, істинний Бог наш - молитвами пречистої Своєї Матері, якої Успіння сьогодні торжественне свято звершуємо, святих славних і всехвальних апостолів, святого мученика Андрія Стратопедарха – сотника, і тих, що з ним, і всіх святих - помилує і спасе нас як благий і людинолюбний.","Христос, істинний Бог наш - молитвами пречистої Своєї Матері, якої Успіння сьогодні торжественне свято світло звершуємо, святих славних і всехвальних апостолів, святого отця нашого Івана Золотоустого, архиєпископа Константинополя, "
Серпень,20.08,2,вв,Св. прор. Самуїла,святого пророка Самуїла,так,посвяття,,,"Священик: Христос, істинний Бог наш - молитвами пречистої Своєї Матері, якої Успіння сьогодні торжественне свято звершуємо, святих славних і всехвальних апостолів, святого отця нашого Івана Золотоустого, архиєпископа Константинополя, святого пророка Самуїла і всіх святих - помилує і спасе нас як благий і людинолюбний.","Священик: Христос, істинний Бог наш - молитвами пречистої Своєї Матері, якої Успіння сьогодні торжественне свято звершуємо, святих славних і всехвальних апостолів, святого пророка Самуїла і всіх святих - помилує і спасе нас як благий і людинолюбний.","Христос, істинний Бог наш - молитвами пречистої Своєї Матері, якої Успіння сьогодні торжественне свято світло звершуємо, святих славних і всехвальних апостолів, святого отця нашого Івана Золотоустого, архиєпископа Константинополя, "
Серпень,21.08,3,ср,Св. ап. Тадея Св. мц. Васси,"святого апостола Тадея, святої мучениці Васси",так,посвяття,,,"Священик: Христос, істинний Бог наш - молитвами пречистої Своєї Матері, якої Успіння сьогодні торжественне свято звершуємо, святих славних і всехвальних апостолів, святого отця нашого Івана Золотоустого, архиєпископа Константинополя, святого апостола Тадея, святої мучениці Васси і всіх святих - помилує і спасе нас як благий і людинолюбний.","Священик: Христос, істинний Бог наш - молитвами пречистої Своєї Матері, якої Успіння сьогодні торжественне свято звершуємо, святих славних і всехвальних апостолів, святого апостола Тадея, святої мучениці Васси і всіх святих - помилує і спасе нас як благий і людинолюбний.","Христос, істинний Бог наш - молитвами пречистої Своєї Матері, якої Успіння сьогодні торжественне свято світло звершуємо, святих славних і всехвальних апостолів, святого отця нашого Івана Золотоустого, архиєпископа Константинополя, "
Серпень,22.08,4,чт,"Св. мч. Агатоніка і тих, що з ним Блаж. сщмч. Симеона Лукача","святого мученика Агатоніка і тих, що з ним, блаженного священномученика Симеона",так,посвяття,,,"Священик: Христос, істинний Бог наш - молитвами пречистої Своєї Матері, якої Успіння сьогодні торжественне свято звершуємо, святих славних і всехвальних апостолів, святого отця нашого Івана Золотоустого, архиєпископа Константинополя, святого мученика Агатоніка і тих, що з ним, блаженного священномученика Симеона і всіх святих - помилує і спасе нас як благий і людинолюбний.","Священик: Христос, істинний Бог наш - молитвами пречистої Своєї Матері, якої Успіння сьогодні торжественне свято звершуємо, святих славних і всехвальних апостолів, святого мученика Агатоніка і тих, що з ним, блаженного священномученика Симеона і всіх святих - помилує і спасе нас як благий і людинолюбний.","Христос, істинний Бог наш - молитвами пречистої Своєї Матері, якої Успіння сьогодні торжественне свято світло звершуємо, святих славних і всехвальних апостолів, святого отця нашого Івана Золотоустого, архиєпископа Константинополя, "
Серпень,23.08,5,пт,"Св. мч. Луппа Св. сщмч. Іринея, єп. Ліонського Віддання Успіння Пресв. Богородиці</i>","святого мученика Луппа, святого священномученика Іринея, єпископа Ліонського,",так,віддання,,,"Священик: Христос, істинний Бог наш - молитвами пречистої Своєї Матері, якої Успіння сьогодні торжественне свято звершуємо, святих славних і всехвальних апостолів, святого отця нашого Івана Золотоустого, архиєпископа Константинополя, святого мученика Луппа, святого священномученика Іринея, єпископа Ліонського, і всіх святих - помилує і спасе нас як благий і людинолюбний.","Священик: Христос, істинний Бог наш - молитвами пречистої Своєї Матері, якої Успіння сьогодні торжественне свято звершуємо, святих славних і всехвальних апостолів, святого мученика Луппа, святого священномученика Іринея, єпископа Ліонського, і всіх святих - помилує і спасе нас як благий і людинолюбний.",
Серпень,24.08,6,сб,Св. сщмч. Євтиха,святого священномученика Євтиха,ні,,,,"Священик: Христос, істинний Бог наш - молитвами пречистої Своєї Матері, силою чесного і животворчого Хреста, заступництвом чесних небесних сил безтілесних, чесного і славного пророка, предтечі і хрестителя Йоана, святих славних і всехвальних апостолів, святого отця нашого Миколая, архиєпископа Мир Ликійських, чудотворця, святих славних і переможних мучеників, преподобних і богоносних отців наших, святого отця нашого Івана Золотоустого, архиєпископа Константинополя, святих і праведних богоотців Йоакима й Анни, святого, якого є храм, святого священномученика Євтиха і всіх святих - помилує і спасе нас як благий і людинолюбний.","Священик: Христос, істинний Бог наш - молитвами пречистої Своєї Матері, силою чесного і животворчого Хреста, заступництвом чесних небесних сил безтілесних, чесного і славного пророка, предтечі і хрестителя Йоана, святих славних і всехвальних апостолів, святого отця нашого Миколая, архиєпископа Мир Ликійських, чудотворця, святих славних і переможних мучеників, преподобних і богоносних отців наших, святих і праведних богоотців Йоакима й Анни, святого, якого є храм, святого священномученика Євтиха і всіх святих - помилує і спасе нас як благий і людинолюбний.",
Серпень,25.08,7,нд,Неділя 9-та по Зісланні Святого Духа. 🕃 Повернення мощів св. ап. Вартоломея Св. ап. Тита,"повернення мощів святого апостола Вартоломея, святого апостола Тита",ні,,,,"Священик: Христос, що воскрес із мертвих, істинний Бог наш - молитвами пречистої Своєї Матері, святих славних і всехвальних апостолів, святого отця нашого Івана Золотоустого, архиєпископа Константинополя, святого, якого є храм, повернення мощів святого апостола Вартоломея, святого апостола Тита і всіх святих - помилує і спасе нас як благий і людинолюбний.","Священик: Христос, що воскрес із мертвих, істинний Бог наш - молитвами пречистої Своєї Матері, святих славних і всехвальних апостолів, святого, якого є храм, повернення мощів святого апостола Вартоломея, святого апостола Тита і всіх святих - помилує і спасе нас як благий і людинолюбний.",
Серпень,26.08,1,пн,Тиждень 10-ий по Зісланні Святого Духа. Свв. мчч. Адріана й Наталії,"святих мучеників Адріана й Наталії,",ні,,,,"Священик: Христос, істинний Бог наш - молитвами пречистої Своєї Матері, заступництвом чесних небесних сил безтілесних, святих славних і всехвальних апостолів, святого отця нашого Івана Золотоустого, архиєпископа Константинополя, святого, якого є храм, святих мучеників Адріана й Наталії, і всіх святих - помилує і спасе нас як благий і людинолюбний.","Священик: Христос, істинний Бог наш - молитвами пречистої Своєї Матері, заступництвом чесних небесних сил безтілесних, святих славних і всехвальних апостолів, святого, якого є храм, святих мучеників Адріана й Наталії, і всіх святих - помилує і спасе нас як благий і людинолюбний.",
Серпень,27.08,2,вв,Прп. Пімена Блаж. прпмцц. Лаврентії Герасимів і Олімпії Біди,"преподобного отця нашого Пімена, блаженних преподобномучениць Лаврентії і Олімпії,",ні,,,,"Священик: Христос, істинний Бог наш - молитвами пречистої Своєї Матері, чесного і славного пророка, предтечі і хрестителя Івана, святих славних і всехвальних апостолів, святого отця нашого Івана Золотоустого, архиєпископа Константинополя, святого, якого є храм, преподобного отця нашого Пімена, блаженних преподобномучениць Лаврентії і Олімпії, і всіх святих - помилує і спасе нас як благий і людинолюбний.","Священик: Христос, істинний Бог наш - молитвами пречистої Своєї Матері, чесного і славного пророка, предтечі і хрестителя Івана, святих славних і всехвальних апостолів, святого, якого є храм, преподобного отця нашого Пімена, блаженних преподобномучениць Лаврентії і Олімпії, і всіх святих - помилує і спасе нас як благий і людинолюбний.",
Серпень,28.08,3,ср,"Собор прпп. отців Печерських, що споч. у дальніх печерах Прп. Мойсея Мурина Св. Августина, єп. Іппонського Св. мч. Гебре Михаїла, пресвіт. ефіопського","собор преподобних отців Печерських, що спочивають у дальніх печерах, преподобного Мойсея Мурина, святого отця нашого Августина, єпископа Іппонського, святого мученика Гебре Михаїла, пресвітера ефіопського,",ні,,,,"Священик: Христос, істинний Бог наш - молитвами пречистої Своєї Матері, силою чесного і животворчого хреста, заступництвом святих славних і всехвальних апостолів, святого отця нашого Івана Золотоустого, архиєпископа Константинополя, святого, якого є храм, собор преподобних отців Печерських, що спочивають у дальніх печерах, преподобного Мойсея Мурина, святого отця нашого Августина, єпископа Іппонського, святого мученика Гебре Михаїла, пресвітера ефіопського, і всіх святих - помилує і спасе нас як благий і людинолюбний.","Священик: Христос, істинний Бог наш - молитвами пречистої Своєї Матері, силою чесного і животворчого хреста, заступництвом святих славних і всехвальних апостолів, святого, якого є храм, собор преподобних отців Печерських, що спочивають у дальніх печерах, преподобного Мойсея Мурина, святого отця нашого Августина, єпископа Іппонського, святого мученика Гебре Михаїла, пресвітера ефіопського, і всіх святих - помилує і спасе нас як благий і людинолюбний.",
Серпень,29.08,4,чт,"🕀 Усікновення чесної голови чесного і славн. прор., предтечі і хрестителя Івана",,так,свято,,,"Священик: Христос, істинний Бог наш - молитвами пречистої Своєї Матері, чесного і славного пророка, предтечі і христителя Господнього Івана, що його чесної голови усікновення пам'ять сьогодні світло звершуємо, святого отця нашого Івана Золотоустого, архиєпископа Константинополя, і всіх святих - помилує і спасе нас як благий і людинолюбний.","Священик: Христос, істинний Бог наш - молитвами пречистої Своєї Матері, чесного і славного пророка, предтечі і христителя Господнього Івана, що його чесної голови усікновення пам'ять сьогодні світло звершуємо, і всіх святих - помилує і спасе нас як благий і людинолюбний.","Христос, істинний Бог наш - молитвами пречистої Своєї Матері, чесного і славного пророка, предтечі і христителя Господнього Івана, що його чесної голови усікновення пам'ять сьогодні світло звершуємо, святого отця нашого Івана Золотоустого, архиєпископа Константинополя,"
Серпень,30.08,5,пт,"Свв. патріархів Царгородських: Олександра, Івана й Павла Нового","святих отців наших патріархів Царгородських: Олександра, Івана й Павла Нового,",так,посвяття,,,"Священик: Христос, істинний Бог наш - молитвами пречистої Своєї Матері, чесного і славного пророка, предтечі і христителя Господнього Івана, що його чесної голови усікновення пам'ять сьогодні звершуємо, святого отця нашого Івана Золотоустого, архиєпископа Константинополя, святих отців наших патріархів Царгородських: Олександра, Івана й Павла Нового, і всіх святих - помилує і спасе нас як благий і людинолюбний.","Священик: Христос, істинний Бог наш - молитвами пречистої Своєї Матері, чесного і славного пророка, предтечі і христителя Господнього Івана, що його чесної голови усікновення пам'ять сьогодні звершуємо, святих отців наших патріархів Царгородських: Олександра, Івана й Павла Нового, і всіх святих - помилує і спасе нас як благий і людинолюбний.","Христос, істинний Бог наш - молитвами пречистої Своєї Матері, чесного і славного пророка, предтечі і христителя Господнього Івана, що його чесної голови усікновення пам'ять сьогодні світло звершуємо, святого отця нашого Івана Золотоустого, архиєпископа Константинополя, "
Серпень,31.08,6,сб,🕂 Положення чесного пояса Пресвятої Владичиці нашої Богородиці,положення чесного пояса Пресвятої Владичиці нашої Богородиці,так,свято,,,"Священик: Христос, істинний Бог наш - молитвами пречистої Своєї Матері, Пресвятої Владичиці нашої Богородиці, що її чесного пояса положення сьогодні пам'ять світло звершуємо, святих славних і всехвальних апостолів, святого отця нашого Івана Золотоустого, архиєпископа Константинополя, і всіх святих - помилує і спасе нас як благий і людинолюбний.","Священик: Христос, істинний Бог наш - молитвами пречистої Своєї Матері, Пресвятої Владичиці нашої Богородиці, що її чесного пояса положення сьогодні пам'ять світло звершуємо, святих славних і всехвальних апостолів, і всіх святих - помилує і спасе нас як благий і людинолюбний.","Христос, істинний Бог наш - молитвами пречистої Своєї Матері, Пресвятої Владичиці нашої Богородиці, що її чесного пояса положення сьогодні пам'ять світло звершуємо, святих славних і всехвальних апостолів, святого отця нашого Івана Золотоустого, архиєпископа Константинополя,"